utc_time,lat_deg,lon_deg,alt_m,vx_mps,vy_mps,vz_mps,speed_mps,n_sat
2026-03-22T06:44:26.416Z,32.16885238140358,34.813309836275415,31.05580996349454,0.18433417169618796,0.1452121395942477,-0.08171719622942268,0.24848209694071918,5
2026-03-22T06:44:27.416Z,32.16880972211764,34.81325301231087,36.63227420086041,0.01127090811996613,0.001607001345775357,-0.00688458645865654,0.013304636555756014,5
2026-03-22T06:44:28.416Z,32.16887595041873,34.81333738612875,34.76784821039997,0.033198743916953835,-0.008095115802157847,-0.013295411820540183,0.036666817055637436,5
2026-03-22T06:44:29.416Z,32.16887202388386,34.81338587328292,32.30610120044369,0.010863515303898189,0.01447368967176008,0.0027274415126957215,0.01830143695663323,5
2026-03-22T06:44:30.416Z,32.1688031197014,34.81334498718794,37.06595339738307,-0.12162298403991675,-0.0458756819361186,-0.06166213791198164,0.1438712886289478,5
2026-03-22T06:44:31.416Z,32.16890735665131,34.813338777665024,34.708695250138234,-1.5743558281629386,-1.681387218844453,0.9046202406333211,2.4746710959494362,5
2026-03-22T06:44:32.416Z,32.16883766292719,34.8133842886693,38.969564620201005,-0.6586228571627138,-0.2560967575121949,-0.10735808866539857,0.7147694568092037,5
2026-03-22T06:44:33.416Z,32.168784403064755,34.81330020489649,36.61663898271168,0.21076731238611823,0.14472143487411906,0.11766012151698223,0.28144459113275294,5
2026-03-22T06:44:34.416Z,32.16885963542572,34.81340511012555,33.51668531459983,-0.09596492018626213,-0.013456396957861792,-0.017091295636820235,0.09839945585209504,5
2026-03-22T06:44:35.416Z,32.16882938167841,34.81327938691169,33.20017981668255,-0.007703093490742401,-0.021483458000890826,-0.016654924791713228,0.028253550871010565,5
2026-03-22T06:44:36.416Z,32.16884319747662,34.81334398226414,33.242685633846456,0.02334692843111658,-0.01052680107597193,-0.018242082184181687,0.031443062358415444,5
2026-03-22T06:44:37.416Z,32.168809197590726,34.81329465525772,30.74025845937563,0.025033761713114583,0.024738541109457297,0.0008136637945591521,0.03520435612965939,5
2026-03-22T06:44:38.416Z,32.16882656093595,34.81330785443909,33.76899037582892,-0.021703255164146645,-0.012514996678660283,-0.02439870733323784,0.03497074986499331,5
2026-03-22T06:44:39.416Z,32.16881182355696,34.81333922512668,33.64467993178097,-0.0018916950118137209,-0.0025758149762936684,-0.014339992513831548,0.014691790840689384,5
2026-03-22T06:44:40.416Z,32.168785308869126,34.81328538038293,35.568702276230496,0.015681005959708928,0.015804933183738015,0.004583749655669162,0.02273104972843747,5
2026-03-22T06:44:41.416Z,32.168814727367156,34.81334094644748,36.85141928566143,0.018866017447449788,0.02873065210988369,0.01396271497567935,0.0370989810436716,5
2026-03-22T06:44:42.416Z,32.16879060638972,34.81332008308847,37.30339150954263,-0.006811891407281293,-0.01898518511111013,-0.01957919610192787,0.028110212347925406,5
2026-03-22T06:44:43.416Z,32.16878543614237,34.81329904385822,40.48904603383475,-0.057144358429932464,-0.10056798889470468,-0.10318513896575378,0.1550050676399838,5
2026-03-22T06:44:44.416Z,32.16880459105561,34.81329620331329,42.0134038929574,0.0001692338047052022,0.012330056778594957,-0.005259542339999376,0.013406033189212851,5
2026-03-22T06:44:45.416Z,32.16879130721999,34.813313652162485,41.49844084943732,0.009912401680031574,0.007516167628219064,-0.008451380478921789,0.015039092887580728,5
2026-03-22T06:44:46.416Z,32.168756644757984,34.813267129327855,45.87659162104284,0.2613288597540284,0.07653816090440622,0.04604523221704152,0.2761720956666164,5
2026-03-22T06:44:47.416Z,32.16876202323287,34.81331054908504,46.35227984474707,-0.003201844779459159,0.004310454650840483,-0.012469752826313896,0.013576691969624473,5
2026-03-22T06:44:48.416Z,32.16883284975997,34.8133545014463,46.05786108471454,-0.15519381721454856,-0.05067404024289223,-0.05658990390153397,0.17278714211348548,5
2026-03-22T06:44:49.416Z,32.16879344791805,34.81324142128744,48.71749421325326,0.021293779121003133,0.01494699857465838,0.007998445204359095,0.027217878707423978,5
2026-03-22T06:44:50.416Z,32.16879424333141,34.81326220244219,46.04788583849892,0.002392833825209125,-0.012073160697628893,-0.020240068277034153,0.023688546321056513,5
2026-03-22T06:44:51.416Z,32.16888588206714,34.81335083504557,40.707642814052775,0.005088781094386339,0.004265134473812293,-0.001641066864318178,0.006839602734037188,5
2026-03-22T06:44:52.416Z,32.16884328119947,34.813353966165145,38.46936456340464,0.016403281187553333,0.02787787609302679,0.008023817914282028,0.03332604481629419,5
2026-03-22T06:44:53.416Z,32.168843424468754,34.81333103521985,41.37010456388978,0.025382972886464766,-0.006052590255962506,-0.004153218944833082,0.026423065472524154,5
2026-03-22T06:44:54.416Z,32.16885354999324,34.813337479917394,35.356521282020225,0.015506908057182354,0.020510305142992836,0.005941888504496462,0.026390203742155015,5
2026-03-22T06:44:55.416Z,32.16877823217148,34.813335734505415,43.00167120504737,0.03909452208214603,-0.1121222111500761,-0.27439647561170016,0.29898695242123197,5
2026-03-22T06:44:56.416Z,32.16883572414707,34.81330955848542,40.625127435037015,-0.5820367642691893,-0.43736991821423815,-0.22903265636603606,0.7632268326007412,5
2026-03-22T06:44:57.416Z,32.16882756161592,34.813300949248834,40.75477230467867,0.004244899981635561,0.016215819697976704,0.006289274620024101,0.017903266729216157,5
2026-03-22T06:44:58.416Z,32.16885200962283,34.81330979359601,39.3415539650165,0.011471934627577023,-0.002835207769251584,-0.001427216583587723,0.011902967460708826,5
2026-03-22T06:44:59.416Z,32.16885082137537,34.8132922834934,38.00436100948031,0.022981109060370205,-0.0019577530006760963,-0.014880420951079472,0.027447970747172014,5
2026-03-22T06:45:00.416Z,32.16886646151259,34.81333140394035,44.08481809607866,-0.02290269277272058,-0.012323015202540257,-0.039354203236789426,0.0471714251674273,5
2026-03-22T06:45:01.416Z,32.16878470451622,34.81320860458853,36.71307708233054,0.3364711994234281,0.5504899412950773,0.5178577857882468,0.8273020789348977,5
2026-03-22T06:45:02.416Z,32.16878837844399,34.81329338950708,38.937863778624624,-0.08503337851704004,-0.15078070204256333,-0.15529898007450643,0.23255809765014077,5
2026-03-22T06:45:03.416Z,32.16862625336254,34.81335112579428,45.39293255929533,-0.4286468762005898,-0.49394586095375864,-0.06278435657972736,0.6570102993568699,6
2026-03-22T06:45:04.416Z,32.168685043613706,34.813421106511086,50.12442394015261,-0.33893927004385727,0.0903722115143703,-0.3136942763539284,0.4705858735757754,7
2026-03-22T06:45:05.416Z,32.168809340932384,34.8132547451004,46.567563649932026,-0.004736002636686213,0.0057804891328837515,-0.011460433675344052,0.013681568463339497,5
2026-03-22T06:45:06.416Z,32.16879915384341,34.81329225522873,51.80011498574156,0.025426879320762246,-0.01306488224794811,-0.018046301921714716,0.03380660221310389,5
2026-03-22T06:45:07.416Z,32.16877625341508,34.813310050319735,55.593094346150664,-0.011126674401918238,0.0034690625393422464,0.004354003789548334,0.012441648891829873,6
2026-03-22T06:45:08.416Z,32.168669109642515,34.81340006105021,61.2950034740641,0.4136678753189818,0.4487962664373268,0.0014408842259320347,0.6103615944555795,6
2026-03-22T06:45:09.416Z,32.16882112870713,34.81327252521744,53.703527946983975,0.3211430251451833,-0.10817882148424235,-0.10315712903785788,0.35422717751247246,5
2026-03-22T06:45:10.416Z,32.16881037754015,34.81329369832285,53.33378565499623,-1.3577111738007412,-0.4545172693500596,0.057059784128672686,1.4329066259061098,5
2026-03-22T06:45:11.416Z,32.16880404186871,34.813249107543946,48.92791285544119,0.022742176275390904,0.028411660893718042,0.012994248009239547,0.03864297527114347,5
2026-03-22T06:45:12.416Z,32.1686684566251,34.813370693970164,49.36263054184627,0.5511732634440982,0.642853145312658,0.008822726305836864,0.8468352692663801,6
2026-03-22T06:45:13.416Z,32.1687870112053,34.81327990024113,44.47224671236061,-0.12721350533883602,-0.22122502489439724,-0.23028490041288682,0.34373670583499505,5
2026-03-22T06:45:14.416Z,32.16877841210191,34.813229554348375,38.299521297137865,-0.14382185557459864,-0.25511939269981854,-0.264956662707615,0.3949337460709097,5
2026-03-22T06:45:15.416Z,32.1687322704694,34.813299495235626,40.26421683508992,-0.24247317937656773,-0.36311726295413477,-0.3861295272012202,0.5828751162546926,5
2026-03-22T06:45:16.416Z,32.16882027545596,34.813413989534894,52.35380702690097,-0.13653600549866787,-0.2355776557756275,-0.23710325558753326,0.3610496731870553,5
2026-03-22T06:45:17.416Z,32.16887544638235,34.8134428001853,50.864750251812914,0.044764881051347086,0.055672818154098656,0.03827256843717082,0.08104410374319969,5
2026-03-22T06:45:18.416Z,32.16880832393985,34.81336900064465,44.78991246379934,-0.0013690054357411064,-0.008879590989721535,-0.012759089566080295,0.015604988900447562,5
2026-03-22T06:45:19.416Z,32.16868393179872,34.81344433736883,43.348042060133224,0.3564800627695892,0.36103166553697846,-0.06889458314683158,0.5120237907163989,6
2026-03-22T06:45:20.416Z,32.168752038224206,34.81339277824193,43.35171165078256,0.2799896026076286,0.2679953438694837,0.04840165941667151,0.39058725342538775,6
2026-03-22T06:45:21.416Z,32.16877644952882,34.81327973484739,46.92071205908742,0.07006501922913407,-0.41133157753593813,0.1537829989194221,0.44469313504306923,6
2026-03-22T06:45:22.416Z,32.16881723599631,34.81328085290808,45.75095890834213,0.43073363471918424,-0.8025252872005011,-0.00778483835857364,0.9108451593892979,5
2026-03-22T06:45:23.416Z,32.16872633491076,34.81342713063616,41.51453405422589,1.4338472811861835,0.16173538774852717,-0.09996491671120734,1.4463987506867724,7
2026-03-22T06:45:24.416Z,32.16871123508936,34.81322817807526,43.57041882102027,0.45626564298893135,-0.47723720370904105,0.08530224028477222,0.6657403080584265,7
2026-03-22T06:45:25.416Z,32.16890703889712,34.813351268730045,54.413745483316816,0.3864589288110521,-0.08649854570098241,0.0724558426893506,0.4025945245603754,7
2026-03-22T06:45:26.416Z,32.168863301588445,34.8133160098006,50.69399456544765,0.6681303544604521,-0.7481906701057095,-0.059613662592625974,1.0048588150344242,5
2026-03-22T06:45:27.416Z,,,,,,,,0
2026-03-22T06:45:28.416Z,32.168888990767776,34.8133706176339,58.06045087621072,-0.012095250581130179,-0.1453792957877737,-0.10684465921602924,0.1808237150745409,5
2026-03-22T06:45:29.416Z,,,,,,,,0
2026-03-22T06:45:30.416Z,32.168881508475515,34.81303707506377,56.89547811277157,-0.7587240482573361,0.1524482009483631,-1.5731022945835753,1.7531552882162216,7
2026-03-22T06:45:31.416Z,32.168825098647396,34.81324049744749,54.6928607288856,0.6878163709897751,0.9717098044601972,-1.1222604235839546,1.6360867222211835,7
2026-03-22T06:45:32.416Z,32.168810037722956,34.81318915572628,51.02496939810749,0.7268043146130528,0.15348685948096397,-0.9303483855788658,1.1905254496745044,8
2026-03-22T06:45:33.416Z,32.16874816234547,34.81324250424064,48.87980123101518,0.6134125331865025,0.22926011214722974,-0.721808589779715,0.9745987765084785,8
2026-03-22T06:45:34.416Z,32.16873511428843,34.81313543938234,44.002551332193775,0.21209473346761681,0.09105371929374069,-0.212659485957079,0.31384552367279644,7
2026-03-22T06:45:35.416Z,32.168802117939585,34.813187892201164,48.295064663661975,-0.16680630511913266,-0.0470158839276024,-0.026246268390302207,0.1752817827767813,7
2026-03-22T06:45:36.416Z,32.1687558323351,34.813197098945295,44.82306329040867,-0.26891146769332813,-0.2628632421389793,0.3044486214459476,0.4838382215422149,6
2026-03-22T06:45:37.416Z,32.16879703839677,34.81322633997058,37.78638913072421,0.5337298726831852,-0.3307036869172005,1.0280331524896047,1.204609757619767,8
2026-03-22T06:45:38.416Z,32.16880514014782,34.81322453454646,42.80652636105037,-0.17655588310307013,-0.37653095214962345,0.7492997580347441,0.8569700491708757,8
2026-03-22T06:45:39.416Z,32.16886213041474,34.813183600195124,37.902630776923914,-0.7631953191044849,0.16274692841021537,0.4967485082835102,0.9250474248879617,6
2026-03-22T06:45:40.416Z,32.168692669810355,34.81326623411608,42.007076982472995,-0.4863288561259341,0.026712924259214534,0.30860594283509224,0.576599483676819,7
2026-03-22T06:45:41.416Z,32.1687978756267,34.81324039029985,40.66263446393262,0.1080669968487568,-0.09439696135679415,-0.0670323789792962,0.1583748779097534,5
2026-03-22T06:45:42.416Z,32.16877324125545,34.81327141011186,38.81014364805425,0.8555007393007289,-0.785670241060936,-0.2685400190921046,1.1921715415521505,7
2026-03-22T06:45:43.416Z,32.16872302382905,34.81319554747596,37.72138978061699,1.073853079966139,-1.1657328113353371,0.6185599884554174,1.7013846960915446,7
2026-03-22T06:45:44.416Z,32.168805112264266,34.81318908789761,37.68145433151931,1.1754688616451026,-1.6828024286865666,0.23289262996877658,2.0658630244487206,8
2026-03-22T06:45:45.416Z,32.16886177369339,34.81316512074783,34.849745191567365,0.5316709888681848,-2.157421007555215,-0.6724939454822402,2.321505449262375,8
2026-03-22T06:45:46.416Z,32.16874511589633,34.813146257579966,38.461504978547005,1.6663614247074297,-1.6420959164167606,-0.1662819216331289,2.3453974234503585,8
2026-03-22T06:45:47.416Z,32.168729179704755,34.813104039886056,37.16133839796772,2.0433802289444443,-2.200109822105768,-0.26111531038157365,3.0139786320879898,7
2026-03-22T06:45:48.416Z,32.16881653721259,34.8131027722944,33.36555527309009,1.7826942273041158,-2.778810478665481,-0.002351454014161027,3.301483289938097,5
2026-03-22T06:45:49.416Z,32.168786458798266,34.81300147187289,29.821366602639106,1.9719720369663714,-2.6359899215029605,0.27868145191095517,3.303752401812473,7
2026-03-22T06:45:50.416Z,32.168823309838615,34.8130307269752,32.31172468779914,1.9595756179988126,-3.144073930037433,0.23083546482128892,3.7119297531089837,7
2026-03-22T06:45:51.416Z,32.16878406755575,34.81293054913655,33.835705858752405,1.547373062898907,-3.4617855876688157,-0.07167704809849748,3.7925532890126656,7
2026-03-22T06:45:52.416Z,32.16878140761653,34.812852457394996,37.343611435753296,2.1822421134685226,-3.645546799750527,0.12606377810013136,4.250656912421391,7
2026-03-22T06:45:53.416Z,32.16879505111676,34.8127391852881,41.284636392389515,1.1172254348508082,-3.811937114433764,-0.0666163132849536,3.972844694909539,8
2026-03-22T06:45:54.416Z,32.16882088680719,34.81282591976502,37.67658825321008,2.203175505616953,-4.385867809504228,0.2103194883023347,4.912642164676325,8
2026-03-22T06:45:55.416Z,32.16879827324055,34.812722104507436,37.434906957456036,2.591611644278088,-4.409532144694017,0.08929343297796662,5.1155056413829305,8
2026-03-22T06:45:56.416Z,32.16880394590508,34.81271332467424,38.17002401895671,2.7327393508540547,-4.704530570255627,0.14953913202431535,5.442686303488614,8
2026-03-22T06:45:57.416Z,32.16884272828106,34.8126506280051,37.91652611947327,2.9336256243316545,-4.764168081875076,0.16036477341170471,5.597246972989839,8
2026-03-22T06:45:58.416Z,32.168829486748024,34.812577627798206,34.547674219670526,2.764738778843854,-5.303925335792106,0.06994495583921256,5.981663379006525,8
2026-03-22T06:45:59.416Z,32.16879829711134,34.81253210248052,35.694863090022245,3.351247446489777,-4.656716669696317,0.18231659000778908,5.740131438253298,8
2026-03-22T06:46:00.416Z,32.16883568991766,34.8124704677055,33.09524791603678,1.9799983638964478,-5.232386609217661,-0.32181617902462745,5.603733469967582,7
2026-03-22T06:46:01.416Z,32.16887511709396,34.81230830800547,39.647544074308385,2.368591149151743,-4.806573881741072,-0.1038941115012299,5.359493492754706,8
2026-03-22T06:46:02.416Z,32.16877010688966,34.81231617037092,34.456147656429366,1.4564990593505223,-4.275105470209119,1.049910010913683,4.636833760478982,5
2026-03-22T06:46:03.416Z,32.168763225550016,34.81231057106524,33.40820912191593,4.392036584286049,-4.35802517372922,1.0987180248985857,6.2840711382671115,7
2026-03-22T06:46:04.416Z,32.16879823220793,34.81217997804896,33.426943529581294,3.213228998821567,-4.817795722323584,0.3897769760952449,5.8041297635391675,7
2026-03-22T06:46:05.416Z,32.16872845095611,34.812051894124004,33.37212769578987,1.0145486973807072,-5.373861315625735,-0.6028715551868931,5.501922265080552,6
2026-03-22T06:46:06.416Z,32.16882881478974,34.81200036243912,38.33366204033311,4.2539201634935235,-4.502454197558726,1.0768137693127022,6.287086642656707,6
2026-03-22T06:46:07.416Z,32.168872998732546,34.81211472432406,30.00257064146063,2.953452464989997,-4.0529756716438445,0.4445065718912668,5.034588299985103,5
2026-03-22T06:46:08.416Z,32.16883423739152,34.811934065759125,33.01421075013983,1.8428349339256596,-3.4462151324187125,0.10233915861026649,3.909336597940061,6
2026-03-22T06:46:09.416Z,32.16878639396803,34.81187482965555,34.82698170705036,1.5742774883402533,-3.2671399923093625,-0.016664856384993928,3.6266832032975325,7
2026-03-22T06:46:10.416Z,32.16878811853284,34.811849301161054,35.54327988334002,2.7179586547937196,-3.596627630100633,0.044406886821093276,4.508325801266865,7
2026-03-22T06:46:11.416Z,32.16883937713052,34.81179199295564,33.808624754022816,1.8031178620324788,-4.716713388350614,-0.902702146649382,5.129667667382743,7
2026-03-22T06:46:12.416Z,32.16882500321433,34.811767476641116,31.161971806940816,3.0642132903653825,-4.213025231964331,-0.8769496208867685,5.282804684217788,6
2026-03-22T06:46:13.416Z,32.168793997869216,34.811699282006884,30.783451398829783,2.6461155070845357,-4.77665435944379,-1.7763920774989972,5.742292482922462,7
2026-03-22T06:46:14.416Z,32.16878746939534,34.81172683270583,28.47658903933725,1.5563357434287692,-4.165671963770323,-1.6448550160297941,4.741366035202772,7
2026-03-22T06:46:15.416Z,32.16872966821281,34.81153571478766,31.79200265591728,4.0091591663387,-4.290059751847334,-1.4703389514397716,6.053087355026279,7
2026-03-22T06:46:16.416Z,32.16872931058559,34.8115074004044,31.980848559517625,4.004619639104882,-5.043372061818007,-1.4201149010023482,6.594642260189694,6
2026-03-22T06:46:17.416Z,32.16871030342635,34.811367058884706,42.645301261316014,4.375937313612851,-4.867124263047851,-0.9833591803301468,6.618513522095268,6
2026-03-22T06:46:18.416Z,32.168745614290856,34.811157125396676,50.822689059235586,3.508390563240177,-4.616543292948994,-0.9245116991985503,5.871626538009724,7
2026-03-22T06:46:19.416Z,32.16872149219568,34.811228760722,50.09897737999812,2.419702081501502,-5.148911670230172,-1.2059440657560274,5.815543881769558,7
2026-03-22T06:46:20.416Z,32.16866915938453,34.8112346793311,41.26318051728769,3.8070081587249245,-5.38128829408452,-1.25575362721785,6.710327264516986,7
2026-03-22T06:46:21.416Z,32.16874134117413,34.81116341393514,36.58912188342923,3.820281801372871,-5.595585658878177,-0.7910200064255747,6.821352106313629,7
2026-03-22T06:46:22.416Z,32.168748648290155,34.811104849879385,32.55949127000768,3.406618802153007,-5.728570869739258,-0.43321724531179473,6.679015874696146,6
2026-03-22T06:46:23.416Z,32.16873206808993,34.81101686210255,28.02451271027242,3.7759271239017607,-5.687289858453738,-0.018016611640188824,6.826654830689974,6
2026-03-22T06:46:24.416Z,32.16872115486689,34.81093955718373,29.07592604744002,3.472080008114613,-5.751674633186374,0.20871096690111263,6.721656115608234,6
2026-03-22T06:46:25.416Z,32.16874122002571,34.81093266799748,27.2177884884804,3.790110595514322,-5.446073403662903,0.9999391258593885,6.71003219811491,6
2026-03-22T06:46:26.416Z,32.1687014018689,34.810849723844626,25.400512448984202,3.7261162900623432,-5.68887527655196,1.4963657022991934,6.9632144038690535,6
2026-03-22T06:46:27.416Z,32.168698228286935,34.8107014529674,29.713359964503816,2.262788871889707,-5.86698377359942,0.6609285607970561,6.322858423284839,6
2026-03-22T06:46:28.416Z,32.168692317597774,34.810661567890655,34.91723426712531,1.874107512823491,-5.089076957070311,0.38323106724991396,5.436713096670725,7
2026-03-22T06:46:29.416Z,32.16866887876857,34.81058922960669,35.54573708419959,2.534581000928771,-2.8681890876642986,0.5499243772857362,3.866914314230244,8
2026-03-22T06:46:30.416Z,32.16875375589253,34.8105645621703,36.038219922733525,0.5386877379776809,-1.9881545649441674,-0.274207471060849,2.0780117397025046,8
2026-03-22T06:46:31.416Z,32.16876817599772,34.81044332758708,35.086641343016474,1.2309383195026382,-1.3618843077778588,-0.451585021321972,1.8904674146025164,7
2026-03-22T06:46:32.416Z,32.168647131941114,34.810368221946675,40.1585983949518,0.19875707156392544,-0.6323248999082872,-1.7704247134414206,1.8904345581121895,7
2026-03-22T06:46:33.416Z,32.168652413148266,34.81035014205085,45.46952340203832,-2.0931815941094034,-1.3903144233215048,-3.8556718648845307,4.602237381022012,7
2026-03-22T06:46:34.416Z,32.16868788687419,34.81052291298852,37.43349576227433,1.0349248977379049,-0.7120825240444381,-4.339461855542013,4.517638792633984,6
2026-03-22T06:46:35.416Z,32.16860185148287,34.81056895020192,34.63039058003248,0.49845686000903344,-1.7711595468500094,-4.601220036399856,4.9554708358596455,8
2026-03-22T06:46:36.416Z,32.1686080083391,34.81046806739458,32.01323102001617,3.433257819450877,0.08177207103920314,-4.139838158498048,5.378866600407482,6
2026-03-22T06:46:37.416Z,32.168500914115484,34.81046195997135,35.41134418239433,3.3945997728930677,0.58689201696786,-4.687578598306021,5.817314068623329,6
2026-03-22T06:46:38.416Z,32.16841479429889,34.81040007886077,41.20878515689365,-0.06433556948147731,-0.6634171278631754,-5.902775135179854,5.940287505461354,7
2026-03-22T06:46:39.416Z,32.16840640693989,34.81036847823622,42.077692633709844,-0.05197700422538439,-1.4728444440445005,-5.804265939377413,5.98844516217171,7
2026-03-22T06:46:40.416Z,32.16838809526065,34.810387084069475,38.033314496801864,2.6614720805592125,-0.15754681729980138,-5.397940316300918,6.020466285395537,8
2026-03-22T06:46:41.416Z,32.168303946265105,34.81047038092977,37.40219639585649,2.809567237113427,-0.35971720516514033,-5.365899754154502,6.067614415830025,8
2026-03-22T06:46:42.416Z,32.16819931916623,34.81039666184685,38.317067720261605,1.7798743732857207,-1.7595819290185526,-5.918178525212153,6.425645368824068,7
2026-03-22T06:46:43.416Z,32.1682515783319,34.81032662242728,36.517040034196945,1.3878874058165407,-0.7865327183981946,-5.646971116697031,5.86797647925974,7
2026-03-22T06:46:44.416Z,32.168199745487016,34.81035825522981,37.38700158752478,3.186377155998509,-0.5524645127226999,-4.7906209507529685,5.779988366067907,8
2026-03-22T06:46:45.416Z,32.16803207477462,34.81039614789629,37.42058372240125,0.9034457833557028,-1.8914875105688136,-5.105073840909573,5.518669967233068,8
2026-03-22T06:46:46.416Z,32.168089335557895,34.81022686256176,35.741948884693045,-0.8222205154177945,-1.8210537764625143,-6.845408557181639,7.131051938352287,7
2026-03-22T06:46:47.416Z,32.16804061596431,34.81014987640755,34.36604208390745,2.559630172812165,-1.870294338415045,-4.043622782281218,5.138150712003444,6
2026-03-22T06:46:48.416Z,32.16784310199834,34.81015819890673,39.37069867047005,3.742824909762925,-1.6547278798917304,-5.065523025446835,6.512018595102818,6
2026-03-22T06:46:49.416Z,32.167907075682166,34.81017751138428,36.58212240003927,4.6948617006321225,-1.6604263175200529,-4.892774301697539,6.981259364278582,5
2026-03-22T06:46:50.416Z,32.16788267333074,34.81009804892036,33.46232567823175,4.5966328991225875,-1.983750268003674,-4.825157568676065,6.953160770300992,6
2026-03-22T06:46:51.416Z,32.167675579009,34.81019970019124,40.261870473081814,4.043284175085685,-2.6860844020316925,-5.066783320715291,7.016800521207294,8
2026-03-22T06:46:52.416Z,32.1677364798238,34.810044391750516,35.39079313547632,5.04870046353013,-2.3865239778301053,-4.577141608215958,7.220463861059699,8
2026-03-22T06:46:53.416Z,32.16775643847027,34.80988899319201,33.178790902313885,4.997937931195545,-2.633428645362339,-4.696665813622126,7.346631864953144,8
2026-03-22T06:46:54.416Z,32.16775663165338,34.80984943999612,32.77349515491685,4.675411080827151,-3.463639039819921,-4.498333323517482,7.354676530096603,6
2026-03-22T06:46:55.416Z,32.16759581762217,34.80973768439778,33.44663769206675,3.634345629887555,-3.7070424203367316,-5.16650416835556,7.324165275667539,7
2026-03-22T06:46:56.416Z,32.16749063707104,34.80973671873874,31.09430431053306,4.416859185846551,-3.333669269758035,-4.901324997807129,7.392224469119913,7
2026-03-22T06:46:57.416Z,32.167523732296566,34.8097322424856,30.68538429167306,4.849248964934041,-3.098700609457116,-4.5503436736179195,7.336401606986793,6
2026-03-22T06:46:58.416Z,32.167507193346005,34.80971232358301,30.326687383220886,2.987799925898482,-3.0870800820661155,-4.9877564849907765,6.582911710167155,7
2026-03-22T06:46:59.416Z,32.16748423487462,34.80957103161469,27.041669746037726,3.2099883127566233,-3.737773203539317,-4.575920331937177,6.724137147126517,6
2026-03-22T06:47:00.416Z,32.16726332023666,34.80963776189916,31.02682344883803,4.3762268245572,-1.6457654468370249,-4.7188364195037185,6.642839925815715,6
2026-03-22T06:47:01.416Z,32.16733547188738,34.80943462853211,32.70499167490464,3.199264008773259,-2.85469958754835,-4.584126583795725,6.276847653818223,7
2026-03-22T06:47:02.416Z,32.167268836090315,34.80944449011516,32.56128336837687,4.17309212674329,-2.9960199374946925,-4.53239933265911,6.850801199483261,7
2026-03-22T06:47:03.416Z,32.167230504070645,34.80925896615221,36.889263406972674,4.795911143185621,-3.1667866475836695,-4.836774252301383,7.51157017755754,6
2026-03-22T06:47:04.416Z,32.16722477165033,34.80924118225131,36.13197808455071,5.208950709495093,-3.5127228863331217,-4.902412071632064,7.969067303656163,7
2026-03-22T06:47:05.416Z,32.1671917171436,34.80919466656479,32.94407614289173,5.1392053519455105,-3.1235606848176785,-5.005723066420298,7.8246614251925495,6
2026-03-22T06:47:06.416Z,32.167079413051425,34.80915961258418,31.83858606812024,4.740246016969829,-3.1321073871213327,-5.023653537172508,7.584004473060666,6
2026-03-22T06:47:07.416Z,32.16702672516177,34.80902147275366,35.88867562306587,5.700206132518221,-2.9886302366678765,-4.433421690594848,7.81533675098909,7
2026-03-22T06:47:08.416Z,32.16703432911904,34.80904702444588,37.66872116943687,5.527215019968954,-2.9107437865121715,-4.4012130874152655,7.641545125727193,7
2026-03-22T06:47:09.416Z,32.16698281257789,34.809002802686095,34.30874049659165,5.9864314319866105,-2.7243638703344772,-3.6106932758175097,7.503107737457519,7
2026-03-22T06:47:10.416Z,32.16696184729333,34.80895053410385,30.669560601717876,4.535788798884607,-2.642973447237988,-3.629148419400631,6.381959489132646,7
2026-03-22T06:47:11.416Z,32.16693069647154,34.80894877195881,31.13101575266287,3.7127137375034693,-2.1266070627655687,-2.3761018962567637,4.894135379967167,7
2026-03-22T06:47:12.416Z,32.166821442606334,34.8089769924106,30.666979420618965,2.0074718962137075,-1.6243868384177416,-1.9161879715541057,3.2156418266407227,8
2026-03-22T06:47:13.416Z,32.166771340012716,34.80897684618229,33.417427119487996,0.8695812560603949,-0.6737104557186047,-0.7790343506408218,1.347943566516978,7
2026-03-22T06:47:14.416Z,32.16683440799887,34.80883288731803,29.70851220317769,0.9180712408129089,-1.2874606955167387,-0.46346582186269775,1.6477895538396474,8
2026-03-22T06:47:15.416Z,32.166899607584504,34.80879406971595,28.977956412691988,1.5417196058400904,-2.557375717171074,0.02639872226679902,2.9862630149310876,9
2026-03-22T06:47:16.416Z,32.166964723254466,34.80874361689098,36.15004540202159,1.7860053197006107,-3.592401030890099,1.6039064739404991,4.3206106218782745,9
2026-03-22T06:47:17.416Z,32.16688899136502,34.80875066255413,30.800799848655824,1.8595222862696135,-4.62164352235082,1.8535072739919838,5.315345820881447,8
2026-03-22T06:47:18.416Z,32.166902867532976,34.808677259917005,27.350449611906186,2.285940501950406,-5.495669236006359,2.341120367104475,6.395994754791109,7
2026-03-22T06:47:19.416Z,32.16696918181214,34.80852549886726,31.043556304886717,2.4629760159363303,-6.180689121220584,2.5220044753795445,7.11531274380027,7
2026-03-22T06:47:20.416Z,32.16688509285268,34.80848270802906,29.455033627877974,2.32251075119466,-6.475781411309381,2.575200842718216,7.345846476534308,7
2026-03-22T06:47:21.416Z,32.16700158672812,34.80837857396612,32.587325857584666,2.0354503600411054,-6.100745899092668,2.485585170685719,6.894946869571964,7
2026-03-22T06:47:22.416Z,32.16699303893884,34.80836691312976,31.31354622675453,2.6882408407854768,-5.625176383923356,2.502885315472689,6.718160691046685,7
2026-03-22T06:47:23.416Z,32.167011313339835,34.80829999899308,33.54710958273765,2.607411399451901,-5.696588198850072,2.41185043951967,6.713176137707162,7
2026-03-22T06:47:24.416Z,32.16704890906229,34.808265507241686,27.71114907768333,2.481521243411292,-6.04934577348936,2.423300647926042,6.973156960729758,6
2026-03-22T06:47:25.416Z,32.16703948104407,34.80814692956578,29.470642521479476,2.5984731883422985,-6.140730850081439,2.456698690555843,7.106054231418058,6
2026-03-22T06:47:26.416Z,32.16712082009887,34.80809275787163,28.851848268253477,3.5283141146141626,-6.066003011391575,2.7760304805484672,7.546637546254049,6
2026-03-22T06:47:27.416Z,32.1671756923275,34.80795781039183,35.14620893879608,1.3591455232192704,-6.955037072579405,0.7392214464357401,7.125044952918643,7
2026-03-22T06:47:28.416Z,32.16714387466601,34.80794934594151,33.52363494601064,3.2640309824175344,-6.658147170333046,2.858057216094113,7.946905878797304,6
2026-03-22T06:47:29.416Z,32.167164803508854,34.8078737632573,34.387502557717,3.3739409141293097,-6.764608454741824,2.6268985673649676,8.0027495850629,7
2026-03-22T06:47:30.416Z,32.167233420741816,34.80771247410427,35.36938680698108,3.568586421656021,-7.442618494507557,3.0011363506011173,8.782607727691875,8
2026-03-22T06:47:31.416Z,32.167279176389904,34.807661538697054,32.62733737427982,3.5274549404925435,-7.461165917524557,3.379149629386251,8.917992342664158,7
2026-03-22T06:47:32.416Z,32.16731293356061,34.80762595654088,28.491668319763434,3.4703077701121994,-7.7643462084114265,3.1581382470837687,9.072041955980326,6
2026-03-22T06:47:33.416Z,32.16726927343129,34.8075841235268,30.43604037512658,4.060097375542167,-7.510260682564179,3.6017515111408276,9.266122175266146,6
2026-03-22T06:47:34.416Z,32.167367930209785,34.80742973327007,30.39657761008315,3.8000356673012976,-8.315524947523215,3.7891327802263532,9.896754692919739,6
2026-03-22T06:47:35.416Z,32.16577352326736,34.80768012741692,191.50848556019903,14.69374749575566,0.24545387134267274,7.133795262814266,16.335773563677176,7
2026-03-22T06:47:36.416Z,32.16571569054873,34.807535154451124,310.79046595769006,15.0418982741992,0.2291361358206537,7.230655914761163,16.691123150278603,7
2026-03-22T06:47:37.416Z,32.16571590741599,34.80749871704369,399.00525238947387,15.741835420867687,0.47712391385586184,7.839136141473977,17.592188183720104,7
2026-03-22T06:47:38.416Z,32.16755763520848,34.80701744536136,291.25823020513894,5.003645625713482,-8.574417946558547,5.443462892947922,11.322031661185544,6
2026-03-22T06:47:39.416Z,32.167531606569916,34.80696200659026,214.06462075918395,4.409193546130015,-9.395594351784412,3.869120063595619,11.076473762756624,7
2026-03-22T06:47:40.416Z,32.1676005007021,34.80678890318848,160.75869944159322,5.661374864940347,-8.651823384251983,4.720364629726878,11.366048366571574,7
2026-03-22T06:47:41.416Z,32.16756838273597,34.80672718061084,119.90740556921702,4.368510761037556,-8.886800834710066,3.6723835560209683,10.56151108164157,6
2026-03-22T06:47:42.416Z,32.16766391697856,34.80663208508785,88.76266660969628,5.123862296459076,-8.826360069532457,3.6942328083069365,10.85384507684181,7
2026-03-22T06:47:43.416Z,32.16767172244196,34.80635270864962,75.53617764415166,4.143244447201866,-8.727910984660001,3.0595867002910526,10.134296990024305,7
2026-03-22T06:47:44.416Z,32.16767748124941,34.806348602564825,66.40919356023296,4.019694593409973,-8.314323675028914,3.0313423082810926,9.719822991567831,7
2026-03-22T06:47:45.416Z,32.167715526675515,34.806277239446715,58.59811592531718,3.5297120266705413,-7.776910068817754,2.9603749595888424,9.038972126910354,7
2026-03-22T06:47:46.416Z,32.167728126256435,34.80621754161126,52.12002558152141,2.7602521787291567,-7.126096120617037,3.1880526104475213,8.280333173093549,7
2026-03-22T06:47:47.416Z,32.167767917719175,34.80606936691486,50.182852987461374,1.8325790842641303,-6.107325712971362,3.682574728741873,7.363364047578512,7
2026-03-22T06:47:48.416Z,32.16783140322501,34.80612565223489,45.3674639964443,1.3148628417684265,-5.252662927700376,4.607495384771421,7.109735989851604,7
2026-03-22T06:47:49.416Z,32.16783465495049,34.806107648401756,38.883837961831595,0.47499111609483,-4.897845918280275,4.052479441641976,6.374723588087144,7
2026-03-22T06:47:50.416Z,32.167861043103606,34.80598601942003,35.51407479995885,1.115352405459089,-5.120021690137747,3.4867455077217686,6.294126415274983,7
2026-03-22T06:47:51.416Z,32.16793320270096,34.80595983448085,35.536025063010094,2.5464387311523327,-5.268067589011944,0.9442834445848514,5.926934920988069,8
2026-03-22T06:47:52.416Z,32.16794991638614,34.80592091030979,37.1849860023766,3.654765971939519,-4.1485605164162545,-1.0733378783344802,5.63204428862935,8
2026-03-22T06:47:53.416Z,32.16794714840436,34.805822563615756,40.081914876331034,3.5468742830552014,-2.7491972706404137,-3.093191689982897,5.450342892302676,8
2026-03-22T06:47:54.416Z,32.167908085226145,34.805822400813774,37.12699302016486,4.095467122902544,-0.0005451588743297426,-3.846477687573764,5.618562258529904,6
2026-03-22T06:47:55.416Z,32.167916514204826,34.805763696837865,40.150584131362805,1.9633595230948724,2.1390600066295318,-4.6188543669284945,5.455655230289363,6
2026-03-22T06:47:56.416Z,32.16777551514049,34.805888092984155,32.50521581239296,0.5836884785531944,3.753235090775526,-3.922894323602251,5.46045472106264,6
2026-03-22T06:47:57.416Z,32.16778878742677,34.805843018815985,31.15957226188734,-1.5298115757197175,4.553396618516469,-2.3751757218044376,5.358656914952896,7
2026-03-22T06:47:58.416Z,32.167853385095924,34.8058267360255,35.63493371240525,-2.3560068305430457,4.568473234734026,-1.310363387291,5.304598767937063,7
2026-03-22T06:47:59.416Z,32.16763984003905,34.80594909722366,26.710037640606956,-2.8969671999250717,4.762982778092637,-1.6880338072339744,5.824764547706077,6
2026-03-22T06:48:00.416Z,32.167718603490485,34.80610583678019,30.417996984192893,-3.2258002422024856,4.327499274676024,-1.6683196977176582,5.649453760206191,7
2026-03-22T06:48:01.416Z,32.16773814128234,34.80610538585209,29.950137396216057,-2.481144321298953,4.884598656368212,-0.9787611166588821,5.565371011926476,7
2026-03-22T06:48:02.416Z,32.16767715040369,34.80614770652417,31.561701770224186,-1.9742686555746447,5.045404904671987,-0.5381008314351526,5.4445752709705335,7
2026-03-22T06:48:03.416Z,,,,,,,,0
2026-03-22T06:48:04.416Z,,,,,,,,0
2026-03-22T06:48:05.416Z,,,,,,,,0
2026-03-22T06:48:06.416Z,32.16771056642743,34.80648147504218,39.12737094695976,-4.053103168868608,6.186289353427381,-2.321504943519454,7.751593801574421,5
2026-03-22T06:48:07.416Z,32.16762539874767,34.80652127964494,40.90295213119986,-1.204237799422474,7.668093030899335,-1.8197343882828585,7.972532386386651,6
2026-03-22T06:48:08.416Z,32.167450560160574,34.80659748913538,46.29620275528865,-2.9508226942984193,6.446038083792401,-2.332650280978118,7.463244527967436,5
2026-03-22T06:48:09.416Z,32.167513038586804,34.80667821800669,48.177289598729665,-3.471725235604759,6.7613998709748815,-2.592495302735835,8.030593765187069,6
2026-03-22T06:48:10.416Z,32.167588650251815,34.806690252105014,47.532128105295214,-3.400422714722267,7.044512941669822,-2.9394153265462446,8.356326925515045,6
2026-03-22T06:48:11.416Z,32.16755527421919,34.8068919242155,45.41993947910792,-1.9818217489602683,8.452995649921737,-2.465885604311572,9.025593870532775,5
2026-03-22T06:48:12.416Z,,,,,,,,0
2026-03-22T06:48:13.416Z,32.16755909195295,34.80718640760531,59.552975075400305,-3.325673072573742,6.3320896062187595,-3.827148768381771,8.11187573019655,5
2026-03-22T06:48:14.416Z,,,,,,,,0
2026-03-22T06:48:15.416Z,32.16751934942116,34.807275711692405,59.08351543020531,-9.147480058064788,-5.268072025675592,-15.299019601083653,18.587333725812872,6
2026-03-22T06:48:16.416Z,32.167269132032416,34.807250451803554,46.095565971687954,-3.8570218310410453,6.408486808848742,-3.8266408926675917,8.40169632310948,7
2026-03-22T06:48:17.416Z,32.1660484851491,34.808775273489445,141.1207954439584,-7.665259092760569,0.4117855297192852,-3.864269116221006,8.594087507363085,8
2026-03-22T06:48:18.416Z,32.165326096438875,34.809882473363004,174.2388177297346,-7.010139724273968,-1.6307346066302233,-2.998784369209546,7.797054700598221,7
2026-03-22T06:48:19.416Z,32.169193938404945,34.80948191847487,346.14527969547555,-11.204964872114717,-3.5197636045687717,-17.065541882854784,20.716483615055008,7
2026-03-22T06:48:20.416Z,32.16882344773413,34.810789699143086,448.80015526921215,-9.636523653651484,-6.684963150740814,-17.17904291904856,20.80074123844291,6
2026-03-22T06:48:21.416Z,32.16872407249575,34.81077511578185,517.8099572536283,-9.513199239334131,-5.99487689635201,-16.552113428347674,20.010296542394617,6
2026-03-22T06:48:22.416Z,32.16861274023391,34.81077775191424,555.7284797891145,-9.039827112099722,-5.734470302847364,-16.490968865239598,19.660993819875774,6
2026-03-22T06:48:23.416Z,32.16862207186823,34.810872501581414,584.6972466670513,-9.237029126388997,-5.3100780221893835,-15.81371077468668,19.06811695341045,6
2026-03-22T06:48:24.416Z,32.16538157574952,34.810006444456505,471.9166542918797,-6.949931551280407,-1.4206777901341214,-2.9066709736060554,7.66606875130058,7
2026-03-22T06:48:25.416Z,32.168368375464134,34.81069149854908,507.9462817845291,-9.384043274739062,-6.299705173469767,-16.497703807080406,19.99801951096589,6
2026-03-22T06:48:26.416Z,32.16832563554262,34.81074588688404,528.0812620642006,-9.748240222143883,-6.781505942772254,-16.95700498677579,20.70161898021549,6
2026-03-22T06:48:27.416Z,32.16825864476453,34.81073477720174,533.2893053537474,-9.021343587587356,-6.319004512608349,-16.73036315894402,20.030464537444445,6
2026-03-22T06:48:28.416Z,32.16712692078691,34.80849326661997,393.472842345627,-3.221609126779074,6.818265466906322,-3.9665709660497477,8.520633460703632,5
2026-03-22T06:48:29.416Z,32.1669272618511,34.80820919732587,275.9704065011447,-3.500188801690176,6.049950611851329,-4.540629539496239,8.334898959691317,6
2026-03-22T06:48:30.416Z,32.16694808509707,34.80850544248981,200.4638167218234,-2.4094960586976537,7.463320952238829,-3.2485781556496454,8.48882152753671,6
2026-03-22T06:48:31.416Z,32.16689078292177,34.808485916045846,144.24828661468314,-2.19849429737996,6.996601005486522,-3.8209752922851528,8.269561958764251,6
2026-03-22T06:48:32.416Z,32.1669183975754,34.80866215111979,112.82997339262371,-1.8646853083181782,5.991600280440694,-3.6838221703099774,7.276460059816309,6
2026-03-22T06:48:33.416Z,32.16680215939326,34.808579537007326,89.27623059360968,-1.3978498525241392,4.841645280125462,-2.4627478267127785,5.608978524360869,7
2026-03-22T06:48:34.416Z,32.165487307013834,34.81022592192984,68.99883777452534,-1.4194803126369693,-0.16432103649879948,-0.4647699722464644,1.5026433003550665,7
2026-03-22T06:48:35.416Z,32.16779576153333,34.811131627124155,200.12283985775827,-3.7134684966537543,-3.7368161974359864,-6.561252905077162,8.414492453704106,6
2026-03-22T06:48:36.416Z,32.16784097908863,34.811117072093055,286.4648821416781,-1.946837951308164,-1.8963597743828355,-3.9861025500245524,4.824455610933043,6
2026-03-22T06:48:37.416Z,32.16786314647733,34.81112702788371,348.64848057518276,-1.2661211790155213,-1.2273636397481233,-2.548883476459682,3.099401768196019,6
2026-03-22T06:48:38.416Z,32.16784015986388,34.81117805534186,388.4610120576226,-0.3263214416683031,0.0035373094487644234,-0.6027667498340187,0.6854385096827305,6
2026-03-22T06:48:39.416Z,32.167889313863895,34.81111259921511,420.0528711749672,-0.12170889869431874,-0.16828018433452788,-0.22859056657192436,0.3088444974201742,6
2026-03-22T06:48:40.416Z,32.16787413744575,34.811143465776894,443.4926345718954,0.009107694465654742,0.1268113562726008,0.06522477423101769,0.14289276171893184,6
2026-03-22T06:48:41.416Z,32.16779811741679,34.81110349393742,457.35169176967315,0.41450302855928356,1.0746978684541464,0.9592571997014705,1.4989872061908371,6
2026-03-22T06:48:42.416Z,32.16790624086243,34.8110993860773,467.6534472672066,-0.21600974153440466,-0.2934319087445036,-0.4871461986985002,0.6083370056256661,6
2026-03-22T06:48:43.416Z,32.16780933037936,34.81111618105243,474.98342477763515,-0.017511200778983507,0.32720268096617383,-0.8452317009275356,0.9065235048453121,6
2026-03-22T06:48:44.416Z,32.16586950769596,34.810589429000345,355.87616881816956,0.5039044241003962,0.27609733132916475,-1.1328026852114783,1.270193421734412,7
2026-03-22T06:48:45.416Z,32.16545947367472,34.809882433195185,291.5662506681562,0.5319635645311898,-0.7323718292674514,-0.2878570804744252,0.9498502140193169,7
2026-03-22T06:48:46.416Z,32.165438544967955,34.809910018466994,246.0566678697123,0.5902955313228713,-1.117616754086507,-2.134167926287287,2.4803606110620264,7
2026-03-22T06:48:47.416Z,32.16663073802527,34.80881919429256,183.97256763265554,2.5405820400909787,2.1345056551978687,-3.6565108040598955,4.9376859716583095,6
2026-03-22T06:48:48.416Z,32.16631717254722,34.80881869674329,148.30427350382845,2.0562146963525447,-0.9882183681297474,-3.820803397333099,4.450071125462756,7
2026-03-22T06:48:49.416Z,32.16626447187823,34.808838754926356,122.22183657828433,3.4639914117998982,-3.0257340208324037,-4.277995794711022,6.281365367928479,8
2026-03-22T06:48:50.416Z,32.16634878073597,34.808846343127726,98.75425105107747,4.863526413358956,-2.701400073688548,-5.25856891610433,7.65532485117277,8
2026-03-22T06:48:51.416Z,32.16629287523997,34.80876013984868,81.2031020974149,5.964499932494299,-2.520310647574937,-5.845007108374019,8.72303463835533,8
2026-03-22T06:48:52.416Z,32.16627109659215,34.80846229339296,72.8261801896389,6.428319422976602,-2.9774746315340814,-5.978936059227341,9.27018458206611,6
2026-03-22T06:48:53.416Z,32.16623463398395,34.808475940148426,62.81804408369854,6.9196746076295055,-3.1778714570731297,-8.044828494266115,11.077004521769803,5
2026-03-22T06:48:54.416Z,32.16610174895801,34.80853075691592,51.17308000789956,6.379901165439653,-2.831007959460312,-5.773373243506269,9.058122518278276,6
2026-03-22T06:48:55.416Z,32.16627129442424,34.808404453582476,51.35838425817527,7.447553643226433,-2.26293238104525,-3.8677885299727777,8.691760830954072,7
2026-03-22T06:48:56.416Z,32.16612434202129,34.80836097333367,41.68831395660173,6.081343762875557,-2.818014952234034,-5.804292668572688,8.866440301255441,7
2026-03-22T06:48:57.416Z,32.16600160945369,34.808347490943056,35.572526206981706,5.584492607890324,-2.4151327372457336,-5.960577592475456,8.517506035337941,5
2026-03-22T06:48:58.416Z,32.16587460178037,34.80822006424763,36.61924449693471,5.075441164600996,-2.878741913321225,-5.925956971802037,8.316503114319614,8
2026-03-22T06:48:59.416Z,32.16587686104114,34.80823286859888,31.824144218162118,6.384903044616235,-1.605249987285445,-4.646081046059703,8.057908134086961,6
2026-03-22T06:49:00.416Z,32.16580452861931,34.8082188049324,35.44409425047591,5.884765606526852,-2.583377569084247,-4.303343363117296,7.734537478679295,6
2026-03-22T06:49:01.416Z,32.16573833284139,34.80806170505957,35.71358261096639,5.332488312952198,-2.453899583456156,-5.205903309892113,7.845921491157283,5
2026-03-22T06:49:02.416Z,32.16572062016885,34.80805245216706,29.08179153910988,5.061661650022959,-2.403048173347767,-5.84997880417476,8.10045129557836,5
2026-03-22T06:49:03.416Z,32.165587894772585,34.80796826713497,31.001860080728424,5.528802835168063,-3.7450974439328055,-5.02759017670856,8.358832372984331,6
2026-03-22T06:49:04.416Z,32.165462270940864,34.80781019177063,38.1895337390079,5.650275380490446,-3.1516336325756296,-5.796529756179825,8.68666585311283,6
2026-03-22T06:49:05.416Z,32.16548395248229,34.80774341481893,26.438329597601964,6.117822988895375,-2.3540786087837673,-5.192409563508444,8.362449479369307,5
2026-03-22T06:49:06.416Z,,,,,,,,0
2026-03-22T06:49:07.416Z,,,,,,,,0
2026-03-22T06:49:08.416Z,32.16547438033709,34.80733960890295,19.20230619874748,4.886505551672329,-6.077380997544807,-7.6653316174745765,10.934797899444627,5
2026-03-22T06:49:09.416Z,,,,,,,,0
2026-03-22T06:49:10.416Z,,,,,,,,0
2026-03-22T06:49:11.416Z,,,,,,,,0
2026-03-22T06:49:12.416Z,,,,,,,,0
2026-03-22T06:49:13.416Z,,,,,,,,0
2026-03-22T06:49:14.416Z,,,,,,,,0
2026-03-22T06:49:15.416Z,,,,,,,,0
2026-03-22T06:49:16.416Z,32.16475049114601,34.80703054945452,22.852127745090737,5.975380253172515,-4.529634816412403,-8.313551473841422,11.195440984984483,5
2026-03-22T06:49:17.416Z,,,,,,,,0
2026-03-22T06:49:18.416Z,,,,,,,,0
2026-03-22T06:49:19.416Z,,,,,,,,0
2026-03-22T06:49:20.416Z,32.16449039627538,34.806789207896415,32.73942023274145,6.268888171261319,-1.7966564483586842,-6.502300284752393,9.209063051706183,7
2026-03-22T06:49:21.416Z,32.16445617077146,34.806766736985104,31.908839261424184,6.034395879389181,-1.65654141868542,-6.588987419619523,9.086958694575086,7
2026-03-22T06:49:22.416Z,32.164448028301045,34.806735668829496,33.961014382447196,6.018763917751034,-1.085601848409841,-6.158709425408821,8.679501843856713,7
2026-03-22T06:49:23.416Z,32.16430178633633,34.8067117886827,33.79792970635869,5.363626275759427,-1.1529018614896043,-6.301293579869069,8.354877037272438,7
2026-03-22T06:49:24.416Z,32.16431355619627,34.806674317439374,31.206955993017697,5.341312193849293,-0.5767456171405173,-5.785474568120467,7.89518634595933,5
2026-03-22T06:49:25.416Z,32.16419489877809,34.80656144838347,33.68051858507226,5.246659312525353,-0.3372418704780464,-5.840966949790215,7.858629710671839,5
2026-03-22T06:49:26.416Z,32.164119686802174,34.80645192581956,32.16765391329393,4.988590301043953,-0.3117373890805266,-5.369383988950884,7.335768385944491,7
2026-03-22T06:49:27.416Z,32.164125999215905,34.806651072960584,38.888863236329215,4.2969997215681,-1.082191268840727,-6.5144891819294966,7.878700010216652,6
2026-03-22T06:49:28.416Z,32.163897395586396,34.806604902055845,32.514157218545556,4.348549167850825,-0.20253808391723935,-5.394290160816623,6.931757921316641,8
2026-03-22T06:49:29.416Z,32.16369169880193,34.80677154718909,31.7348634399145,4.382152619142362,-0.7501035674120686,-5.159463395745661,6.8107253263760335,9
2026-03-22T06:49:30.416Z,32.16369986777399,34.80674824181784,34.86276656152242,4.067984542266994,-0.4607661542525938,-5.74101107080143,7.051241862260329,9
2026-03-22T06:49:31.416Z,32.163579613364426,34.806638299458804,43.78194146530582,3.7908503041413226,0.028221673901008104,-5.127447498175695,6.376680981344003,8
2026-03-22T06:49:32.416Z,32.16389140621929,34.80628780839545,38.823925676339385,3.7302453698504916,-0.3400626287024805,-5.221694583311813,6.426232755831289,8
2026-03-22T06:49:33.416Z,32.16373116710247,34.80641768076452,38.23116701635267,3.5091368791690494,-0.21757290802701493,-4.457832073712722,5.6774683094204486,7
2026-03-22T06:49:34.416Z,32.16362196189055,34.80634518986765,42.27134789456707,4.13377719199889,-0.06379934529245139,-4.742525043130372,6.291560062040949,7
2026-03-22T06:49:35.416Z,32.16344730549351,34.80631177877014,57.03795023334743,4.490065538009488,0.568993381665637,-3.6735250388856917,5.8291704568763345,7
2026-03-22T06:49:36.416Z,32.16351109489213,34.806428254918245,58.68009979207346,3.5720739108379846,-0.3195105126011525,-3.5382442051146388,5.037953061232245,8
2026-03-22T06:49:37.416Z,32.16350663791845,34.80641046939854,55.18779880243361,3.139256488902215,-0.27020362347719173,-4.1170966561441436,5.184440777681635,9
2026-03-22T06:49:38.416Z,32.163266784434626,34.806430521154404,55.00081204517656,2.8763538668205246,-0.326840680178057,-4.293086616085299,5.177917447256509,8
2026-03-22T06:49:39.416Z,32.16321659690409,34.8064619240629,54.87279682001875,2.279962527210187,0.05936530919732467,-3.336081967364627,4.041187481223087,8
2026-03-22T06:49:40.416Z,32.16313862945577,34.80641247235749,56.10523626260071,1.9056607632704123,0.07886648472880047,-2.309672073375921,2.9953877801737914,8
2026-03-22T06:49:41.416Z,32.16337603678942,34.80617793944607,45.344379758359004,0.7248379176284805,-0.4350283255967948,-1.5567941757922503,1.7715100216155184,8
2026-03-22T06:49:42.416Z,32.1633956877492,34.80614798403121,45.27989337818916,0.9569615422831284,0.4051019015852178,-1.0526874655670462,1.4792004070574192,7
2026-03-22T06:49:43.416Z,32.16328382604526,34.8062042857826,51.084349735822194,0.5623862534084082,-0.03775108298945418,-0.2949441482273667,0.6361568146795173,7
2026-03-22T06:49:44.416Z,32.163464694113316,34.80629402473396,48.82749483262835,0.38792518723201647,0.23064146368088548,-0.062062380535996456,0.45555809150497045,7
2026-03-22T06:49:45.416Z,32.163433782488084,34.806209889363444,51.31607451462732,-0.2285104998551903,0.01086829889156003,0.00970126759697736,0.22897441572772576,7
2026-03-22T06:49:46.416Z,32.16344065699735,34.80626326778036,53.35503607895141,-0.6832873862129109,-0.15873112706025652,-0.25219653745715265,0.7454396798942674,8
2026-03-22T06:49:47.416Z,32.163451942891506,34.80617109095444,55.817669073957354,0.05648290971660531,-0.0394093056253877,-0.13369100837064485,0.1503884908465047,7
2026-03-22T06:49:48.416Z,32.163402361336495,34.80624335413327,56.620776295596315,-0.40660643050693485,-0.36481476882710323,-0.2736843221191592,0.6110005835167323,7
2026-03-22T06:49:49.416Z,32.163418123185444,34.80640185967043,58.460271414044016,-0.09319842099839652,-0.0878994248997061,0.40186430631833986,0.42179043999006655,8
2026-03-22T06:49:50.416Z,32.16335673088927,34.80634399687261,50.5346912047411,-0.2795290224189663,0.05132161713290571,-0.1375823483354639,0.3157519363885841,6
2026-03-22T06:49:51.416Z,32.16337828379693,34.80633324079699,48.418382409046245,0.233405220928122,-0.10700988407273171,0.10328525762057711,0.27676155240118505,6
2026-03-22T06:49:52.416Z,32.163407846835916,34.80644271090765,45.84976689807435,-0.38451573071298306,0.09067597356678378,-0.1932087898370896,0.4397773480050286,6
2026-03-22T06:49:53.416Z,32.16335377517204,34.80632199963782,43.67540709216075,-0.19621058639457947,-0.12442235435074239,-0.11248799486573278,0.2581338130977799,7
2026-03-22T06:49:54.416Z,32.16334839284999,34.806387230306484,50.16036779010244,0.22510778120917638,0.024700172037126204,0.004978954911049483,0.22651357939776662,7
2026-03-22T06:49:55.416Z,32.163285922981444,34.8063242134161,55.47589724270516,-0.6803562949454733,-0.2505245827263125,-0.31930867690443854,0.7922154288882464,7
2026-03-22T06:49:56.416Z,32.16337864424708,34.80633508979498,53.6083534324478,0.27362917531941294,0.3371056372156403,-0.04407986565064465,0.43641284443096284,7
2026-03-22T06:49:57.416Z,32.16327987183084,34.80620293809658,55.44416672413723,-0.3294520950780212,-0.1766272819841386,0.20023846690435554,0.4240652347465053,8
2026-03-22T06:49:58.416Z,32.163161343262324,34.806492946068246,51.61941531391316,-0.17197122747177324,0.013315351632207664,-0.2548417338784151,0.30772668229029904,9
2026-03-22T06:49:59.416Z,32.16321486522883,34.80627566024755,62.80921925667883,-0.03605017744637803,-0.07295233891411848,0.02874322204658802,0.08630082189976647,7
2026-03-22T06:50:00.416Z,32.16333504734828,34.80642577449812,61.594820253809516,-0.3772914943071744,0.0313489481848467,-0.1372338775672997,0.4026968653726938,8
2026-03-22T06:50:01.416Z,32.16334276781456,34.806436485848316,68.92255605002333,-0.03728034121458597,0.020107632955698743,0.12452418948761881,0.13153104010728972,7
2026-03-22T06:50:02.416Z,32.163198603323224,34.80625160294369,62.65906842353381,-0.051522480313283506,-0.12501140088342907,0.4924682938708813,0.5106930945260243,8
2026-03-22T06:50:03.416Z,32.163362872897345,34.80627873435721,55.159649243259985,-0.24196480918487065,-0.08852954756397725,-0.2320560869947195,0.346748435017455,6
2026-03-22T06:50:04.416Z,32.163379316076096,34.8061555571072,53.435299625676805,0.07283202582296151,0.01982032424804821,0.009368092144028898,0.0760599131553101,5
2026-03-22T06:50:05.416Z,32.16321337684009,34.80624018846803,58.73996207000921,-0.39592852152942765,-0.25509549180108587,-0.39256005200930383,0.6131366067454003,7
2026-03-22T06:50:06.416Z,32.16340735703498,34.80625250502231,51.981742475759006,-0.10200715713838687,-0.02315243039151795,-0.01678134729853927,0.10593917480159937,5
2026-03-22T06:50:07.416Z,32.16341087108605,34.8063052924122,50.17835271519965,0.41523836572534445,0.24336034203165835,0.1494191718389525,0.5039575828946907,7
2026-03-22T06:50:08.416Z,32.16346938337298,34.80627050562998,42.886711864465546,-0.08276652851831257,-0.019371223247544492,-0.02702795050930605,0.08919670757271456,5
2026-03-22T06:50:09.416Z,,,,,,,,0
2026-03-22T06:50:10.416Z,32.16336893517825,34.806183400998364,45.45571417212446,0.48238834634856126,-0.055271398554384815,0.3911927983547454,0.6235264626907776,7
2026-03-22T06:50:11.416Z,32.16338178775969,34.80614045501068,46.41276267625363,-0.025252026743958364,-0.08582622064121329,-0.04429390650964424,0.09982862895040139,6
2026-03-22T06:50:12.416Z,32.16335478575595,34.806148806485545,41.00529990523661,0.17898643860641603,0.04839045592312228,0.21744971314268585,0.28576591674881796,7
2026-03-22T06:50:13.416Z,32.16334883597247,34.80617155332645,36.553557113503146,0.17284564657711796,0.05304154572482663,0.04532537910837311,0.18639585055697616,6
2026-03-22T06:50:14.416Z,32.16322680359131,34.80626853989743,43.89504873614639,0.03375606203039905,0.22057400707759803,-0.06637995987789627,0.23280606391470893,6
2026-03-22T06:50:15.416Z,32.16339445018185,34.80618025689796,36.58962217128193,-0.06267475717432153,-0.08822870939126146,-0.08118072433463491,0.13528762083503362,7
2026-03-22T06:50:16.416Z,32.16321304313035,34.80638909257462,34.61586215278522,-0.005088207298379842,-0.06933048920714578,0.00696109722746345,0.06986460807750691,8
2026-03-22T06:50:17.416Z,32.16318923631931,34.806393425154155,37.20558222968589,0.35461818734493905,-0.009639813678335066,0.31940079268852656,0.4773508679929496,8
2026-03-22T06:50:18.416Z,32.16319753500845,34.80646228269796,38.158768716360846,-0.10177081410825375,0.0533947538592695,0.2328294448966667,0.2596494728568473,8
2026-03-22T06:50:19.416Z,32.163235951580425,34.80637044608978,34.53202236757576,0.2308456799752067,-0.14341328731046105,0.11485478226060729,0.2950402005634824,8
2026-03-22T06:50:20.416Z,32.16320388302086,34.806391983012404,39.103185039161446,-0.24662211662172154,0.4233918968964651,-0.6079907059045803,0.7808558543232642,8
2026-03-22T06:50:21.416Z,32.16328130383455,34.806435815482885,42.83955322924173,0.23468202201440058,-0.2952524935932161,0.5015595804889276,0.6275441810821041,8
2026-03-22T06:50:22.416Z,32.163184433574266,34.80628990092525,39.13126624906228,-0.017809091143602906,-0.021743499798134863,-0.08809047752300607,0.09246553812671986,8
2026-03-22T06:50:23.416Z,32.16329936250531,34.806298192873854,37.878674027592346,-0.0972235885224257,0.06949427804387569,0.03272576562701783,0.12390664462365183,9
2026-03-22T06:50:24.416Z,32.16331483047496,34.80633886054456,38.05906049326239,-0.5086552887564454,0.11143308023054134,-0.1652791466982031,0.5463192569211297,9
2026-03-22T06:50:25.416Z,32.16325140924788,34.806240472197246,35.55312793937822,-0.16940604986349886,-0.14885134610905193,-0.44806288293124763,0.501612878651946,9
2026-03-22T06:50:26.416Z,32.163285876219504,34.806237343633605,36.382007053562745,-0.03198858693660029,-0.12255919478565679,-0.25450135731279416,0.28427973335213946,9
2026-03-22T06:50:27.416Z,32.163377491800475,34.80614356027427,40.73678054449272,0.3582600903338573,0.5683290918729723,0.17163299184392625,0.6934018552646641,9
2026-03-22T06:50:28.416Z,32.16334199000692,34.8062770444568,41.9013779305964,-0.14310852636812674,-0.19075776200957772,-0.19859780325845433,0.3103379795404411,9
2026-03-22T06:50:29.416Z,32.163433829101656,34.80616554733055,45.26515076152826,0.97184315605067,0.41363076806749954,0.27785846101975153,1.0921423243400565,9
2026-03-22T06:50:30.416Z,32.16339011223742,34.80622456320821,47.18880087614323,-0.02571115923772606,0.07074917604264863,-0.08427859369369921,0.11300172996485067,8
2026-03-22T06:50:31.416Z,32.163418052653284,34.80641907290439,45.458198170071455,-0.8630138803857333,0.03364890316306652,-0.2946548273838875,0.9125495459004661,8
2026-03-22T06:50:32.416Z,32.16324229885225,34.80613431394889,42.64007490102219,0.1777065653850593,-0.11766154661038462,0.4013444442690236,0.4544240595273466,8
2026-03-22T06:50:33.416Z,32.16330160358271,34.80628043051484,44.913769443057596,0.7085318819348813,-0.068875602507432,-0.45881523230169724,0.8469195320282835,7
2026-03-22T06:50:34.416Z,32.16340259138974,34.80610309710928,43.16737405951403,1.510209729795811,-0.12560124533323577,-1.8493008089327134,2.3909041349912767,6
2026-03-22T06:50:35.416Z,32.162952100915994,34.806605605569914,51.305458442184154,2.291100312908396,-0.4269647043200614,-2.5929793620809023,3.486399500160811,8
2026-03-22T06:50:36.416Z,32.16319029709292,34.805829753369345,28.365456706291912,3.367286453734768,1.381409937892034,-1.6066014498542482,3.978451922128294,5
2026-03-22T06:50:37.416Z,32.16337454233895,34.80630547446231,38.195188227654285,3.4997702272765636,-0.3942583193592411,-3.806881856452097,5.186152787481254,6
2026-03-22T06:50:38.416Z,32.16333795646436,34.80597896540788,38.29279807154963,4.114248631149293,0.295503125035145,-4.843576488099822,6.36196487666293,7
2026-03-22T06:50:39.416Z,32.16316639719552,34.80608422454947,38.248751287615455,4.955650696415793,-0.029609013573250093,-6.001813076816388,7.78338684170428,8
2026-03-22T06:50:40.416Z,32.16307871238699,34.80603309048204,37.504862891883214,5.642327389994548,-0.2676334122157473,-7.180277183420032,9.135856087415084,8
2026-03-22T06:50:41.416Z,32.16299406581201,34.80591750061387,39.69007645117158,6.108375807450558,-0.15907435505368953,-8.061096896844274,10.115277694447908,8
2026-03-22T06:50:42.416Z,32.16298416262298,34.8059472249049,36.66564858506088,6.6896850661488125,-0.7060321411417311,-8.946293145386845,11.193146506312479,9
2026-03-22T06:50:43.416Z,32.16280690447642,34.80592309175102,42.12758269925266,8.19574118248529,-0.37849006277162395,-9.687811955172846,12.695161627040918,9
2026-03-22T06:50:44.416Z,32.16266969249843,34.80587785832008,43.79811343256801,8.055925098342918,-0.6226509193000065,-10.602576389134821,13.33042570381215,9
2026-03-22T06:50:45.416Z,32.1625909499477,34.8058433021068,39.94899977733486,8.914552963787632,-0.5656384613373845,-11.065083796791626,14.220593547497923,9
2026-03-22T06:50:46.416Z,32.162533536309574,34.805704587672,37.6385457296146,9.213123445038253,-0.46209721244033997,-11.47133950621013,14.720285578547582,8
2026-03-22T06:50:47.416Z,32.16241759773294,34.80563824318512,37.51178233539374,9.25647155332892,-0.4461914477989937,-11.193766799770552,14.532094398032307,8
2026-03-22T06:50:48.416Z,32.1621773119518,34.805679371934296,36.40746419383926,9.16385078030556,-0.3359799209338978,-10.935007637323071,14.271069884885698,8
2026-03-22T06:50:49.416Z,32.16212554662584,34.80557089069436,34.02299085398704,8.817501888709854,0.02078919154173046,-10.689546603839917,13.856954151022954,7
2026-03-22T06:50:50.416Z,32.16163001110386,34.80565638251545,49.439152945062844,6.703478068014211,-1.2949087445174121,-11.552524654582285,13.419174071443695,8
2026-03-22T06:50:51.416Z,32.1614760819183,34.80572461954095,58.092676752314645,6.890321731874305,-1.9813622778823614,-11.189884204250381,13.289689181823881,8
2026-03-22T06:50:52.416Z,32.16174891736389,34.80535967567342,51.53690317287194,8.631156038056803,1.2328208931171871,-12.257675007182687,15.04218396674837,6
2026-03-22T06:50:53.416Z,32.161577438530564,34.805396312940736,48.093192803771814,8.524579263290082,1.4629876291635733,-12.922186541217828,15.549652389208966,6
2026-03-22T06:50:54.416Z,32.16151554465693,34.805352213223436,43.83682309759216,8.911849695108433,1.3055348037092633,-13.213942947256616,15.991678283571531,6
2026-03-22T06:50:55.416Z,32.16138021336286,34.80532962133359,40.208989579623335,9.130437304597681,1.7821429243200544,-12.910173520254007,15.912683591995435,6
2026-03-22T06:50:56.416Z,32.16115201471238,34.80523116070061,38.35694472752067,9.09451793766928,1.5226889634973555,-12.570755070063957,15.590148210638782,5
2026-03-22T06:50:57.416Z,32.161086003230665,34.80519287540939,33.790491684672105,9.508959157431537,0.7012984778151056,-12.442554258063794,15.675754536147481,5
2026-03-22T06:50:58.416Z,32.16093938799209,34.80517694318611,36.31647578547677,9.91263836993836,-0.12396950284896907,-12.624247284690304,16.051398300329517,6
2026-03-22T06:50:59.416Z,32.16071436088723,34.805100620662074,39.97591375373747,9.96949870884583,-1.528281836906289,-12.50137277920728,16.0627168076699,7
2026-03-22T06:51:00.416Z,32.160627592062994,34.805072274320786,36.57188683133882,10.550188606207527,-0.9777235742193453,-12.965297941475486,16.743995154244516,7
2026-03-22T06:51:01.416Z,32.16046950050959,34.80486521712083,36.84726806486242,10.718118995719834,-1.2286841199454477,-12.63405366909082,16.613459952294214,7
2026-03-22T06:51:02.416Z,32.160057272291795,34.80536774281186,54.66976408359373,10.184425249858846,-1.307573432682944,-11.934679549621698,15.743850923582167,8
2026-03-22T06:51:03.416Z,32.160130735198265,34.80497816109273,58.10229800989603,10.156295796121665,-0.9080366110582118,-11.853989770689118,15.63623830302362,8
2026-03-22T06:51:04.416Z,32.16010555962574,34.80477804994671,49.14349587011722,10.177310527935814,-0.8188367123951636,-11.78036531544751,15.589263937370424,7
2026-03-22T06:51:05.416Z,32.159968416519355,34.8046788937797,46.8259492248495,10.132052647218979,-1.1533109419701137,-12.435615247259932,16.082075225317435,7
2026-03-22T06:51:06.416Z,32.15990683078398,34.80452910209389,45.264078829022964,10.138513517117365,-1.197320391858297,-12.321980855793226,16.00169505608909,6
2026-03-22T06:51:07.416Z,32.15973725345542,34.80446815522663,45.007347027201604,10.20281698668301,-1.2213981216311462,-12.426909237432222,16.125053830317892,6
2026-03-22T06:51:08.416Z,32.1596076497732,34.804411248229215,44.1089591324999,10.627288358758745,-0.9440149808238687,-12.628460195055862,16.53204249457215,5
2026-03-22T06:51:09.416Z,32.159413204869914,34.80431337954214,43.12152190010094,10.855379030669157,-0.9355770084286332,-12.246539210645187,16.391835799447907,6
2026-03-22T06:51:10.416Z,32.15935954640396,34.804128027565035,47.408363213175186,10.937887208920507,-1.06820525313196,-12.353637366433713,16.534533414621436,6
2026-03-22T06:51:11.416Z,,,,,,,,0
2026-03-22T06:51:12.416Z,32.158980009213565,34.80411092862489,38.95721847103765,10.38963813594967,-1.0687187480881852,-11.962469528024915,15.880409867740175,5
2026-03-22T06:51:13.416Z,32.15891121130956,34.80400386755632,39.507437480558565,10.482330126449256,-1.5275560775714636,-12.765636332422524,16.588373742523924,6
2026-03-22T06:51:14.416Z,32.15880801245844,34.80400635601701,40.37654595408462,10.266970149092876,-1.3737781203923634,-12.12655548002751,15.94839459558918,5
2026-03-22T06:51:15.416Z,32.15868153354323,34.80390869552543,37.608776208470616,10.653100437671464,-1.1516560880729076,-11.486867313351345,15.708691268048108,5
2026-03-22T06:51:16.416Z,,,,,,,,0
2026-03-22T06:51:17.416Z,,,,,,,,0
2026-03-22T06:51:18.416Z,,,,,,,,0
2026-03-22T06:51:19.416Z,32.15816756656202,34.803636487118496,36.09375130519618,8.874340268343996,-1.3100954940677727,-10.939863741198687,14.147469175719106,5
2026-03-22T06:51:20.416Z,32.158079369174615,34.803505516444474,40.404726287080535,9.198211092355756,-0.9660649587532144,-10.890447678604934,14.287834666054156,6
2026-03-22T06:51:21.416Z,32.1579197950016,34.803568256523654,42.97814931552617,9.203567521605711,-1.2339684582857477,-10.95658471527454,14.36227982960182,6
2026-03-22T06:51:22.416Z,,,,,,,,0
2026-03-22T06:51:23.416Z,32.15772521097055,34.803296099597034,44.19469100389461,9.90564508793964,-1.5375375836829144,-11.690795167560244,15.400016820747638,5
2026-03-22T06:51:24.416Z,,,,,,,,0
2026-03-22T06:51:25.416Z,32.15747947957985,34.803148532681355,42.83793162046627,10.26659030285312,-1.7001062317699063,-12.4135921080178,16.198472356064396,5
2026-03-22T06:51:26.416Z,32.157375519521345,34.803045606515944,41.15389617605387,10.581360496988273,-1.631709093817646,-12.262634127134811,16.278816304327613,5
2026-03-22T06:51:27.416Z,32.15717847658936,34.80307700304069,41.85469662095224,7.335817159081774,-16.281003732275785,-11.298195144762513,21.13136317067576,5
2026-03-22T06:51:28.416Z,32.157036604794015,34.80285420434877,47.50442300375879,9.377095285625032,-1.5912566336501883,-11.5486289914227,14.961044256714029,5
2026-03-22T06:51:29.416Z,32.156946614437395,34.80293122529596,46.75214754947132,9.002347225631423,-1.099113642951239,-11.486909288003886,14.635552308054017,5
2026-03-22T06:51:30.416Z,32.15674081520156,34.80276916299371,49.9067996200924,10.315904576251643,-1.6386953591819373,-11.06598701634309,15.217071937544617,5
2026-03-22T06:51:31.416Z,32.155313148681536,34.803937400569616,123.86171191544864,10.42800080341959,-0.7302536143294716,-11.038679197770671,15.202924374233262,6
2026-03-22T06:51:32.416Z,,,,,,,,0
2026-03-22T06:51:33.416Z,,,,,,,,0
2026-03-22T06:51:34.416Z,32.156199117248136,34.80255120872211,110.45883194208093,9.357262949977903,-1.4075724560153868,-10.577214648828054,14.192149233338307,5
2026-03-22T06:51:35.416Z,32.156232775459046,34.802579218081874,85.31338832646571,9.290383403060492,-0.9701419541612081,-10.478768825199516,14.037699073532629,6
2026-03-22T06:51:36.416Z,32.156113361484685,34.80241234201492,70.39113300544741,8.872802322757531,-1.161815432823587,-10.012848006257743,13.428833208998395,7
2026-03-22T06:51:37.416Z,32.15602706409892,34.802365902671475,57.38273452444653,7.866645533803668,-1.1490931630057042,-9.706135792615154,12.546457630600944,7
2026-03-22T06:51:38.416Z,32.155926181749635,34.80225490889201,51.50673902115868,7.791881481854616,-0.8749258937521922,-8.618078271055522,11.651188155414292,5
2026-03-22T06:51:39.416Z,32.15574889276766,34.80226067472566,44.61238358841243,7.389865509472184,-0.8550873736698128,-8.054050365415392,10.963987137594787,5
2026-03-22T06:51:40.416Z,32.155670538492124,34.80215213859985,41.41820068997027,6.83976819269722,-0.7481704595552848,-7.704727972794356,10.329812249075179,5
2026-03-22T06:51:41.416Z,32.15565169918246,34.802174565329665,44.80209529386155,6.788934130149172,-0.10472167663864838,-4.789544116073764,8.309050853911,5
2026-03-22T06:51:42.416Z,,,,,,,,0
2026-03-22T06:51:43.416Z,32.15552192790012,34.80206364059745,41.276073806450604,3.662933003169185,-0.6280062848606494,-3.4148567771411305,5.047050315572177,5
2026-03-22T06:51:44.416Z,32.155486848355004,34.80201208556971,37.61198183907925,2.206103257011111,-0.30125189061377583,-2.2029077124583787,3.1321632575269787,5
2026-03-22T06:51:45.416Z,32.15547508217388,34.80194393522843,42.031783578268694,0.7857700368682803,-0.12649891713020578,-0.8481378541534563,1.1630882797634592,5
2026-03-22T06:51:46.416Z,32.151133664902055,34.80388295799476,-100.20923046626854,12.830333061930657,-4.407022845244244,34.69706723071264,37.25487580506971,5
2026-03-22T06:51:47.416Z,,,,,,,,0
2026-03-22T06:51:48.416Z,32.155453163919546,34.80196119072259,-64.37877047224089,0.18477784500652575,-0.08752768907343732,0.4818342114662021,0.523419674543333,5
2026-03-22T06:51:49.416Z,32.155511163263796,34.80201905782042,-36.34315590944038,-0.0225531339822718,-0.010053364983243763,-0.048681757441565644,0.054585964381954885,5
2026-03-22T06:51:50.416Z,32.15546544556118,34.801995651159224,-17.285567261728666,0.007324032102745579,-0.013617990866716563,-0.028660480090147204,0.03256553762009385,5
2026-03-22T06:51:51.416Z,32.15550983578582,34.80201194663992,3.3998711689950376,0.07328352780090892,0.14074641234065458,0.12796487353539202,0.203850525858142,6
2026-03-22T06:51:52.416Z,,,,,,,,0
2026-03-22T06:51:53.416Z,32.15551028532524,34.801983514378605,9.416206047826652,0.012389970901133978,1.2295234130144245e-06,0.009476574091505133,0.015598616507705448,5
2026-03-22T06:51:54.416Z,32.155479139272785,34.80196313556462,17.295453586212595,0.024235939999271632,0.05250781509170111,0.07906811913220162,0.09796029244779028,6
2026-03-22T06:51:55.416Z,32.15549667390527,34.80199692863736,21.650396200173603,0.007200960255827761,0.008832383028796565,-0.004820863879130418,0.012373582630527383,6
2026-03-22T06:51:56.416Z,32.15552680962564,34.80201953634581,25.889750727739138,0.009081744577215915,-0.0037886816619593076,-0.024781218436002242,0.026663476526408082,6
2026-03-22T06:51:57.416Z,32.15552416641639,34.80204471131431,30.01293053758849,0.007622293815502262,0.0017235181188209223,-0.002811138965036035,0.008304961167669113,6
2026-03-22T06:51:58.416Z,32.15552757664598,34.80202566869068,33.386486043698056,0.008377348757729533,0.008526994712816767,0.004534794576245429,0.012784911923426873,6
2026-03-22T06:51:59.416Z,32.15543000915605,34.80201144708017,35.6735471975595,0.10975688956951982,0.04262818666244236,0.15340449603979917,0.19338220319183602,6
2026-03-22T06:52:00.416Z,32.155555737316924,34.80203929800861,43.74838514097066,-0.11634326901000491,-0.03664701252916198,-0.18692748563019543,0.22320538670756548,6
2026-03-22T06:52:01.416Z,32.15551027339966,34.80206018414882,42.567452847421386,0.013288022251158433,-0.0033853089890384927,-0.01150817508642819,0.017901674394269183,6
2026-03-22T06:52:02.416Z,32.15552343291228,34.80208207130914,42.58182536959365,-0.0016312940739478335,0.05742074355193914,0.14302680144185625,0.1541313363372336,5
2026-03-22T06:52:03.416Z,32.155421176570464,34.80195383401589,33.18048172361951,0.09836411147142572,0.33149666499354674,0.30197751399044187,0.4590816444634378,5
2026-03-22T06:52:04.416Z,,,,,,,,0
2026-03-22T06:52:05.416Z,32.15553924133306,34.8020583499141,31.670407637658073,5.8089043456320635,-0.23999179087598407,-0.8018211365475143,5.868891112587222,5
2026-03-22T06:52:06.416Z,32.155548178757144,34.80213906545902,30.936097938267288,0.13428404045090866,0.08147059269092018,0.17965107991390616,0.23862977917155223,6
2026-03-22T06:52:07.416Z,32.155389361474526,34.80203718153521,30.382253139907892,0.3019477818313102,-0.12177567031488527,-0.293452555899244,0.4383105969484277,5
2026-03-22T06:52:08.416Z,,,,,,,,0
2026-03-22T06:52:09.416Z,,,,,,,,0
2026-03-22T06:52:10.416Z,32.15546602379079,34.802061523645975,30.309343633029698,-1.0422425191743245,-0.23533781930479192,-0.3849100511298279,1.1356976294026258,5
2026-03-22T06:52:11.416Z,32.155528182233084,34.80195952537695,34.13389067672236,0.23279180567452007,0.0407035196272416,0.12281850993247082,0.26633285129942413,6
2026-03-22T06:52:12.416Z,32.155649438275326,34.80199580278591,37.701467793722,0.19473934195282888,0.23059713112918928,0.12057966059370594,0.3250198497601749,6
2026-03-22T06:52:13.416Z,32.155553586511246,34.80209836437672,37.50237281109749,-0.49650527267372213,-0.2097310837947429,-0.14475229806958384,0.5580840806714973,6
2026-03-22T06:52:14.416Z,,,,,,,,0
2026-03-22T06:52:15.416Z,32.155609672843084,34.80191269657258,39.695074915756535,-0.1563070725045888,-0.42120364416773404,0.08716563927521431,0.45764862006280616,5
2026-03-22T06:52:16.416Z,,,,,,,,0
2026-03-22T06:52:17.416Z,32.15564998162398,34.80189941766674,46.723871617394266,0.3881991945567712,-0.32706155912556856,0.24869651262874168,0.5652590852926396,5
2026-03-22T06:52:18.416Z,32.1551739485528,34.801972528114646,25.93434976205409,1.380943873454972,0.09534994846578605,1.6450132218373972,2.149922346115111,5
2026-03-22T06:52:19.416Z,32.155352458864044,34.80178625380868,5.420927235887708,0.3851661347212211,0.5973831281832122,0.5762132013574023,0.9150088560186684,5
2026-03-22T06:52:20.416Z,32.15546087881085,34.80214228238909,15.231256495531035,-0.08949055656538278,-0.5627884815837229,-0.7281114619999067,0.9246003113850524,5
2026-03-22T06:52:21.416Z,,,,,,,,0
2026-03-22T06:52:22.416Z,,,,,,,,0
2026-03-22T06:52:23.416Z,,,,,,,,0
2026-03-22T06:52:24.416Z,,,,,,,,0
2026-03-22T06:52:25.416Z,,,,,,,,0
2026-03-22T06:52:26.416Z,,,,,,,,0
2026-03-22T06:52:27.416Z,32.15519193229988,34.801968012306055,24.23330982478926,-0.14518410975801443,4.938512050485481,-3.1164781197107305,5.841439511725878,7
2026-03-22T06:52:28.416Z,32.15520754165053,34.80206204221853,29.439862575920706,-1.3785499966008161,5.36095388079549,-3.024702583248862,6.307856396768768,6
2026-03-22T06:52:29.416Z,32.15524237427733,34.8021113106683,38.48150151679749,-2.6993708458785366,7.51440266061879,-3.188622868002667,8.597683763889162,6
2026-03-22T06:52:30.416Z,32.15520864775515,34.80225185658183,40.8269298333986,-3.407728793452369,8.688150635771587,-3.830649613037077,10.088134290216585,7
2026-03-22T06:52:31.416Z,32.155125986989695,34.80227157998895,44.03880399329904,-3.7734951573180755,9.520937630629978,-4.121595610903061,11.039704228305409,7
2026-03-22T06:52:32.416Z,32.15500969107326,34.80246380312827,39.19248393408989,-4.162956865413481,10.603205346728805,-4.243706400954591,12.15595399405964,8
2026-03-22T06:52:33.416Z,32.15505345736231,34.80253939019447,42.56710949618021,-4.651782264376048,11.254151676535402,-4.401346489110981,12.948623830772046,8
2026-03-22T06:52:34.416Z,32.155267486885556,34.804097475061816,-39.83732932984327,-17.00295098841712,10.08618452222698,-9.901898700935707,22.11060963461926,8
2026-03-22T06:52:35.416Z,,,,,,,,0
2026-03-22T06:52:36.416Z,32.154330694587124,34.802893533157096,35.04738205816575,-17.975275218088374,1.847998921938858,-5.4556958694124305,18.87565195168191,5
2026-03-22T06:52:37.416Z,,,,,,,,0
2026-03-22T06:52:38.416Z,,,,,,,,0
2026-03-22T06:52:39.416Z,,,,,,,,0
2026-03-22T06:52:40.416Z,,,,,,,,0
2026-03-22T06:52:41.416Z,,,,,,,,0
2026-03-22T06:52:42.416Z,,,,,,,,0
2026-03-22T06:52:43.416Z,,,,,,,,0
2026-03-22T06:52:44.416Z,,,,,,,,0
2026-03-22T06:52:45.416Z,32.15101962709138,34.80248210307198,148.16811264417305,-20.64734059035049,7.792281761151379,-1.1607760710014359,22.099315138395507,5
2026-03-22T06:52:46.416Z,,,,,,,,0
2026-03-22T06:52:47.416Z,32.15439186325132,34.80436636312301,115.28257108166281,-4.803334198135068,14.151672078116423,-3.71592916840984,15.399674399484974,5
2026-03-22T06:52:48.416Z,,,,,,,,0
2026-03-22T06:52:49.416Z,,,,,,,,0
2026-03-22T06:52:50.416Z,32.15423124123446,34.804846866393525,90.4998868609257,-5.0494534385366,12.368370377098687,-5.339035793481056,14.386760198776974,5
2026-03-22T06:52:51.416Z,32.15415802640452,34.80497681117557,75.62090571186579,-4.803378931472236,12.991705775745217,-5.533488487703856,14.915641553965894,6
2026-03-22T06:52:52.416Z,32.15416683540468,34.80509007582384,64.79763004976655,-4.626348229084637,12.74053979563822,-5.405100494054641,14.592448854521487,7
2026-03-22T06:52:53.416Z,32.15418217543485,34.80528377506267,54.33548643892583,-4.7501610936172485,12.459713494589309,-5.340188082273008,14.364055817791039,6
2026-03-22T06:52:54.416Z,32.15416858129012,34.80538783531789,57.42521752314794,-4.697666278290916,12.240641049091874,-5.2141933140407595,14.109896302634262,7
2026-03-22T06:52:55.416Z,32.15397530914188,34.80547075767502,55.74610036316434,-4.735132127447591,12.061260380547441,-5.031367837032861,13.900005055512695,7
2026-03-22T06:52:56.416Z,32.153896966687064,34.80559976969201,52.39660279646683,-4.64904905899055,11.79821241006579,-4.906439356408018,13.597228408173516,7
2026-03-22T06:52:57.416Z,32.153819177186605,34.8057419811613,51.14299460636197,-4.470060359779817,11.227002638300815,-5.012075906433233,13.082351957975172,9
2026-03-22T06:52:58.416Z,32.1536889851264,34.80587734951538,48.310727153271515,-3.652969120957236,11.011004187684339,-6.136412943004173,13.12409846149206,9
2026-03-22T06:52:59.416Z,32.15368544536573,34.80597178618624,47.78729512730991,-2.342620166279239,10.381286125304772,-6.9673729295661175,12.720190894737165,7
2026-03-22T06:53:00.416Z,32.153608956824314,34.80604017256796,46.6629786212154,-0.8241031349710116,9.686617476695615,-8.295464404649108,12.779844827136765,7
2026-03-22T06:53:01.416Z,32.153475565752615,34.80617204526441,46.248859853029046,1.4595959311419497,7.766139753305362,-9.353304765072172,12.244494966244945,9
2026-03-22T06:53:02.416Z,32.15336403758316,34.806209338198784,48.10432739440188,3.4152427787134743,6.287100138925853,-9.446895074406783,11.850541672906227,8
2026-03-22T06:53:03.416Z,32.15331147171973,34.80624454882294,42.35711520335708,5.159687188162325,4.1305288980557044,-9.888103866271052,11.893621775032374,8
2026-03-22T06:53:04.416Z,32.15319592669973,34.80624365194108,40.81430647222468,6.881580556972319,2.0811808136557106,-10.173401520882202,12.457349760134232,8
2026-03-22T06:53:05.416Z,32.15309909173694,34.80626321294217,37.388194790712625,7.501196220888782,0.5807462526696494,-10.515785245910248,12.930079284071295,7
2026-03-22T06:53:06.416Z,32.15289018783638,34.806072819764644,36.2706527540022,8.856948720018783,-0.7204462415241333,-11.6674617857913,14.666091774527695,7
2026-03-22T06:53:07.416Z,32.152802311483406,34.806004268487314,40.00440398215042,9.720327918085395,-1.114438542200738,-11.79393324310336,15.323955411127749,7
2026-03-22T06:53:08.416Z,32.15266453531636,34.80598714092752,39.086468705701584,10.762432188102636,-1.1336401402296252,-12.309889197733698,16.390499035463453,7
2026-03-22T06:53:09.416Z,32.15253245017735,34.805999113907596,38.296301933978924,11.432278363964894,-1.3094298056800875,-13.007678377628308,17.366959773748604,7
2026-03-22T06:53:10.416Z,32.15245730982802,34.80580568148888,45.07422623572096,11.968635016903418,-1.396392998383455,-13.747479180108279,18.280900453240577,8
2026-03-22T06:53:11.416Z,32.152277851183776,34.80575879074097,42.28311826504038,12.587017678681699,-1.323573587878939,-14.385563586501146,19.160618486553194,8
2026-03-22T06:53:12.416Z,32.15210023420252,34.80565030044109,42.67934192495282,13.022495600605684,-1.4895183856050276,-15.248180130774939,20.107487510611797,7
2026-03-22T06:53:13.416Z,32.15196204224336,34.80563314843828,40.88915541175097,13.697696705854721,-1.765210278451799,-15.692204273114745,20.904261224015926,5
2026-03-22T06:53:14.416Z,32.151791029321615,34.8055697215102,44.92111359549972,14.144927580674258,-1.764039377204114,-15.767745104659168,21.255883817718548,5
2026-03-22T06:53:15.416Z,,,,,,,,0
2026-03-22T06:53:16.416Z,,,,,,,,0
2026-03-22T06:53:17.416Z,,,,,,,,0
2026-03-22T06:53:18.416Z,,,,,,,,0
2026-03-22T06:53:19.416Z,32.15093957537203,34.80498486451696,47.50803760448484,13.686743764212228,-2.4904708198482495,-15.716217925978134,20.98878047120781,5
2026-03-22T06:53:20.416Z,,,,,,,,0
2026-03-22T06:53:21.416Z,32.14891450563108,34.80416594545332,159.58368267227905,-1.2401476572705248,-9.589950707370589,-17.938758734228216,20.379013364402123,6
2026-03-22T06:53:22.416Z,32.150494445218825,34.8046428363313,125.79231884593058,13.445730192942293,-2.1812421856209037,-15.868775333787202,20.913237637629077,6
2026-03-22T06:53:23.416Z,32.15027855088467,34.80456635007104,106.34967211901521,13.226698031245105,-1.8461343093555396,-15.536561765744324,20.487520694283905,6
2026-03-22T06:53:24.416Z,32.15012530454624,34.80450750126881,88.01947512851221,12.838532307501557,-1.7609046598903153,-15.66532599180215,20.330546855936184,5
2026-03-22T06:53:25.416Z,32.14998117439824,34.804357089879424,74.36830673283704,13.025445638494414,-1.4154942778088493,-15.425186439811696,20.238632237254407,7
2026-03-22T06:53:26.416Z,32.149923961016064,34.804397824586076,68.69642487333672,12.975965491998089,-1.0125352098324578,-15.136859172340204,19.963101302250998,6
2026-03-22T06:53:27.416Z,32.149669729601385,34.80421698553851,57.07917711934343,12.570469583731255,-1.140035915005037,-15.835178238192292,20.250166845691243,5
2026-03-22T06:53:28.416Z,,,,,,,,0
2026-03-22T06:53:29.416Z,,,,,,,,0
2026-03-22T06:53:30.416Z,,,,,,,,0
2026-03-22T06:53:31.416Z,32.14895344228178,34.80389255346914,54.806319837439816,10.322207993095137,-0.17060532792861025,-13.652334176244706,17.11617108148005,5
2026-03-22T06:53:32.416Z,,,,,,,,0
2026-03-22T06:53:33.416Z,32.148720198822446,34.80375385371329,48.38910884129442,6.560321169051573,0.1305782389669032,-9.107614564332529,11.225128398821989,5
2026-03-22T06:53:34.416Z,32.148587658521976,34.80372195410722,46.14506204164606,5.415104191750033,0.08904663696486015,-7.790096611704748,9.487723010857627,6
2026-03-22T06:53:35.416Z,32.148551298648776,34.80375188150847,42.08085030208634,4.916408655648469,0.07044981287490074,-7.047000887472491,8.59280272981449,6
2026-03-22T06:53:36.416Z,,,,,,,,0
2026-03-22T06:53:37.416Z,32.14838068023763,34.80361500020024,40.87953604961112,4.910106623015622,0.0673821217251803,-6.787139012333378,8.377287351669857,6
2026-03-22T06:53:38.416Z,32.14833495781337,34.80358119306317,40.55777124271564,5.029909597285821,0.09653385532176705,-6.6068675415417,8.304216281719096,7
2026-03-22T06:53:39.416Z,32.14829167457716,34.803736052713965,33.800916980923866,4.833372331048372,0.11152565215099275,-6.573390968664809,8.159864881758505,7
2026-03-22T06:53:40.416Z,32.148214640833146,34.80364316326491,36.71347318429391,5.329331694418592,0.2825352542405424,-6.436929243490569,8.361558500945106,7
2026-03-22T06:53:41.416Z,32.14811197165517,34.80356615242117,38.966907190992664,4.687563809901167,0.27565215080964073,-6.4861378370066785,8.007447946804948,6
2026-03-22T06:53:42.416Z,32.14805215236656,34.80354824392955,38.38399163673317,4.736742625023776,0.3836387680633791,-6.303364501679245,7.894068244011345,6
2026-03-22T06:53:43.416Z,,,,,,,,0
2026-03-22T06:53:44.416Z,,,,,,,,0
2026-03-22T06:53:45.416Z,,,,,,,,0
2026-03-22T06:53:46.416Z,32.14782295414944,34.80351344441727,35.91746033131949,5.434639110317806,0.30553507048918593,-7.26306943731085,9.076388686580897,6
2026-03-22T06:53:47.416Z,,,,,,,,0
2026-03-22T06:53:48.416Z,,,,,,,,0
2026-03-22T06:53:49.416Z,,,,,,,,0
2026-03-22T06:53:50.416Z,32.14739075232415,34.80325657219333,36.66717412939206,7.588023434895569,0.8191928811938566,-10.361360321460912,12.868836945748734,7
2026-03-22T06:53:51.416Z,32.147261407595366,34.803213900184176,38.17748785068591,7.36382721872308,0.9681477428106008,-10.807054099764041,13.113187243166436,6
2026-03-22T06:53:52.416Z,32.147133467708,34.80318359342937,37.89010698792834,5.112534240668166,0.6429881326716849,-12.927154593227167,13.91627701570917,7
2026-03-22T06:53:53.416Z,32.14683174963584,34.8065116284032,-70.73007543790962,32.17750638421899,-3.89332156792769,0.29098070558129885,32.41349317350361,6
2026-03-22T06:53:54.416Z,32.146940705528635,34.80326139195086,-43.61243364061328,8.449075480893338,0.7862672594422392,-11.585989608222631,14.361067087335348,5
2026-03-22T06:53:55.416Z,,,,,,,,0
2026-03-22T06:53:56.416Z,,,,,,,,0
2026-03-22T06:53:57.416Z,32.146498399036446,34.80296967932269,-20.21049969293712,8.229836378400154,1.129850087975909,-13.102442855816763,15.513889803220902,6
2026-03-22T06:53:58.416Z,32.146334315758985,34.8028716703452,-1.7514384705312729,9.318438806237872,1.1452622438262925,-13.6329471050988,16.553011030116416,6
2026-03-22T06:53:59.416Z,32.14620516324724,34.80291517300114,7.647683246172578,9.635350992461682,1.28649797303763,-13.856119057156892,16.925929844728433,6
2026-03-22T06:54:00.416Z,32.1460695925992,34.802793530278315,17.569466385043885,9.780421734417066,1.3760743316312742,-14.18414101887063,17.284099233470066,7
2026-03-22T06:54:01.416Z,32.14592682546273,34.80279163374958,22.38896307404022,10.064271395639162,1.4337606317097686,-14.329195667315991,17.569037445072194,6
2026-03-22T06:54:02.416Z,32.14578453297968,34.80271923814948,25.49588013208659,10.176642161992248,1.459400029602344,-14.494383896053735,17.770229561427264,7
2026-03-22T06:54:03.416Z,32.145642739190265,34.80270575372034,27.75363511150555,10.285001866294369,1.5899015242298222,-14.703188271145516,18.01368356508957,7
2026-03-22T06:54:04.416Z,32.14542624576617,34.80260393169661,33.2806671935887,10.36208177763633,1.518429176883203,-14.989580544097612,18.285674469912855,6
2026-03-22T06:54:05.416Z,32.145331434351306,34.80265127204599,32.36305678530282,13.008047396974899,1.003737330304573,-14.90910626633891,19.811568220895047,6
2026-03-22T06:54:06.416Z,32.145090882648525,34.802409983072565,39.144440896722145,13.14333734979824,0.4703243458410243,-15.253510557130868,20.140459428657408,7
2026-03-22T06:54:07.416Z,32.14493834325094,34.8023992862873,43.6195570806364,11.480846808497745,1.3466209671427651,-15.54083951566681,19.36855503957516,7
2026-03-22T06:54:08.416Z,32.144900680793306,34.80243784832098,32.53572970245429,10.58861316476853,1.6063866081809217,-15.7509955670245,19.04712755353095,7
2026-03-22T06:54:09.416Z,32.14468101202177,34.80234038908764,39.28562116913402,10.68967968423117,1.5352502196212858,-15.901220282936361,19.221733831129242,8
2026-03-22T06:54:10.416Z,32.144484084151856,34.80238758149642,39.47312530808456,10.960380708579594,1.5279024859185546,-15.822324853667997,19.308298606000474,8
2026-03-22T06:54:11.416Z,,,,,,,,0
2026-03-22T06:54:12.416Z,32.14412890906667,34.80235181558462,33.67756807608371,10.771405713736105,1.044457466916807,-15.328329182985081,18.763575032281487,6
2026-03-22T06:54:13.416Z,32.14400405279168,34.802199774724734,30.945076188937577,11.054644956532535,0.8622703719372768,-15.805347989085766,19.30693425599747,5
2026-03-22T06:54:14.416Z,32.14380881992131,34.802060530799764,37.02589053274147,12.211084528107657,0.47861946635692304,-15.060970343351263,19.3951666563985,7
2026-03-22T06:54:15.416Z,32.143670774585246,34.802054715737405,36.653253453034075,12.392520765318114,0.26733416222494333,-15.116271548391731,19.548598517485864,6
2026-03-22T06:54:16.416Z,32.143534589005135,34.80179029244231,38.548982980229496,13.356329863338157,-0.9390992449904435,-15.157983601293115,20.22468594730982,6
2026-03-22T06:54:17.416Z,32.143496349534765,34.801855303669015,38.00961110068076,13.400771839560093,-1.6212365623838267,-15.144926225947328,20.28738239094793,5
2026-03-22T06:54:18.416Z,,,,,,,,0
2026-03-22T06:54:19.416Z,,,,,,,,0
2026-03-22T06:54:20.416Z,,,,,,,,0
2026-03-22T06:54:21.416Z,,,,,,,,0
2026-03-22T06:54:22.416Z,,,,,,,,0
2026-03-22T06:54:23.416Z,,,,,,,,0
2026-03-22T06:54:24.416Z,,,,,,,,0
2026-03-22T06:54:25.416Z,,,,,,,,0
2026-03-22T06:54:26.416Z,,,,,,,,0
2026-03-22T06:54:27.416Z,,,,,,,,0
2026-03-22T06:54:28.416Z,,,,,,,,0
2026-03-22T06:54:29.416Z,,,,,,,,0
2026-03-22T06:54:30.416Z,,,,,,,,0
2026-03-22T06:54:31.416Z,,,,,,,,0
2026-03-22T06:54:32.416Z,,,,,,,,0
2026-03-22T06:54:33.416Z,,,,,,,,0
2026-03-22T06:54:34.416Z,,,,,,,,0
2026-03-22T06:54:35.416Z,,,,,,,,0
2026-03-22T06:54:36.416Z,,,,,,,,0
2026-03-22T06:54:37.416Z,,,,,,,,0
2026-03-22T06:54:38.416Z,,,,,,,,0
2026-03-22T06:54:39.416Z,,,,,,,,0
2026-03-22T06:54:40.416Z,,,,,,,,0
2026-03-22T06:54:41.416Z,,,,,,,,0
2026-03-22T06:54:42.416Z,,,,,,,,0
2026-03-22T06:54:43.416Z,,,,,,,,0
2026-03-22T06:54:44.416Z,32.14009004226986,34.80316663000854,37.620423111638914,30.52463648068151,27.359794183502387,27.60261254397294,49.41878174635688,5
2026-03-22T06:54:45.416Z,,,,,,,,0
2026-03-22T06:54:46.416Z,,,,,,,,0
2026-03-22T06:54:47.416Z,,,,,,,,0
2026-03-22T06:54:48.416Z,,,,,,,,0
2026-03-22T06:54:49.416Z,,,,,,,,0
2026-03-22T06:54:50.416Z,32.14026583170115,34.804360650271725,48.28244822451849,-12.873183779057271,15.234008472649922,1.7842772049711255,20.024423085280944,5
2026-03-22T06:54:51.416Z,,,,,,,,0
2026-03-22T06:54:52.416Z,,,,,,,,0
2026-03-22T06:54:53.416Z,32.14029210198427,34.80500714935057,51.6911089385357,-12.49321797772281,16.861340924211625,1.0112212779787586,21.00970922393804,5
2026-03-22T06:54:54.416Z,,,,,,,,0
2026-03-22T06:54:55.416Z,,,,,,,,0
2026-03-22T06:54:56.416Z,,,,,,,,0
2026-03-22T06:54:57.416Z,,,,,,,,0
2026-03-22T06:54:58.416Z,,,,,,,,0
2026-03-22T06:54:59.416Z,,,,,,,,0
2026-03-22T06:55:00.416Z,,,,,,,,0
2026-03-22T06:55:01.416Z,,,,,,,,0
2026-03-22T06:55:02.416Z,,,,,,,,0
2026-03-22T06:55:03.416Z,,,,,,,,0
2026-03-22T06:55:04.416Z,,,,,,,,0
2026-03-22T06:55:05.416Z,,,,,,,,0
2026-03-22T06:55:06.416Z,,,,,,,,0
2026-03-22T06:55:07.416Z,,,,,,,,0
2026-03-22T06:55:08.416Z,,,,,,,,0
2026-03-22T06:55:09.416Z,,,,,,,,0
2026-03-22T06:55:10.416Z,,,,,,,,0
2026-03-22T06:55:11.416Z,,,,,,,,0
2026-03-22T06:55:12.416Z,,,,,,,,0
2026-03-22T06:55:13.416Z,,,,,,,,0
2026-03-22T06:55:14.416Z,,,,,,,,0
2026-03-22T06:55:15.416Z,,,,,,,,0
2026-03-22T06:55:16.416Z,,,,,,,,0
2026-03-22T06:55:17.416Z,,,,,,,,0
2026-03-22T06:55:18.416Z,,,,,,,,0
2026-03-22T06:55:19.416Z,,,,,,,,0
2026-03-22T06:55:20.416Z,,,,,,,,0
2026-03-22T06:55:21.416Z,,,,,,,,0
2026-03-22T06:55:22.416Z,,,,,,,,0
2026-03-22T06:55:23.416Z,,,,,,,,0
2026-03-22T06:55:24.416Z,,,,,,,,0
2026-03-22T06:55:25.416Z,,,,,,,,0
2026-03-22T06:55:26.416Z,,,,,,,,0
2026-03-22T06:55:27.416Z,,,,,,,,0
2026-03-22T06:55:28.416Z,,,,,,,,0
2026-03-22T06:55:29.416Z,,,,,,,,0
2026-03-22T06:55:30.416Z,,,,,,,,0
2026-03-22T06:55:31.416Z,,,,,,,,0
2026-03-22T06:55:32.416Z,,,,,,,,0
2026-03-22T06:55:33.416Z,,,,,,,,0
2026-03-22T06:55:34.416Z,,,,,,,,0
2026-03-22T06:55:35.416Z,,,,,,,,0
2026-03-22T06:55:36.416Z,,,,,,,,0
2026-03-22T06:55:37.416Z,,,,,,,,0
2026-03-22T06:55:38.416Z,32.13851243662509,34.81579733612366,49.584224522646714,-15.400950446098742,20.978499229127546,2.3822674483586397,26.133539805108747,6
2026-03-22T06:55:39.416Z,32.13851489267454,34.81613903034213,49.99596184529415,-14.88551691491443,21.150054270168138,2.0818639289893155,25.946821903155847,5
2026-03-22T06:55:40.416Z,32.13849406091834,34.81635130145812,51.69292055832257,-14.949631601012134,21.32374428426027,1.4919455271050044,26.084851097185734,5
2026-03-22T06:55:41.416Z,32.13849346590701,34.81660523619608,52.32142932035612,-14.48272779648185,21.636295558116327,1.19218352737557,26.06338411388855,5
2026-03-22T06:55:42.416Z,32.13855555996599,34.81689430636763,47.89689078834688,-14.259457052578618,22.065534998819082,1.0477524883842604,26.292921775553193,5
2026-03-22T06:55:43.416Z,,,,,,,,0
2026-03-22T06:55:44.416Z,,,,,,,,0
2026-03-22T06:55:45.416Z,,,,,,,,0
2026-03-22T06:55:46.416Z,,,,,,,,0
2026-03-22T06:55:47.416Z,,,,,,,,0
2026-03-22T06:55:48.416Z,,,,,,,,0
2026-03-22T06:55:49.416Z,,,,,,,,0
2026-03-22T06:55:50.416Z,32.13850503721831,34.8191323001391,54.18114136690819,-13.920100583890271,22.447530133877738,-2.070740333367286,26.49431589804133,5
2026-03-22T06:55:51.416Z,32.13853885753883,34.819463040056114,54.584834661981176,-13.560797433827307,22.84733836028859,-2.5086534607050943,26.68687766256516,5
2026-03-22T06:55:52.416Z,32.138516949866336,34.81979342540583,51.91957510233472,-12.857946494089505,23.200709822961016,-3.1807081774684645,26.715475456078323,6
2026-03-22T06:55:53.416Z,32.13840297375586,34.82005684211262,43.95822840806107,-11.858885758246634,23.657091036093867,-3.873707431980885,26.745032005697087,6
2026-03-22T06:55:54.416Z,32.13845215049044,34.82043601904586,29.204754208099168,-12.532750327736412,23.455126548099965,-4.872618459839985,27.0361832147205,5
2026-03-22T06:55:55.416Z,32.138245257830924,34.820385650043455,60.65980673182127,-17.136596743741993,22.058492624636,-6.458298909908368,28.66966462375298,5
2026-03-22T06:55:56.416Z,32.1382596470767,34.82069669014975,67.17415537033162,-11.606953064138612,23.795962826972357,-4.4279429088269575,26.843544562885096,6
2026-03-22T06:55:57.416Z,,,,,,,,0
2026-03-22T06:55:58.416Z,,,,,,,,0
2026-03-22T06:55:59.416Z,,,,,,,,0
2026-03-22T06:56:00.416Z,,,,,,,,0
2026-03-22T06:56:01.416Z,,,,,,,,0
2026-03-22T06:56:02.416Z,,,,,,,,0
2026-03-22T06:56:03.416Z,,,,,,,,0
2026-03-22T06:56:04.416Z,,,,,,,,0
2026-03-22T06:56:05.416Z,,,,,,,,0
2026-03-22T06:56:06.416Z,,,,,,,,0
2026-03-22T06:56:07.416Z,,,,,,,,0
2026-03-22T06:56:08.416Z,,,,,,,,0
2026-03-22T06:56:09.416Z,,,,,,,,0
2026-03-22T06:56:10.416Z,,,,,,,,0
2026-03-22T06:56:11.416Z,,,,,,,,0
2026-03-22T06:56:12.416Z,,,,,,,,0
2026-03-22T06:56:13.416Z,,,,,,,,0
2026-03-22T06:56:14.416Z,,,,,,,,0
2026-03-22T06:56:15.416Z,,,,,,,,0
2026-03-22T06:56:16.416Z,,,,,,,,0
2026-03-22T06:56:17.416Z,,,,,,,,0
2026-03-22T06:56:18.416Z,,,,,,,,0
2026-03-22T06:56:19.416Z,,,,,,,,0
2026-03-22T06:56:20.416Z,,,,,,,,0
2026-03-22T06:56:21.416Z,,,,,,,,0
2026-03-22T06:56:22.416Z,,,,,,,,0
2026-03-22T06:56:23.416Z,,,,,,,,0
2026-03-22T06:56:24.416Z,,,,,,,,0
2026-03-22T06:56:25.416Z,,,,,,,,0
2026-03-22T06:56:26.416Z,,,,,,,,0
2026-03-22T06:56:27.416Z,,,,,,,,0
2026-03-22T06:56:28.416Z,,,,,,,,0
2026-03-22T06:56:29.416Z,,,,,,,,0
2026-03-22T06:56:30.416Z,,,,,,,,0
2026-03-22T06:56:31.416Z,,,,,,,,0
2026-03-22T06:56:32.416Z,32.13588894814986,34.83094056369648,65.5884113292205,-6.964152282297872,23.75177957451384,-11.033851686169234,27.099674038624656,8
2026-03-22T06:56:33.416Z,32.13576329546568,34.83120358493556,70.1378795654789,-7.080139533494181,23.76499538208247,-11.879477297360397,27.495915372699443,7
2026-03-22T06:56:34.416Z,32.135637062669396,34.8314260969436,72.43395492489519,-6.845371611662625,23.849378117540823,-12.676599567763697,27.863024345835438,7
2026-03-22T06:56:35.416Z,32.13551905550001,34.831674388051866,76.88384130207218,-6.421698486798457,24.058489558240037,-13.069228768386521,28.122124241950793,7
2026-03-22T06:56:36.416Z,32.13533560032725,34.83195097663146,75.48967804756897,-6.005121634120511,24.252803384496556,-13.589623732872841,28.441832413694634,7
2026-03-22T06:56:37.416Z,32.13526836596898,34.8321821918392,74.05312296373641,-5.7699979304376665,24.384334597494362,-13.825254130416747,28.618635565841025,8
2026-03-22T06:56:38.416Z,32.135090744108474,34.8323960744042,73.49613978963814,-5.551537936950247,24.353455519137185,-14.032607133149899,28.65003371972397,8
2026-03-22T06:56:39.416Z,32.13490074844495,34.83271065358627,71.70540492728307,-5.433949157132546,24.189842813956044,-13.859920471934418,28.403761974332717,8
2026-03-22T06:56:40.416Z,32.1348069986504,34.832885176565135,72.0744890841615,-5.104566266019925,24.027231927256434,-12.533724234250158,27.576415902553205,8
2026-03-22T06:56:41.416Z,32.13456224602002,34.83323113833434,71.08255553642935,-7.849291019658294,24.40708760948259,-15.127278094624025,29.768302565654274,5
2026-03-22T06:56:42.416Z,32.134510020138464,34.833367684846415,73.80605193487077,-5.647987627988021,23.101457775836423,-13.817104057160368,27.504353839729745,8
2026-03-22T06:56:43.416Z,32.134337722158044,34.83361578877304,73.65136154512949,-5.175800279456044,23.217071714819305,-13.055796438810383,27.134390507168828,8
2026-03-22T06:56:44.416Z,32.134130645948936,34.833889739522576,71.86133853158499,-5.296109151980092,22.858746186666487,-13.155850765875941,26.90069625028552,8
2026-03-22T06:56:45.416Z,32.13394455397018,34.83410080075531,62.63458657859814,-5.966490975991457,22.716063161153038,-13.120758640947841,26.903026733475343,8
2026-03-22T06:56:46.416Z,32.13392909067043,34.83430030782755,65.06844662360187,-5.14698037265954,22.748256647548807,-13.170108279064257,26.784815465886037,7
2026-03-22T06:56:47.416Z,32.133797647725046,34.83450349480427,68.61175250358045,-6.056521234291853,22.694130436446315,-13.424394422164758,27.054008415200055,8
2026-03-22T06:56:48.416Z,32.13359830056852,34.83472462374367,70.86785221707237,-5.817327169245214,22.499987482426828,-13.340452184836108,26.79661166265804,7
2026-03-22T06:56:49.416Z,32.133362316959314,34.834964675615154,69.19574081196004,-0.5448107620689528,17.336110562558844,-6.223930528029555,18.427557066021222,6
2026-03-22T06:56:50.416Z,32.133304477892814,34.83517458323566,76.33319348713908,-5.274662746779944,22.678543773507528,-13.173067681220838,26.751974261971586,5
2026-03-22T06:56:51.416Z,32.133198810641325,34.835429997125715,78.0128200747426,-4.693150962413027,22.68581294469452,-12.457095712921737,26.303060820341056,6
2026-03-22T06:56:52.416Z,32.13298763463621,34.835658543967384,78.1606179907979,-5.696245650386018,22.65255218225254,-12.108684237490401,26.30979986321569,7
2026-03-22T06:56:53.416Z,32.13297739638945,34.83588151427628,81.33100414013917,-6.953706255166692,22.926575976714624,-11.646932713804652,26.63893688455126,6
2026-03-22T06:56:54.416Z,32.132840465131885,34.83607487194694,84.27707204476856,-7.147284860811707,22.97018368853092,-11.140135575175634,26.51067030838213,6
2026-03-22T06:56:55.416Z,32.132702693633334,34.83633502656469,90.58691403755027,-7.579099795277508,23.07266591178897,-10.500261982862964,26.45838558363986,5
2026-03-22T06:56:56.416Z,32.132536716415615,34.8365764662041,93.45422283461997,-7.9220244291048285,23.190380322153054,-9.84362746212135,26.40926375638796,5
2026-03-22T06:56:57.416Z,32.132411135008724,34.836813764489946,92.50875224402463,-8.436153034632882,23.09640981104266,-9.917047695368883,26.513405273099007,5
2026-03-22T06:56:58.416Z,32.13231761782063,34.837120452936894,91.25025514813528,-8.007401848050778,22.94461877267881,-9.841426621122258,26.218842326057526,7
2026-03-22T06:56:59.416Z,32.13217358985377,34.83738326048221,87.00845812461982,-8.680358636732286,22.78593033798584,-10.12870869560033,26.403370755836573,8
2026-03-22T06:57:00.416Z,32.13213284080697,34.83758080868171,86.7087473871278,-8.48982307945356,22.91477570210782,-9.826004301006261,26.338458609450303,8
2026-03-22T06:57:01.416Z,32.13200411831618,34.83795360530984,85.68473198762806,-7.80092790138975,22.5549151710012,-9.419006170822945,25.65728652332007,8
2026-03-22T06:57:02.416Z,32.13191238513203,34.83808774316374,85.5727890837405,-8.413967845615026,22.43552273971061,-9.694545993680345,25.84824476699915,8
2026-03-22T06:57:03.416Z,32.13180481782821,34.8383111880054,85.52776897445318,-9.058640010332319,21.989363788635277,-10.196979623293437,25.876040502820352,8
2026-03-22T06:57:04.416Z,32.131730533429014,34.83857311546927,83.67858810610694,-8.032824256086364,22.404548448040156,-9.648348683074214,25.682303031463668,6
2026-03-22T06:57:05.416Z,32.13158105976407,34.838849844270335,82.11110485862677,-8.592704756050962,22.019060096546994,-9.923720657491979,25.635011493033158,6
2026-03-22T06:57:06.416Z,32.131530059913416,34.839065876028634,79.58782640126536,-8.552346031602333,21.85893658065061,-9.582721174229595,25.35319065096537,7
2026-03-22T06:57:07.416Z,32.13137389411674,34.83937355095538,77.84091752982047,-8.62484176504683,21.959979324245477,-9.770331019273153,25.536012915479898,7
2026-03-22T06:57:08.416Z,32.13129763747246,34.83963574705485,76.13298771643275,-8.311108907383609,22.24748408706971,-9.59779143439664,25.615282155248433,6
2026-03-22T06:57:09.416Z,32.13116513668043,34.83992681986145,72.66802980447976,-7.738480108596814,21.896894752470693,-9.071127162879963,24.932778068178962,5
2026-03-22T06:57:10.416Z,32.13109473620334,34.84006496196881,74.75529552104317,-8.268113077526024,21.61099006721288,-9.267196549122467,24.92543916218926,6
2026-03-22T06:57:11.416Z,32.13104523979331,34.840303851556826,71.48507717670569,-7.695392383238161,21.74980865874168,-9.120728393463812,24.80848498097398,7
2026-03-22T06:57:12.416Z,32.130915692211666,34.840567562085916,73.89482231079387,-8.207414722377536,21.842619349918387,-9.490748590813714,25.189997723393333,7
2026-03-22T06:57:13.416Z,32.130855368568476,34.84084621772677,70.16143756350817,-8.337512698232473,21.798210334361077,-9.92407344123868,25.360664925063237,7
2026-03-22T06:57:14.416Z,32.1306881169999,34.841058176241624,74.74556006149609,-7.419998695689813,21.71879699293004,-9.23915410992584,24.74114977383034,8
2026-03-22T06:57:15.416Z,32.13002134297628,34.84151085532259,124.01143196796315,-33.7368743586805,-1.0565364875725254,-16.21538293687434,37.446383064755956,5
2026-03-22T06:57:16.416Z,32.1304453559281,34.84151136254053,117.06974077885305,-12.279010160808948,16.361334329862583,-11.310255963171915,23.374970407152503,6
2026-03-22T06:57:17.416Z,32.13043417793298,34.84177427222757,102.5975375117408,-7.698038035992113,22.410225478389687,-10.140733490615679,25.77425985985906,7
2026-03-22T06:57:18.416Z,32.13030672877413,34.84195351074104,95.60508153181101,-8.006612400524748,22.175697797115223,-10.034706430131328,25.623480404896927,6
2026-03-22T06:57:19.416Z,32.13018400406804,34.8422187785945,86.84829186531232,-7.530605015897955,21.835897102072096,-9.494665868899208,24.973287611361616,6
2026-03-22T06:57:20.416Z,32.130088041924346,34.84242699790906,90.67552806550763,-8.162454787266906,21.452244894529002,-9.354475027035404,24.785695112311277,8
2026-03-22T06:57:21.416Z,32.130047868899695,34.842659163337245,82.31299317689141,-7.739280620973911,20.82326191060153,-9.299992185983465,24.083076128000016,5
2026-03-22T06:57:22.416Z,32.1298991689984,34.84297514315889,77.55632635211428,-7.622793377645441,20.239237809390666,-8.883232006701201,23.38045202446318,7
2026-03-22T06:57:23.416Z,32.12975581422216,34.843043677989485,79.3724002512553,-7.5400621331762325,20.001472537913756,-8.767376507423746,23.103643251227762,7
2026-03-22T06:57:24.416Z,32.12967787017681,34.84311117799987,90.03121385483877,-7.511922607783058,19.929762218739246,-8.621954968614073,22.97743481856966,6
2026-03-22T06:57:25.416Z,32.12875180573325,34.842422284129384,209.8646811008454,-58.91174778267576,1.2085676821040299,-27.0961800707758,64.85566773289545,5
2026-03-22T06:57:26.416Z,,,,,,,,0
2026-03-22T06:57:27.416Z,,,,,,,,0
2026-03-22T06:57:28.416Z,,,,,,,,0
2026-03-22T06:57:29.416Z,,,,,,,,0
2026-03-22T06:57:30.416Z,,,,,,,,0
2026-03-22T06:57:31.416Z,,,,,,,,0
2026-03-22T06:57:32.416Z,,,,,,,,0
2026-03-22T06:57:33.416Z,,,,,,,,0
2026-03-22T06:57:34.416Z,32.12880447191138,34.84538395127812,175.31971093293282,-7.343515422120387,20.204014759451642,-8.782163515772378,23.221882507084203,5
2026-03-22T06:57:35.416Z,32.12859698961286,34.845632440129556,156.18557071163877,-7.696175622722985,20.271371653502666,-9.184585461141474,23.548168464303934,5
2026-03-22T06:57:36.416Z,32.1285397354807,34.84585751971528,138.38859067557118,-8.193877005048959,20.12465736744096,-9.444667482555204,23.69268238057484,6
2026-03-22T06:57:37.416Z,32.128549035630414,34.84622564709744,119.12119101494926,-7.497384145571279,20.348642416421267,-9.213246824192467,23.561874591405815,7
2026-03-22T06:57:38.416Z,32.128428208953736,34.846480906781565,101.57511681608,-7.43229442575001,20.26418637359277,-9.276110705460969,23.4930304480862,6
2026-03-22T06:57:39.416Z,,,,,,,,0
2026-03-22T06:57:40.416Z,32.128211687894144,34.84689049180948,91.72303434682783,-7.64471169698074,20.52072006672195,-9.502377430793626,23.871253545299524,6
2026-03-22T06:57:41.416Z,32.12817265628089,34.84709209297781,81.78840094391656,-7.397134174663278,20.693141206532147,-9.40244686633851,23.902503928788903,7
2026-03-22T06:57:42.416Z,32.12804680290464,34.84734847111709,72.05588338206988,-9.024483229848773,20.249142694979888,-10.101994788606001,24.362253100986,5
2026-03-22T06:57:43.416Z,32.127940873980066,34.8475913310816,64.63360400713654,-7.781788170969965,21.094774746906804,-9.715793396428541,24.493721442089388,5
2026-03-22T06:57:44.416Z,32.13057080844137,34.84631859094705,-100.9406411096253,-11.780224163690866,15.998179776896759,-9.321036453870327,21.945322009373527,5
2026-03-22T06:57:45.416Z,,,,,,,,0
2026-03-22T06:57:46.416Z,,,,,,,,0
2026-03-22T06:57:47.416Z,,,,,,,,0
2026-03-22T06:57:48.416Z,,,,,,,,0
2026-03-22T06:57:49.416Z,32.12736942178,34.84896309220127,-51.029772791308275,-8.119767092040778,22.41098819821911,-10.020894045627081,25.857326372295123,6
2026-03-22T06:57:50.416Z,32.12727724816852,34.84917450635548,-13.163160421207028,-8.434692520154542,22.13299199491129,-10.437695627468996,25.883563560067298,7
2026-03-22T06:57:51.416Z,,,,,,,,0
2026-03-22T06:57:52.416Z,,,,,,,,0
2026-03-22T06:57:53.416Z,32.1268789686952,34.849991363131515,0.054121686900026944,-7.673264432530875,22.686161480626357,-9.967545002196053,25.940178548872826,7
2026-03-22T06:57:54.416Z,32.126799935207245,34.85022162148479,12.024395317926066,-8.210891504084156,22.2862863973772,-10.05377597531255,25.791000601751247,6
2026-03-22T06:57:55.416Z,32.12672905520269,34.8504382685088,20.14264441562527,-8.434312199947238,22.563493273103873,-10.000310266316108,26.08169964542514,7
2026-03-22T06:57:56.416Z,32.12654349022502,34.85072981151841,33.68941848130135,-8.56426810487683,22.80386886041096,-10.099202072897825,26.3696227823656,7
2026-03-22T06:57:57.416Z,32.12647549364203,34.85096813555009,38.907525596887126,-9.186425102699959,22.87306760713877,-10.194216526281775,26.67376386101094,6
2026-03-22T06:57:58.416Z,32.12637164908634,34.85127731643266,36.694399313730926,-9.335168316109261,22.505804204524047,-10.20262103310669,26.414959139238764,6
2026-03-22T06:57:59.416Z,32.126275234436726,34.85147425016174,37.626941405513186,-8.3048016346095,22.38766705831636,-9.730353537720331,25.784823956607937,6
2026-03-22T06:58:00.416Z,32.12607329965509,34.85158483253546,46.86388659310322,-9.747381642344584,21.915934584761132,-10.270946546397951,26.092373992490778,6
2026-03-22T06:58:01.416Z,32.12604463927491,34.85192014373071,47.889673708607866,-8.529899749274032,22.55107343566022,-9.578303709587761,25.943284387029873,7
2026-03-22T06:58:02.416Z,32.12594618333064,34.852187198164714,49.715549835983495,-8.289933760237433,22.407508921199515,-9.498759548745175,25.71081272086975,7
2026-03-22T06:58:03.416Z,32.125884947794496,34.85221172664119,56.93699476005162,-8.396206694383489,22.57612313138242,-9.533679261554667,25.90499300830533,5
2026-03-22T06:58:04.416Z,,,,,,,,0
2026-03-22T06:58:05.416Z,32.12567649850408,34.85273522037359,60.034470953341,-9.08137534943409,21.995596089612963,-9.47972458720323,25.615284574330452,5
2026-03-22T06:58:06.416Z,,,,,,,,0
2026-03-22T06:58:07.416Z,,,,,,,,0
2026-03-22T06:58:08.416Z,,,,,,,,0
2026-03-22T06:58:09.416Z,,,,,,,,0
2026-03-22T06:58:10.416Z,,,,,,,,0
2026-03-22T06:58:11.416Z,32.12502958004564,34.854227912739866,68.5586498730078,14.926899542048115,8.840792206732312,-7.791340179774349,19.01780530392456,5
2026-03-22T06:58:12.416Z,32.12494195107178,34.854569081027755,68.34093170960855,-8.11817164882703,22.410387663228377,-9.059036643971115,25.498947645987453,5
2026-03-22T06:58:13.416Z,32.124803589620235,34.8548022720952,73.81573348745161,9.180540890208993,12.181329523261452,-7.861280500467401,17.160036453868898,6
2026-03-22T06:58:14.416Z,32.124830499611775,34.85511221035006,67.7653950144536,-7.9975877365392165,21.40653193630488,-8.767649575319016,24.475961640337545,5
2026-03-22T06:58:15.416Z,,,,,,,,0
2026-03-22T06:58:16.416Z,,,,,,,,0
2026-03-22T06:58:17.416Z,,,,,,,,0
2026-03-22T06:58:18.416Z,,,,,,,,0
2026-03-22T06:58:19.416Z,,,,,,,,0
2026-03-22T06:58:20.416Z,,,,,,,,0
2026-03-22T06:58:21.416Z,,,,,,,,0
2026-03-22T06:58:22.416Z,,,,,,,,0
2026-03-22T06:58:23.416Z,,,,,,,,0
2026-03-22T06:58:24.416Z,,,,,,,,0
2026-03-22T06:58:25.416Z,,,,,,,,0
2026-03-22T06:58:26.416Z,,,,,,,,0
2026-03-22T06:58:27.416Z,,,,,,,,0
2026-03-22T06:58:28.416Z,,,,,,,,0
2026-03-22T06:58:29.416Z,,,,,,,,0
2026-03-22T06:58:30.416Z,32.123100874088315,34.858937131772116,67.12018551680254,-7.914964260016179,22.1974273461774,-10.122680652712697,25.648413276905874,5
2026-03-22T06:58:31.416Z,,,,,,,,0
2026-03-22T06:58:32.416Z,,,,,,,,0
2026-03-22T06:58:33.416Z,32.122768465941824,34.859740198844975,64.37237780766651,-7.710083057093916,23.14136047368597,-11.272018463996144,26.870547920967898,5
2026-03-22T06:58:34.416Z,32.122669907030684,34.86002521520872,59.051964764385175,-8.417477644567601,22.427178801809298,-11.200013357466865,26.443762555895027,6
2026-03-22T06:58:35.416Z,32.12255357671642,34.860261184642766,57.78572853200721,-7.915855531239087,22.344824570576336,-10.982383710869824,26.12593932960228,6
2026-03-22T06:58:36.416Z,32.12237813473253,34.860556491510586,56.48882675393334,-7.727258152212633,22.021228050438804,-10.75756504601935,25.697669332445436,6
2026-03-22T06:58:37.416Z,32.12232038336846,34.86073856342946,53.01060907037171,-7.798179709926703,21.932633748556007,-10.63816614609084,25.593409481513863,6
2026-03-22T06:58:38.416Z,32.12217438801282,34.86099162755966,46.26966807413874,-7.710515525160662,22.106695919892747,-10.60874349147127,25.70415321745068,6
2026-03-22T06:58:39.416Z,32.12212687560068,34.86117766537725,49.98348740251754,-7.7962939617748095,22.24507797602764,-10.420882580610382,25.77247538473604,6
2026-03-22T06:58:40.416Z,32.121959993017974,34.861431488387495,45.41911087401411,-8.30748538746004,22.03216519321426,-10.241201263355281,25.677087449329097,6
2026-03-22T06:58:41.416Z,32.12186346066732,34.861669141083695,44.01733065426862,-8.549668220909561,22.336162762058784,-9.533112565736714,25.7464799305035,6
2026-03-22T06:58:42.416Z,32.121769126635655,34.86216071415647,35.026171811882264,-8.780331584493004,22.23554257112935,-8.919876345030083,25.516225625604942,5
2026-03-22T06:58:43.416Z,32.12165012905567,34.862708991549084,17.206765909324858,-8.205006956642581,21.84954458107144,-7.916599040541986,24.645431177552805,5
2026-03-22T06:58:44.416Z,32.121588155221055,34.86244883539613,26.049988998224627,-8.232470208481288,21.549991265351604,-7.126022775726076,24.144479490567385,5
2026-03-22T06:58:45.416Z,32.121451565363905,34.862833336705975,26.547303735179405,-9.575872850527524,21.539637133763385,-7.124402108256541,24.62540180593606,5
2026-03-22T06:58:46.416Z,32.1213878247843,34.86298768288174,28.42181066444654,-12.23080985215346,21.5584109055965,-7.718515995904808,25.960224952667776,5
2026-03-22T06:58:47.416Z,,,,,,,,0
2026-03-22T06:58:48.416Z,,,,,,,,0
2026-03-22T06:58:49.416Z,32.121264110589166,34.86377288357666,25.058526108002134,-11.290788993273148,21.556396628134628,-5.431551833177612,24.93314875816063,5
2026-03-22T06:58:50.416Z,,,,,,,,0
2026-03-22T06:58:51.416Z,,,,,,,,0
2026-03-22T06:58:52.416Z,32.12102893966097,34.864321691110895,40.27989247866951,-13.925540105364806,21.073539005046452,-5.375525696432262,25.824619841080747,5
2026-03-22T06:58:53.416Z,32.12103692209594,34.86476381136893,36.50120616564465,-11.448701511798522,22.08825093419323,-4.360713134765181,25.258254387068387,6
2026-03-22T06:58:54.416Z,32.12095772861273,34.86499417074541,41.55397245776796,-12.078888898260296,22.177063656673592,-4.5374700275275215,25.657559192163603,6
2026-03-22T06:58:55.416Z,32.120966388904186,34.86526961855384,44.064139313040926,-11.705336930104764,22.451767019084198,-4.341601667125159,25.68941922197727,7
2026-03-22T06:58:56.416Z,32.120938460688365,34.8656973269039,31.292339075899,-12.074506981113805,22.57197154776114,-4.5208844469524765,25.99473051548335,6
2026-03-22T06:58:57.416Z,32.120845358829655,34.86589188481802,26.043046754791945,-11.917961675416047,22.806122419402048,-4.481104005819186,26.119673110826007,6
2026-03-22T06:58:58.416Z,32.12068336285805,34.86591350401269,44.68918639142561,-12.417245015417963,22.833660140059223,-4.676705069814938,26.40900565100255,5
2026-03-22T06:58:59.416Z,32.12081364596269,34.86642655534411,41.120843030608924,-12.658638198291111,22.310913960566843,-4.7724043086989125,26.092026477005177,5
2026-03-22T06:59:00.416Z,,,,,,,,0
2026-03-22T06:59:01.416Z,,,,,,,,0
2026-03-22T06:59:02.416Z,32.120567962932,34.867149737649825,43.79987980469372,-11.674069133909526,22.50599126775885,-5.584443726160947,25.961308611439353,6
2026-03-22T06:59:03.416Z,32.12053584215923,34.86740268261525,43.78060172147194,-11.037998920358012,22.4972402016987,-5.913170574558125,25.747404201250518,6
2026-03-22T06:59:04.416Z,32.120490221451476,34.867744161491686,37.99380743146089,-10.116765658286255,22.294027079931222,-6.2016586756831735,25.255359058129883,5
2026-03-22T06:59:05.416Z,,,,,,,,0
2026-03-22T06:59:06.416Z,,,,,,,,0
2026-03-22T06:59:07.416Z,,,,,,,,0
2026-03-22T06:59:08.416Z,,,,,,,,0
2026-03-22T06:59:09.416Z,,,,,,,,0
2026-03-22T06:59:10.416Z,,,,,,,,0
2026-03-22T06:59:11.416Z,,,,,,,,0
2026-03-22T06:59:12.416Z,,,,,,,,0
2026-03-22T06:59:13.416Z,,,,,,,,0
2026-03-22T06:59:14.416Z,,,,,,,,0
2026-03-22T06:59:15.416Z,,,,,,,,0
2026-03-22T06:59:16.416Z,,,,,,,,0
2026-03-22T06:59:17.416Z,,,,,,,,0
2026-03-22T06:59:18.416Z,,,,,,,,0
2026-03-22T06:59:19.416Z,,,,,,,,0
2026-03-22T06:59:20.416Z,32.11910802996147,34.871740888524315,26.86573195700822,-8.282542385864453,20.351707060713867,-7.974649703455916,23.37493372293452,5
2026-03-22T06:59:21.416Z,32.11901563347519,34.87160514081155,34.42397760919217,-8.793374705536984,20.337085923177323,-8.285128840045575,23.65510224993394,6
2026-03-22T06:59:22.416Z,32.1189339596458,34.8718315396885,38.30017664209046,-8.311497410866828,20.24308495360504,-8.133017815982516,23.3454375937742,6
2026-03-22T06:59:23.416Z,32.11889095656956,34.87206437952191,39.79021310195353,-8.229166555494253,20.261164514192686,-8.15910531039236,23.341057583908206,6
2026-03-22T06:59:24.416Z,32.11877012742897,34.87219692125657,46.35703131641094,-7.602043857595655,20.58479771905074,-8.011154692680167,23.360298959069336,6
2026-03-22T06:59:25.416Z,32.11870724054898,34.87247954371736,48.337819800279796,-8.148376749406962,20.539868685222824,-8.252046829977708,23.5876774214974,6
2026-03-22T06:59:26.416Z,32.118614807578716,34.87278574566102,43.267989496956595,-8.458776944235714,20.712653476685663,-8.368939197178065,23.887320166223247,7
2026-03-22T06:59:27.416Z,32.11851476871646,34.87296662270997,44.314446969602734,-8.441153131846734,20.805099810806094,-8.422388790774349,23.98003080222899,6
2026-03-22T06:59:28.416Z,32.118414847823914,34.873230145662674,44.52249416484009,-7.791563773195869,21.25146463934645,-8.20321524461839,24.075422233030732,6
2026-03-22T06:59:29.416Z,32.11834781547148,34.87344581211329,44.98013016004984,-8.414793564825912,21.193979150218144,-8.505362991418814,24.33792724482333,6
2026-03-22T06:59:30.416Z,32.11823311434698,34.87374688395727,45.38329943135989,-9.460064676234728,21.024252895297725,-8.77255587733504,24.66718001930793,6
2026-03-22T06:59:31.416Z,32.118122955611945,34.87379548019363,55.03516876585462,-8.58091491984739,21.47840891036585,-8.001249680994533,24.473948325518663,6
2026-03-22T06:59:32.416Z,32.11804925327149,34.874243656638846,50.26562833130136,-9.83376984057904,21.4439686693918,-8.044549350304033,24.925119775455766,6
2026-03-22T06:59:33.416Z,32.11799106458103,34.87438427808425,51.454937581504055,-8.804565571442177,22.14458466366212,-6.879421159396976,24.803819067157445,6
2026-03-22T06:59:34.416Z,32.117913568876666,34.874654126085844,51.349737695696966,-9.468314501085755,22.232935772104543,-6.427040536109701,25.005184714190655,6
2026-03-22T06:59:35.416Z,32.11780888413842,34.87490983518209,53.83837956041978,-10.777682686831348,22.046325105228043,-6.245008512037603,25.321908025637693,5
2026-03-22T06:59:36.416Z,32.117716366441655,34.87513376897928,60.869956924753836,-11.24940119004086,22.10759137692676,-5.6575074880321585,25.44213070088272,5
2026-03-22T06:59:37.416Z,32.117637384783414,34.87531925525916,68.41450674061721,-11.713534954668713,22.16112926653135,-5.194622974193116,25.598958169155498,5
2026-03-22T06:59:38.416Z,32.1176248447837,34.87571778968739,67.12961591362155,-12.253880384472703,22.222324348847085,-4.458331648522924,25.76559731561735,5
2026-03-22T06:59:39.416Z,32.11765552141487,34.87602407237302,59.84586291746981,-12.664650219976574,22.283034060007562,-3.937062769409971,25.931205821636677,6
2026-03-22T06:59:40.416Z,32.11757378605191,34.87624899306645,54.29012588784154,-12.861302794430966,22.30919035842988,-3.246581916756619,25.954833425797776,6
2026-03-22T06:59:41.416Z,32.117528691474504,34.876521988112984,48.44121031640136,-13.342452079524975,21.857100227601908,-2.766151646089955,25.75665841647596,7
2026-03-22T06:59:42.416Z,32.11746294844793,34.87682603180846,41.80492340105612,-13.759039122606424,21.816156675229117,-2.128010564430306,25.880190853583077,7
2026-03-22T06:59:43.416Z,32.11750372040481,34.87707902790726,40.644619317242125,-14.247802852749166,21.591123783864766,-2.217168455984671,25.963288473211392,7
2026-03-22T06:59:44.416Z,32.11741126440348,34.87728002202494,42.96711348456967,-14.477997947197041,21.68828859632373,-1.0991260173317992,26.09985373136109,5
2026-03-22T06:59:45.416Z,32.11744454090785,34.87762541270888,44.62770566097999,-14.860175717694633,21.467128459702398,-0.36816928396944976,26.111261464888756,5
2026-03-22T06:59:46.416Z,32.11739737275129,34.8779487727529,39.48893776056268,-14.691435448518043,20.70587895748403,0.5620618833241209,25.394637475274937,6
2026-03-22T06:59:47.416Z,32.11752303791925,34.87822127467841,36.66566188530468,-14.324068782735525,20.28142026080626,1.3456622137291776,24.866156942347153,7
2026-03-22T06:59:48.416Z,32.11751514117647,34.87832460922235,43.59571206544156,-13.508897470566195,19.485300412069897,2.5311257880568787,23.844786448484868,5
2026-03-22T06:59:49.416Z,,,,,,,,0
2026-03-22T06:59:50.416Z,32.11760946530468,34.87927269824516,56.43956401376819,-15.916983650758628,20.019561912787466,2.8305956272711477,25.73218800109261,5
2026-03-22T06:59:51.416Z,32.11758105424476,34.87932076675897,49.26683630685858,-16.33414929967369,19.636220186232975,3.225740985036983,25.744727255280864,5
2026-03-22T06:59:52.416Z,32.117672241023236,34.879579348889806,40.79834178302905,-16.491243217761344,19.175203791361128,3.5448878277657356,25.5385154818958,7
2026-03-22T06:59:53.416Z,32.11766714447912,34.879834330278875,38.04587884023741,-16.589889610320487,18.520811849142902,3.998315116365603,25.183951886146254,6
2026-03-22T06:59:54.416Z,,,,,,,,0
2026-03-22T06:59:55.416Z,,,,,,,,0
2026-03-22T06:59:56.416Z,32.11786719355276,34.88062927862324,34.59046422896875,-16.336644370697094,17.35548794582839,6.000580328194681,24.578565365121303,5
2026-03-22T06:59:57.416Z,32.117893066126015,34.880844450580135,39.598871961286065,-16.756608479957986,16.951670255825785,6.564610882230702,24.72321112331386,6
2026-03-22T06:59:58.416Z,32.117965694301866,34.881146152032706,39.57217441363039,-16.96953921370558,16.518373042440327,7.0958612519784925,24.721916511509388,5
2026-03-22T06:59:59.416Z,,,,,,,,0
2026-03-22T07:00:00.416Z,,,,,,,,0
2026-03-22T07:00:01.416Z,,,,,,,,0
2026-03-22T07:00:02.416Z,,,,,,,,0
2026-03-22T07:00:03.416Z,,,,,,,,0
2026-03-22T07:00:04.416Z,,,,,,,,0
2026-03-22T07:00:05.416Z,,,,,,,,0
2026-03-22T07:00:06.416Z,,,,,,,,0
2026-03-22T07:00:07.416Z,,,,,,,,0
2026-03-22T07:00:08.416Z,,,,,,,,0
2026-03-22T07:00:09.416Z,,,,,,,,0
2026-03-22T07:00:10.416Z,,,,,,,,0
2026-03-22T07:00:11.416Z,,,,,,,,0
2026-03-22T07:00:12.416Z,32.11949866140636,34.88437601847757,38.36415894839571,-18.725314074382286,13.468533324427993,12.081717484775714,26.038561298148213,5
2026-03-22T07:00:13.416Z,32.11965268438481,34.88463208211796,33.608377499909544,-18.788050440298925,13.710407424511159,12.073189493702687,26.205495905327954,5
2026-03-22T07:00:14.416Z,32.11970691812452,34.8848736203074,37.713041096928904,-18.91923483358741,13.878023919798629,11.819048512626688,26.272169730548587,7
2026-03-22T07:00:15.416Z,32.11984537520913,34.88511901786432,42.15933341728745,-18.823525889126618,13.902383079016374,11.888819443365913,26.24776961822273,7
2026-03-22T07:00:16.416Z,32.119988909108116,34.88529741747167,43.53595689206539,-19.49689391322727,13.370840457911688,11.474851950373996,26.278897885900175,7
2026-03-22T07:00:17.416Z,32.120128824719366,34.885560627659295,47.03940918688677,-19.058383934439995,13.728492888694017,11.613503424843463,26.202423112878197,7
2026-03-22T07:00:18.416Z,32.1202647402711,34.88576502851066,44.44674191395483,-19.181025168936234,13.571482016630545,11.347568594548276,26.093373941808867,7
2026-03-22T07:00:19.416Z,32.12043844981282,34.8860648148785,37.30294458790028,-19.038402266148616,14.113762613744303,11.038731837689882,26.144074979796997,7
2026-03-22T07:00:20.416Z,32.12051158182331,34.88628591996141,39.56320159255348,-18.35859016517301,14.497834308876103,11.002027399563604,25.850911771176666,6
2026-03-22T07:00:21.416Z,,,,,,,,0
2026-03-22T07:00:22.416Z,32.120822394201,34.886675313596506,42.270067841361886,-18.128402600480115,15.11141067951956,10.299372791930598,25.750161037891633,5
2026-03-22T07:00:23.416Z,32.120875757336485,34.88699627835634,37.77719974304676,-18.706942514759323,14.97858178712954,8.929207950478382,25.574173793636522,6
2026-03-22T07:00:24.416Z,32.12094840253331,34.88715033638341,41.35109400143656,-17.780339308562866,15.425169788791152,9.319827454648301,25.316704223201672,6
2026-03-22T07:00:25.416Z,32.12102705083127,34.887474776707954,37.2784923703862,-17.882673853951857,15.701667686427317,8.93371769595413,25.41935687960679,6
2026-03-22T07:00:26.416Z,32.1210982947294,34.88773512008798,35.64779692611098,-17.946519092568156,16.006527006646717,8.910392895484486,25.645302803950756,6
2026-03-22T07:00:27.416Z,32.121170670215434,34.887962104509846,38.87152126330584,-18.097253185650345,16.25386812156793,8.809347024310174,25.870898646424642,6
2026-03-22T07:00:28.416Z,32.12137426129202,34.88823031085142,35.075628652276244,-18.20144926507858,16.289943139030523,8.994113380068848,26.02977292093826,6
2026-03-22T07:00:29.416Z,32.121385611428394,34.88846178348179,35.019044283339035,-18.169966541538173,16.5297146817952,8.99262070469695,26.158103500076543,7
2026-03-22T07:00:30.416Z,32.12151179824275,34.888717034019336,36.644035623940134,-18.3117504144191,17.01324917672495,8.465467042131614,26.390054623488883,7
2026-03-22T07:00:31.416Z,32.121589037560035,34.88903092859752,34.81465771002631,-18.089348176795554,17.629602618800792,8.152939029926161,26.54237782836831,7
2026-03-22T07:00:32.416Z,,,,,,,,0
2026-03-22T07:00:33.416Z,,,,,,,,0
2026-03-22T07:00:34.416Z,,,,,,,,0
2026-03-22T07:00:35.416Z,,,,,,,,0
2026-03-22T07:00:36.416Z,,,,,,,,0
2026-03-22T07:00:37.416Z,,,,,,,,0
2026-03-22T07:00:38.416Z,,,,,,,,0
2026-03-22T07:00:39.416Z,,,,,,,,0
2026-03-22T07:00:40.416Z,,,,,,,,0
2026-03-22T07:00:41.416Z,,,,,,,,0
2026-03-22T07:00:42.416Z,,,,,,,,0
2026-03-22T07:00:43.416Z,,,,,,,,0
2026-03-22T07:00:44.416Z,,,,,,,,0
2026-03-22T07:00:45.416Z,,,,,,,,0
2026-03-22T07:00:46.416Z,,,,,,,,0
2026-03-22T07:00:47.416Z,,,,,,,,0
2026-03-22T07:00:48.416Z,,,,,,,,0
2026-03-22T07:00:49.416Z,,,,,,,,0
2026-03-22T07:00:50.416Z,32.12227636982653,34.894493864170165,35.601193149806484,-15.578955326742149,24.455120011261023,-1.1421943835312545,29.018293399984383,5
2026-03-22T07:00:51.416Z,,,,,,,,0
2026-03-22T07:00:52.416Z,32.122238371637,34.895073798052536,38.695189760694895,-15.571892461267899,24.415458111656786,-2.8610526098170257,29.099554148878294,5
2026-03-22T07:00:53.416Z,32.122281150931784,34.89546175245605,36.46003686391959,-14.499087313104399,24.84803521446949,-2.5712035859442652,28.883550245994922,5
2026-03-22T07:00:54.416Z,32.12229890557238,34.89577105899173,45.567627459634636,-14.007551032564715,24.26142465265758,-3.025444725141211,28.177677830001723,7
2026-03-22T07:00:55.416Z,32.12216717857447,34.896057605713764,44.96029318906591,-14.14277453747451,24.54238087057104,-2.8757180833845726,28.471323905099915,7
2026-03-22T07:00:56.416Z,32.12213664688471,34.89643401450645,41.714396968280596,-14.29858788754213,24.565325482894455,-2.985270108727829,28.58000471099286,7
2026-03-22T07:00:57.416Z,32.12212845288036,34.89671394855961,40.91544764651653,-14.499229885446951,24.314447614890494,-3.2388141316669476,28.494033534545043,6
2026-03-22T07:00:58.416Z,32.12200777892472,34.896911419082635,49.138758473585376,-13.799956005763411,24.052608995458957,-2.774113699235973,27.868665057116164,7
2026-03-22T07:00:59.416Z,32.12207670188698,34.897344452984726,40.633445897294315,-14.275773817394674,23.94032564026802,-2.879441204454157,28.021921623924978,7
2026-03-22T07:01:00.416Z,32.12207900355919,34.897556854152384,37.01383403112765,-13.595841362647478,23.80635189519387,-2.6297744716324467,27.540969603260642,6
2026-03-22T07:01:01.416Z,32.12201535585749,34.89780782648938,42.28971282473895,-13.794933930467245,23.69557135705551,-2.5390524309422506,27.535923651302124,7
2026-03-22T07:01:02.416Z,32.12206189579837,34.89807385328496,45.39129801607688,-13.683868195942713,23.62985039975437,-2.409172454190614,27.412081107291637,7
2026-03-22T07:01:03.416Z,32.121980945974826,34.89843635762913,37.91236426546888,-14.04487391817369,23.109907122844902,-2.6163513706569983,27.16931329825345,6
2026-03-22T07:01:04.416Z,,,,,,,,0
2026-03-22T07:01:05.416Z,32.121903609718174,34.898972749623276,41.036344236964254,-12.954020124683288,23.4319332477968,-3.2867799830596853,26.975267482954575,6
2026-03-22T07:01:06.416Z,,,,,,,,0
2026-03-22T07:01:07.416Z,,,,,,,,0
2026-03-22T07:01:08.416Z,,,,,,,,0
2026-03-22T07:01:09.416Z,,,,,,,,0
2026-03-22T07:01:10.416Z,,,,,,,,0
2026-03-22T07:01:11.416Z,,,,,,,,0
2026-03-22T07:01:12.416Z,,,,,,,,0
2026-03-22T07:01:13.416Z,,,,,,,,0
2026-03-22T07:01:14.416Z,32.121623238791415,34.90156545989069,34.415917053821424,-13.572166474842039,23.412092736483054,-3.212308756654114,27.251581911342054,5
2026-03-22T07:01:15.416Z,32.12149737377593,34.90190127782167,34.94165715603348,-13.903820016205648,23.738119981792696,-3.4378884809257504,27.72424261400676,5
2026-03-22T07:01:16.416Z,,,,,,,,0
2026-03-22T07:01:17.416Z,,,,,,,,0
2026-03-22T07:01:18.416Z,,,,,,,,0
2026-03-22T07:01:19.416Z,,,,,,,,0
2026-03-22T07:01:20.416Z,,,,,,,,0
2026-03-22T07:01:21.416Z,32.12126936087414,34.90350434641806,43.08198210011369,-12.98600387911431,22.021545983365563,-3.619019015872866,25.820187506737927,5
2026-03-22T07:01:22.416Z,32.12121069517327,34.903791161542,50.096852904742576,-12.336926891567764,21.303843223464895,-3.1849482411618903,24.82332363960836,6
2026-03-22T07:01:23.416Z,,,,,,,,0
2026-03-22T07:01:24.416Z,,,,,,,,0
2026-03-22T07:01:25.416Z,,,,,,,,0
2026-03-22T07:01:26.416Z,,,,,,,,0
2026-03-22T07:01:27.416Z,,,,,,,,0
2026-03-22T07:01:28.416Z,,,,,,,,0
2026-03-22T07:01:29.416Z,,,,,,,,0
2026-03-22T07:01:30.416Z,,,,,,,,0
2026-03-22T07:01:31.416Z,,,,,,,,0
2026-03-22T07:01:32.416Z,,,,,,,,0
2026-03-22T07:01:33.416Z,,,,,,,,0
2026-03-22T07:01:34.416Z,32.12096051493059,34.90684071538638,53.88117227993774,-12.125848063731567,21.312656394659836,-3.2028861962361,24.729011178119862,7
2026-03-22T07:01:35.416Z,,,,,,,,0
2026-03-22T07:01:36.416Z,,,,,,,,0
2026-03-22T07:01:37.416Z,,,,,,,,0
2026-03-22T07:01:38.416Z,,,,,,,,0
2026-03-22T07:01:39.416Z,,,,,,,,0
2026-03-22T07:01:40.416Z,,,,,,,,0
2026-03-22T07:01:41.416Z,,,,,,,,0
2026-03-22T07:01:42.416Z,,,,,,,,0
2026-03-22T07:01:43.416Z,,,,,,,,0
2026-03-22T07:01:44.416Z,,,,,,,,0
2026-03-22T07:01:45.416Z,,,,,,,,0
2026-03-22T07:01:46.416Z,,,,,,,,0
2026-03-22T07:01:47.416Z,32.12037360604968,34.91051427342354,46.645813520330016,-13.415146286937986,22.70020715370203,-4.41770875829879,26.735401724942918,7
2026-03-22T07:01:48.416Z,32.120387106098825,34.91074447563964,35.62463401462707,-13.012600090815377,22.94067723774041,-4.531425443920824,26.760722146524415,5
2026-03-22T07:01:49.416Z,32.12029533795338,34.910906602795556,42.20105704529088,-12.584340149883426,23.02101791152015,-4.816978731765131,26.674635270098392,6
2026-03-22T07:01:50.416Z,32.12031831980605,34.911248274056796,41.035404245347785,-12.233848489509862,23.235178841714536,-5.108039191226216,26.75131116505964,5
2026-03-22T07:01:51.416Z,32.12013519383953,34.91159302322756,44.703435835320455,-11.953636555557939,23.33319496164459,-5.405956386533618,26.76848479973402,7
2026-03-22T07:01:52.416Z,32.120097305076065,34.91165561683933,52.7188775329094,-12.250178628667985,23.059161688296136,-5.872494746001582,26.763370653620488,6
2026-03-22T07:01:53.416Z,32.12004897762459,34.912104137928914,53.216505554312036,-11.999883197302468,22.928702734103645,-6.289553332434281,26.63233160914247,7
2026-03-22T07:01:54.416Z,32.119947605659355,34.91237983159719,52.27753333733901,-12.364525676830883,22.85540029868774,-6.801293678267304,26.860908654107455,6
2026-03-22T07:01:55.416Z,32.11992290530522,34.91256799215778,53.016802858466875,-11.16755432624462,23.197342943441015,-6.894572175539418,26.65269432438229,6
2026-03-22T07:01:56.416Z,32.1198428861145,34.91291999877965,50.939263299600256,-11.368436259043223,23.389148850305276,-6.8545173644229385,26.89382894302782,6
2026-03-22T07:01:57.416Z,32.11974889481073,34.91305326048069,56.19123604043416,-10.66629633165092,23.290637040059462,-7.479587340215687,26.686473688861447,6
2026-03-22T07:01:58.416Z,32.11968496066598,34.91337678661258,54.7122004970994,-11.140608695019118,23.10038042027988,-7.924190667354823,26.84275573389921,6
2026-03-22T07:01:59.416Z,32.119618551965786,34.913712899821384,48.364892391363576,-10.719568297868372,23.430493293640872,-7.999114635431893,26.979306800338573,8
2026-03-22T07:02:00.416Z,32.119510064100766,34.913878458140786,49.42901636986669,-10.385280771894642,23.474707273326743,-7.871340294383164,26.849095632990025,6
2026-03-22T07:02:01.416Z,32.119425361937324,34.91415644048062,49.29316935907543,-10.139295556039892,23.513775710631926,-7.815386510636266,26.7728076385961,7
2026-03-22T07:02:02.416Z,32.11937526370054,34.91443651412439,55.352994847808205,-10.709263433042473,23.60945369602787,-7.936584224085083,27.112432503358693,6
2026-03-22T07:02:03.416Z,32.119257710969876,34.91481582071887,49.249570629022756,-10.383206703277526,23.626546716897074,-8.02163978604193,27.025384290805526,8
2026-03-22T07:02:04.416Z,32.11920398579825,34.91510520703978,45.99269051085841,-10.212081016180004,23.65051051265018,-7.8933318096800065,26.94323538938312,8
2026-03-22T07:02:05.416Z,32.11910086824423,34.915344087506945,42.18476252235251,-10.443164622173809,23.10650022525285,-7.993460933040722,26.586941487758253,8
2026-03-22T07:02:06.416Z,32.11904071666347,34.91560526383134,41.228253536140855,-9.222832524222309,22.983003379917577,-7.514466599153774,25.879456957226775,7
2026-03-22T07:02:07.416Z,32.11895276576385,34.915823956145445,44.46176048997904,-9.902936705623773,22.931865674112945,-7.629375848625789,26.11792477458239,7
2026-03-22T07:02:08.416Z,32.11883006396874,34.91608510151598,47.01868461401468,-10.135723749614705,23.045807681534182,-7.534466497056959,26.27946599567878,7
2026-03-22T07:02:09.416Z,32.11876532677223,34.91635427165841,49.251473137618035,-9.852851111295728,22.83354813244412,-7.4208433140606935,25.952235179842276,7
2026-03-22T07:02:10.416Z,32.11869195370959,34.91656720239831,50.46717329205115,-9.834933011008417,22.85321323899947,-7.46078469776116,25.974190477944656,8
2026-03-22T07:02:11.416Z,32.1186250888067,34.91687194280427,47.344979947723225,-9.804450420068807,22.954188128770525,-7.2424883472847625,25.989914162057804,8
2026-03-22T07:02:12.416Z,32.11849440644704,34.91710668732963,48.68851935492663,-9.59928560101689,22.918678939730395,-7.106163397618014,25.843948742906484,8
2026-03-22T07:02:13.416Z,32.11846241718197,34.917277845945264,52.99638203681703,-9.651474978671738,22.895449972185673,-7.1325499894641675,25.8500651458558,6
2026-03-22T07:02:14.416Z,32.11834911664894,34.91755799461269,52.594482309118774,-10.832952022401917,22.334987845418212,-7.794561568639994,26.018449639091884,6
2026-03-22T07:02:15.416Z,32.118298340033085,34.91782085276334,54.831324495328815,-9.992225119360088,22.647659758902766,-7.411989694478117,25.83986545286264,6
2026-03-22T07:02:16.416Z,32.118199187215716,34.91803642561855,57.857976758075104,-9.850536842512671,22.679421432969274,-7.294780746436704,25.779896407055425,6
2026-03-22T07:02:17.416Z,32.11815550302781,34.91832548980007,54.921376061826585,-9.983997152943685,22.630173755714523,-7.284608079109246,25.78508247475741,6
2026-03-22T07:02:18.416Z,32.118044100507774,34.91889636449972,42.536280722963554,-10.00636634989575,22.63832812177963,-7.388348889391485,25.83038844053757,5
2026-03-22T07:02:19.416Z,32.11794227004211,34.91884495643641,47.04913447299566,-10.217327304362671,22.938397307923424,-7.39918467341364,26.178460270457137,6
2026-03-22T07:02:20.416Z,32.11790282279149,34.91912130396091,47.13816421270272,-9.785887717288071,22.819548970739532,-6.996998792041147,25.79638357869518,6
2026-03-22T07:02:21.416Z,32.117802339473535,34.91932434616195,52.02189780243789,-10.131489057437976,22.700935157788617,-7.265845300782399,25.89926708410897,6
2026-03-22T07:02:22.416Z,32.11771442235988,34.91959795782344,56.27299554229889,-10.10321788950821,22.7472781683085,-7.306225150245418,25.940212060339096,6
2026-03-22T07:02:23.416Z,32.11769064000238,34.91986096652793,52.32254801352723,-9.971504062884437,22.87722318084898,-7.014006839601136,25.922857205340353,6
2026-03-22T07:02:24.416Z,32.117563396839174,34.92012096761489,55.22175813481269,-10.257861124769393,22.818293630261962,-6.992974737526972,25.976911570307955,6
2026-03-22T07:02:25.416Z,32.11749719594366,34.92041767429496,56.175407946307615,-9.949157430564341,22.943007559406706,-6.761857019894338,25.905405609768806,6
2026-03-22T07:02:26.416Z,32.117444503223936,34.92062242522206,61.60851184814116,-10.125154454318618,22.87749227657179,-6.73745861844449,25.909298605397677,6
2026-03-22T07:02:27.416Z,32.11733495036537,34.920924857452526,60.592583402548065,-10.587267734422323,22.735043339218812,-6.761925521612146,25.974912328559018,6
2026-03-22T07:02:28.416Z,32.117213157281526,34.920938577919564,76.15455482086804,-10.111279773970429,22.913035510109363,-6.233503416862011,25.80894689449894,6
2026-03-22T07:02:29.416Z,32.11719997063079,34.92154940933028,70.53517277658618,-11.17526581399322,22.56392270933699,-6.311831722608099,25.958744070945748,7
2026-03-22T07:02:30.416Z,32.11714587277707,34.92180764513418,66.19251145822997,-10.189370953559635,23.05899952577859,-5.546657270608039,25.812906586370527,7
2026-03-22T07:02:31.416Z,32.117009549447424,34.92199278607789,69.90598342978444,-10.644968831236763,23.211338638592757,-5.520998485299548,26.125907201245877,6
2026-03-22T07:02:32.416Z,32.11701093782244,34.92233995631423,62.585539019375446,-10.507096885832617,23.070201720957932,-5.387530857160715,25.91638055652877,7
2026-03-22T07:02:33.416Z,32.116899901365095,34.922648243818664,59.885281857923744,-11.246410061777873,23.172255860117982,-5.554289025426532,26.349294250556394,5
2026-03-22T07:02:34.416Z,,,,,,,,0
2026-03-22T07:02:35.416Z,,,,,,,,0
2026-03-22T07:02:36.416Z,32.11685972194146,34.92324091487324,67.32972878163382,-12.5687784774259,22.976428713322683,-4.820566258208199,26.62946352975927,7
2026-03-22T07:02:37.416Z,32.11684470451678,34.923649920246916,63.44872093917034,-11.727188332185928,23.54293432289698,-3.844002947474906,26.58144204837266,8
2026-03-22T07:02:38.416Z,32.1168802464221,34.923967070814896,66.6911738282854,-12.523910846661767,23.206549347826,-4.105714819477419,26.687996734620082,8
2026-03-22T07:02:39.416Z,32.116617060882966,34.92421793568233,59.90091093672342,-12.650443273837766,23.298792829676415,-3.530629506271957,26.74570632934054,7
2026-03-22T07:02:40.416Z,32.11661745107326,34.9245787860462,54.54170662967606,-13.7729593037303,23.176058107921353,-3.3691554827431776,27.169381407585572,7
2026-03-22T07:02:41.416Z,32.116566536929035,34.92479172344349,51.933529357551485,-13.90390507462967,23.01367571055897,-2.979096971850655,27.05222476623271,7
2026-03-22T07:02:42.416Z,32.11657480888008,34.92503148430397,53.67764292340206,-13.744788839339728,23.155690878122265,-2.366285999243938,27.031547305165688,7
2026-03-22T07:02:43.416Z,32.116574896249574,34.92542721700045,48.517196062967265,-14.306090148663966,23.14059757277442,-2.322040220006154,27.304639571877154,7
2026-03-22T07:02:44.416Z,32.11654144566479,34.925668029483646,48.96119797584718,-14.19356789437277,23.212601717419762,-1.9022369491307245,27.274544056214147,7
2026-03-22T07:02:45.416Z,32.11645754637844,34.92598626409399,44.65748629548389,-14.590710203557487,23.203556396340495,-1.768794018675983,27.466752373785553,7
2026-03-22T07:02:46.416Z,32.11648190994663,34.92638290534394,39.9551461073733,-14.673364919939583,23.259091851999436,-1.647824529632259,27.550105581175508,7
2026-03-22T07:02:47.416Z,32.11646926638443,34.92655290144172,39.77546225121455,-14.323107134094883,23.25261588821771,-1.7394889650192102,27.365331452024805,7
2026-03-22T07:02:48.416Z,32.1164390080481,34.926959092472586,37.89845202885901,-14.645081579301356,23.414952875725238,-0.6689754013667077,27.62582054391252,5
2026-03-22T07:02:49.416Z,32.116353122227686,34.92721127565638,35.610256756628395,-14.155417700905383,23.62462251979272,-1.4037478143438473,27.57660507415802,5
2026-03-22T07:02:50.416Z,,,,,,,,0
2026-03-22T07:02:51.416Z,,,,,,,,0
2026-03-22T07:02:52.416Z,32.11627361839592,34.92798643182841,38.90159452015473,-9.292942909756645,28.156324005607047,-3.0031892316479993,29.80195488544009,5
2026-03-22T07:02:53.416Z,,,,,,,,0
2026-03-22T07:02:54.416Z,,,,,,,,0
2026-03-22T07:02:55.416Z,,,,,,,,0
2026-03-22T07:02:56.416Z,,,,,,,,0
2026-03-22T07:02:57.416Z,,,,,,,,0
2026-03-22T07:02:58.416Z,,,,,,,,0
2026-03-22T07:02:59.416Z,32.11626042776303,34.929856444156826,47.31451525586242,-12.91770354988451,21.420327490623354,-0.6123834006163621,25.021440970447802,5
2026-03-22T07:03:00.416Z,32.11619250509794,34.93023888821628,45.60072442819725,-13.21371465915824,21.685257512052758,-1.1251253271814186,25.418862198366767,6
2026-03-22T07:03:01.416Z,,,,,,,,0
2026-03-22T07:03:02.416Z,,,,,,,,0
2026-03-22T07:03:03.416Z,32.11609989215075,34.931051973538295,51.24579753193791,-18.16560988812738,22.60143938863516,-3.172755351688857,29.169861528081523,5
2026-03-22T07:03:04.416Z,,,,,,,,0
2026-03-22T07:03:05.416Z,,,,,,,,0
2026-03-22T07:03:06.416Z,,,,,,,,0
2026-03-22T07:03:07.416Z,,,,,,,,0
2026-03-22T07:03:08.416Z,,,,,,,,0
2026-03-22T07:03:09.416Z,,,,,,,,0
2026-03-22T07:03:10.416Z,,,,,,,,0
2026-03-22T07:03:11.416Z,,,,,,,,0
2026-03-22T07:03:12.416Z,,,,,,,,0
2026-03-22T07:03:13.416Z,,,,,,,,0
2026-03-22T07:03:14.416Z,,,,,,,,0
2026-03-22T07:03:15.416Z,,,,,,,,0
2026-03-22T07:03:16.416Z,,,,,,,,0
2026-03-22T07:03:17.416Z,,,,,,,,0
2026-03-22T07:03:18.416Z,,,,,,,,0
2026-03-22T07:03:19.416Z,,,,,,,,0
2026-03-22T07:03:20.416Z,,,,,,,,0
2026-03-22T07:03:21.416Z,,,,,,,,0
2026-03-22T07:03:22.416Z,,,,,,,,0
2026-03-22T07:03:23.416Z,,,,,,,,0
2026-03-22T07:03:24.416Z,,,,,,,,0
2026-03-22T07:03:25.416Z,,,,,,,,0
2026-03-22T07:03:26.416Z,,,,,,,,0
2026-03-22T07:03:27.416Z,,,,,,,,0
2026-03-22T07:03:28.416Z,,,,,,,,0
2026-03-22T07:03:29.416Z,,,,,,,,0
2026-03-22T07:03:30.416Z,,,,,,,,0
2026-03-22T07:03:31.416Z,,,,,,,,0
2026-03-22T07:03:32.416Z,,,,,,,,0
2026-03-22T07:03:33.416Z,,,,,,,,0
2026-03-22T07:03:34.416Z,,,,,,,,0
2026-03-22T07:03:35.416Z,,,,,,,,0
2026-03-22T07:03:36.416Z,,,,,,,,0
2026-03-22T07:03:37.416Z,,,,,,,,0
2026-03-22T07:03:38.416Z,,,,,,,,0
2026-03-22T07:03:39.416Z,,,,,,,,0
2026-03-22T07:03:40.416Z,,,,,,,,0
2026-03-22T07:03:41.416Z,,,,,,,,0
2026-03-22T07:03:42.416Z,,,,,,,,0
2026-03-22T07:03:43.416Z,,,,,,,,0
2026-03-22T07:03:44.416Z,,,,,,,,0
2026-03-22T07:03:45.416Z,,,,,,,,0
2026-03-22T07:03:46.416Z,,,,,,,,0
2026-03-22T07:03:47.416Z,32.113488579556474,34.94158536258587,193.60543965780585,14.100964313928754,33.468646430029416,-1.3919248391687207,36.34453113191733,6
2026-03-22T07:03:48.416Z,32.11532953631896,34.942546150874556,178.94986382550192,-11.647402574480633,21.50497162226331,-5.012948328059993,24.96508446102612,5
2026-03-22T07:03:49.416Z,32.11539110581369,34.942895212603375,157.58350255813656,-13.441619281209329,23.02184830871599,-5.353962007637848,27.190945875966456,6
2026-03-22T07:03:50.416Z,,,,,,,,0
2026-03-22T07:03:51.416Z,32.11520288496717,34.94338270822797,148.07837510505462,-10.867240351176278,21.55511615379126,-6.545027431430618,25.01114410281637,5
2026-03-22T07:03:52.416Z,32.11515212907588,34.94360269716493,138.11936599284434,-11.886131528045647,22.599681182796388,-6.77016132354815,26.417055032931078,6
2026-03-22T07:03:53.416Z,32.11503890756001,34.94380933831799,137.3231973573716,-11.136602147088185,21.62086388117646,-7.319106508031764,25.39793264080372,5
2026-03-22T07:03:54.416Z,32.115018711518836,34.94424132826262,134.49554653289852,-10.424299365550333,22.117440754139317,-7.274626644505923,25.51014299435484,6
2026-03-22T07:03:55.416Z,32.11495538985269,34.944520812437695,124.56902001265243,-9.811033035163948,21.38749245082037,-7.584268132136451,24.722506459724453,5
2026-03-22T07:03:56.416Z,32.11488819635586,34.944778439074256,113.33104103328152,-9.479636004072301,21.06843880778106,-7.541476508939498,24.302602340115868,5
2026-03-22T07:03:57.416Z,32.11479017196063,34.94496392691092,109.13947190411965,-9.2324729251787,20.92923262234325,-7.5729283847442534,24.096069779007113,5
2026-03-22T07:03:58.416Z,32.1147052601602,34.94525465521216,104.98862358136878,-9.137954761351637,20.646027976595228,-7.3173290521147765,23.734026057282925,5
2026-03-22T07:03:59.416Z,32.11459995379061,34.94547105418472,104.31395282853006,-8.934128778244844,20.230430509522115,-7.05615881514425,23.21375352784215,5
2026-03-22T07:04:00.416Z,32.1145757460966,34.94576177110254,96.50148128786037,-8.834138941044097,19.97152190113835,-6.823484335998215,22.879327707800623,5
2026-03-22T07:04:01.416Z,32.11446229249596,34.94603441097398,91.71240565787102,-8.761122946118311,19.759821877131298,-6.568356856965609,22.590952784099315,5
2026-03-22T07:04:02.416Z,32.11442635807498,34.946324712477725,78.54744949299585,-9.132834446683397,19.373019372401806,-6.372032048148906,22.345588760572394,6
2026-03-22T07:04:03.416Z,32.1143293885749,34.94652195891602,68.30094815568073,-8.312111658648279,19.338760337044103,-5.839305392370164,21.844366300372048,7
2026-03-22T07:04:04.416Z,,,,,,,,0
2026-03-22T07:04:05.416Z,32.11423361756186,34.94692838310737,64.95993973810882,-8.40777898121179,18.36684479687861,-6.14148106487962,21.112781078290194,7
2026-03-22T07:04:06.416Z,32.11418655977709,34.94716429694113,60.41699320499685,-7.537523162212233,18.600503722949394,-5.658837232758686,20.85222848990477,7
2026-03-22T07:04:07.416Z,32.11409676838895,34.947425795399745,55.643913799124064,-7.380642515984981,18.53636402955969,-5.580164055506515,20.717357608331383,7
2026-03-22T07:04:08.416Z,32.11402877703794,34.947538525111476,47.48245488546711,-7.616115668323534,17.962178669795687,-5.743869960206616,20.338070767865627,8
2026-03-22T07:04:09.416Z,32.113960561847634,34.9477408279031,55.94091068199222,-7.925906751559058,18.17490223757603,-5.853295529935944,20.673851545868846,7
2026-03-22T07:04:10.416Z,32.11387286883759,34.94796847457377,61.463423736237345,-7.03333411064101,18.262014869277458,-5.457420882476819,20.316309174801198,6
2026-03-22T07:04:11.416Z,32.113895277361564,34.94814728334025,60.90736213734621,-7.2086066095043,17.7948115377996,-5.576726717318833,19.992978962527133,8
2026-03-22T07:04:12.416Z,32.113744210494744,34.94847357447853,57.778668317913876,-7.513698354652883,18.044007598517044,-5.471611081660175,20.297300337951366,8
2026-03-22T07:04:13.416Z,32.11371762111187,34.94862560937701,58.55109845900675,-7.313139852195955,17.947750423396716,-5.2600036746022525,20.081618421211545,7
2026-03-22T07:04:14.416Z,32.113630856494865,34.948910022213575,58.75695355106541,-7.801508970222667,17.664493728453785,-5.52342993854679,20.084973467273556,7
2026-03-22T07:04:15.416Z,32.113623237407914,34.948826093023186,67.09460619773992,-7.110484011177152,18.17019072253521,-5.349922159203905,20.23206566013593,7
2026-03-22T07:04:16.416Z,32.11356409336378,34.949108295470005,68.0314748374988,-7.76114836658486,18.12084253624275,-5.843686620353644,20.560861643140047,6
2026-03-22T07:04:17.416Z,32.11352753504372,34.949455077940996,64.5325768125227,-7.473689914096069,18.439309094987564,-5.756612803110975,20.712381606118928,6
2026-03-22T07:04:18.416Z,32.11337432216721,34.94942724476705,75.9867422837473,-8.061126538170338,18.50248291149939,-5.914635044562137,21.03108515186707,5
2026-03-22T07:04:19.416Z,32.11331473878525,34.94974838885037,78.9676700293069,-7.981083516501625,18.784061072223352,-5.913725222237642,21.248783270260915,5
2026-03-22T07:04:20.416Z,32.11325354043126,34.949915483247786,85.31865825486247,-8.163603324420853,18.91525489933698,-6.071041715913938,21.477635686028247,5
2026-03-22T07:04:21.416Z,32.11321034790281,34.950188194016114,82.40342395386293,-8.116855137007548,19.156077840581368,-6.067421344589444,21.67146181784602,6
2026-03-22T07:04:22.416Z,32.1131606388871,34.950420369746105,75.74257659702212,-8.504132485286254,19.4078420928536,-6.426978797482602,22.14250799913442,7
2026-03-22T07:04:23.416Z,32.11311535882623,34.950783007647495,66.37106560759467,-8.42181487555058,19.271399641020373,-6.490188333188813,22.009914914016033,7
2026-03-22T07:04:24.416Z,32.11299499017826,34.95094966593006,60.85302034348776,-8.87606784103956,19.1699323841428,-6.607435984452657,22.134342055276534,7
2026-03-22T07:04:25.416Z,32.11295033594414,34.95115979820298,62.43427197576311,-8.71846929009807,19.527441658254894,-6.408565559383869,22.32492770442612,7
2026-03-22T07:04:26.416Z,32.11289145401082,34.95137914714948,68.31545488001552,-8.212760546424096,20.160923644569547,-6.071873547603507,22.60044084466387,7
2026-03-22T07:04:27.416Z,32.11281876479896,34.951671031469346,67.08216877782745,-8.346419699501139,20.281787781604045,-6.314993023654099,22.82307547871329,7
2026-03-22T07:04:28.416Z,32.11278960381858,34.95194013503979,57.38361312334072,-9.090754724059627,20.06338963153599,-6.761133286869588,23.04114468255981,6
2026-03-22T07:04:29.416Z,32.11266676978105,34.95202935033652,58.08728140372442,-8.374900191080883,20.411286878174565,-6.409330401454045,22.97474921361952,6
2026-03-22T07:04:30.416Z,32.112615768628906,34.952285691839684,55.74733089902013,-8.827867331438329,20.21683491147441,-6.7070944158411745,23.057249856873533,6
2026-03-22T07:04:31.416Z,32.112545121070625,34.95241614803521,62.68574029957112,-8.234109532706535,19.93306301182569,-6.49236055740279,22.52283966193743,6
2026-03-22T07:04:32.416Z,32.11243989941871,34.95272712714999,62.45724593944499,-8.866636416558267,19.7526633329662,-6.732920288664121,22.67415192906781,6
2026-03-22T07:04:33.416Z,32.11238425116291,34.95298876210155,63.396706335549595,-8.651373558198683,19.840879016009392,-6.674952297127849,22.650866048351297,6
2026-03-22T07:04:34.416Z,32.1122826729635,34.953127146454285,64.88327387350404,-8.55586673065734,19.714544296403805,-6.935715193895565,22.58252106339039,7
2026-03-22T07:04:35.416Z,32.112227655078165,34.953342951104176,70.2695291753108,-8.319084540678231,19.971829878497363,-6.672258253725673,22.64067548672084,7
2026-03-22T07:04:36.416Z,32.11217007329827,34.95358580756547,71.43489135180003,-7.701576635366457,19.667820112335452,-6.2645586876896004,22.03138956564285,7
2026-03-22T07:04:37.416Z,32.11207434769903,34.95377056866061,73.87202816691855,-8.113502797901397,19.66051406693298,-6.755305092894235,22.31588868778714,7
2026-03-22T07:04:38.416Z,32.1119873314785,34.95387167125786,87.14638883291609,-8.9024544395162,19.44503481380511,-7.696542563865548,22.72883282078401,6
2026-03-22T07:04:39.416Z,32.11190240314113,34.95413397669874,92.76330237521601,-8.71063399808328,19.594047824807877,-8.172593033211747,22.947617124571426,6
2026-03-22T07:04:40.416Z,32.111806055467135,34.95428527287015,97.117761012483,-8.139982153728766,20.017749692578246,-8.725422922416884,23.30456215835812,6
2026-03-22T07:04:41.416Z,32.11179291494362,34.95471309045804,82.49840063567991,-7.518384564358582,20.70479393071563,-8.868519518285582,23.745846723526128,7
2026-03-22T07:04:42.416Z,32.11168292155394,34.95493149223213,70.20061155832038,-6.883938721574639,20.786019720145298,-9.295648005358279,23.787734233595792,7
2026-03-22T07:04:43.416Z,32.11158363540582,34.95513082903916,68.21345134543486,-6.552335090486046,21.013695356176413,-9.867471814967558,24.122095424721795,7
2026-03-22T07:04:44.416Z,32.11146997722487,34.95535367335391,66.62103613334497,-6.156213278605771,21.227452528615697,-10.275280842017267,24.373860981974975,7
2026-03-22T07:04:45.416Z,32.1113377394837,34.955550138471885,69.6461174009474,-5.866539517750483,21.406071925769517,-10.745453361388218,24.659703346681106,8
2026-03-22T07:04:46.416Z,32.11124379007019,34.95576377772136,73.10648304897173,-5.2897946273545,21.483498409149135,-11.246440089304997,24.819448941864696,8
2026-03-22T07:04:47.416Z,32.11108034175126,34.95596317596875,74.96356933010703,-5.498480767313427,21.37922232393462,-12.006291987175564,25.12877802850859,6
2026-03-22T07:04:48.416Z,32.11097786552765,34.95622605216614,72.90939708728502,-5.032284151513483,21.65708034063204,-12.211955628086336,25.36700362527104,8
2026-03-22T07:04:49.416Z,32.110832705606086,34.95648568971931,70.53977036789915,-4.6552268310443345,21.708779065431333,-12.435220748096016,25.44753309093167,8
2026-03-22T07:04:50.416Z,32.11070074793077,34.95667264917224,71.6394758781031,-4.5565295925390705,21.76676521408612,-12.575599174202644,25.54798865670329,8
2026-03-22T07:04:51.416Z,32.110534386273976,34.95692230928923,69.55217836688357,-4.417851227309174,21.75683649243184,-12.642605993409067,25.548245143837843,8
2026-03-22T07:04:52.416Z,32.11040218749244,34.95714137094877,69.18756173502805,-4.506627702253489,21.838615986922015,-12.645508374787712,25.634814677071308,8
2026-03-22T07:04:53.416Z,32.11024594750836,34.957355162465554,68.39267274023697,-4.523653891922279,21.91586579019464,-12.719375988674889,25.740068830696757,8
2026-03-22T07:04:54.416Z,32.110141928291924,34.95756245488123,67.9669983371496,-4.585868498486248,21.977515132268262,-12.777514431510813,25.832271218806063,8
2026-03-22T07:04:55.416Z,32.109994827674484,34.95778996426107,68.80734177514462,-4.5551416062876795,22.039617084094136,-12.831662289419134,25.90647782653073,8
2026-03-22T07:04:56.416Z,32.10986924118169,34.95799300612358,71.91341307802557,-4.564472081911303,22.127725179721647,-12.866471126435664,26.00032127230811,8
2026-03-22T07:04:57.416Z,32.10968641708405,34.95826725849468,71.68521721719321,-4.631893719265836,22.19405776362487,-12.862655538010465,26.066809297096622,8
2026-03-22T07:04:58.416Z,32.109585993065544,34.95844423057703,72.11797425275451,-4.554082703080168,22.286956883110264,-12.734210977654682,26.06929699089584,8
2026-03-22T07:04:59.416Z,32.109461544509436,34.95868163461229,72.033763739128,-4.547199081884473,22.30012079407052,-12.804023241561522,26.11351025984203,8
2026-03-22T07:05:00.416Z,32.109319534535324,34.95886962204617,72.62909546586262,-4.802251478253472,22.203865457349643,-13.215872165877215,26.281790989452762,8
2026-03-22T07:05:01.416Z,32.10919170154592,34.9590930850489,74.10132949826291,-4.720197124341431,22.269807147260295,-13.033765888262298,26.23172934632478,8
2026-03-22T07:05:02.416Z,32.1091040350414,34.95926414950332,82.02255353024498,-4.743881224443323,22.16053121189893,-12.797546680473832,26.026347298537292,8
2026-03-22T07:05:03.416Z,32.10891174702743,34.95956888535811,83.04094819286094,-4.591356259880921,22.440913009356297,-12.800011523109735,26.23957743543875,8
2026-03-22T07:05:04.416Z,32.10881241835574,34.95975814232334,86.46444766875766,-4.893809324561814,22.324105386345984,-13.294303918129827,26.439621171141088,8
2026-03-22T07:05:05.416Z,32.10861355493269,34.95999155857094,85.28702581273677,-4.634902669001804,22.4157421890526,-13.113634565857636,26.3802053093612,8
2026-03-22T07:05:06.416Z,32.10849504146428,34.96019620486126,88.74851413591963,-4.605458431520238,22.44937446940783,-13.181838080368493,26.437577737175804,8
2026-03-22T07:05:07.416Z,32.10833291199861,34.96051232241467,85.63503253051498,-4.506185707356612,22.493903544223997,-13.042719208140612,26.389276811395156,8
2026-03-22T07:05:08.416Z,32.108166919528216,34.96065115576401,86.62334200211814,-4.605718334454245,22.481436978820057,-13.122014009824731,26.435107370370606,8
2026-03-22T07:05:09.416Z,32.10804677934373,34.96086668821121,85.23279839133015,-4.714076748739923,22.523399610174764,-13.100108706679446,26.479027507056404,8
2026-03-22T07:05:10.416Z,32.10785157124831,34.96110475362275,84.36436923298218,-4.737477849268887,22.428436854817807,-12.980929815873289,26.343557371917164,8
2026-03-22T07:05:11.416Z,32.10777796111988,34.96120011679419,90.72486941198096,-5.022146455747227,22.05283339928735,-12.572752554310153,25.877084896711427,6
2026-03-22T07:05:12.416Z,32.10763527986227,34.96155054830277,95.03374593379681,-4.665813165596099,21.416825044121445,-12.738123363714749,25.35172566702261,8
2026-03-22T07:05:13.416Z,32.10745434449733,34.961737499995934,90.72088113087723,-4.541480705506784,22.35350320441739,-12.473878664247827,25.998111497544702,8
2026-03-22T07:05:14.416Z,32.10729477079999,34.96201596487524,89.91282478370583,-4.729257153525667,21.942648363056144,-12.412557380590277,25.64989807261133,7
2026-03-22T07:05:15.416Z,32.10721278039514,34.9622228220854,90.8718530037199,-4.638990385262085,21.70709124310605,-12.427288559106106,25.439252012635414,7
2026-03-22T07:05:16.416Z,32.106991202090285,34.96245303231504,86.27868862620728,-4.7271167023134595,21.58484083242336,-12.67494350078272,25.47361730941202,7
2026-03-22T07:05:17.416Z,32.10695635393552,34.96263895078555,94.1646368700846,-4.884811788660603,21.40612903558489,-13.114270528797007,25.574750008577247,8
2026-03-22T07:05:18.416Z,32.106892846614784,34.962822520098015,100.99401715065129,-4.684877373323243,21.49256761532624,-12.90231168986784,25.50192513605486,7
2026-03-22T07:05:19.416Z,32.10674311561289,34.963070069143065,102.8300996754312,-4.260345104238726,21.784822288258844,-12.058049724354772,25.26114775090875,8
2026-03-22T07:05:20.416Z,32.106495808959636,34.96328659637754,100.42719238392962,-4.043220059604133,21.796776645345112,-12.017264383874451,25.216299170365676,8
2026-03-22T07:05:21.416Z,32.10629434251231,34.96353457118287,93.93857357181949,-4.18936950981298,21.782579067980492,-12.401616620601013,25.41321826426043,7
2026-03-22T07:05:22.416Z,32.106196185090866,34.96366103553785,96.53542185646907,-4.859035110622679,21.627440400363245,-13.132972293591099,25.764925028840267,6
2026-03-22T07:05:23.416Z,32.10602564870032,34.96394979105803,89.8386964946447,-4.4646092401944335,21.92200954443478,-12.444368484648264,25.600186427360757,7
2026-03-22T07:05:24.416Z,32.10593365502368,34.9641480207291,89.87869520537512,-4.372420626149697,21.974131761722383,-12.449030967679752,25.63120950809316,8
2026-03-22T07:05:25.416Z,32.105800109399546,34.96439019481784,91.332039557669,-4.53349486528948,21.95191187597851,-12.717561648819386,25.771600357677713,8
2026-03-22T07:05:26.416Z,32.105647252636594,34.964631189767644,90.20199569426865,-4.546473170105519,22.01132402960277,-12.80050979199091,25.86545678617551,8
2026-03-22T07:05:27.416Z,32.1055353127287,34.96479673939198,97.05194059092821,-4.653684315187548,22.104311247719625,-12.843123253244253,25.984671795878242,8
2026-03-22T07:05:28.416Z,32.10539863003244,34.96503108619914,98.01190932122061,-4.539504521103237,22.1649939908044,-12.936525192437774,26.06238177841943,8
2026-03-22T07:05:29.416Z,32.10520641768581,34.9652304423971,96.39885180779082,-4.773344772581273,22.293316724634423,-12.965886192223035,26.227676139003886,7
2026-03-22T07:05:30.416Z,32.105104395520186,34.965506230464605,93.40966979025127,-4.645369436201394,22.339621295320143,-13.034880940820791,26.278246858542303,7
2026-03-22T07:05:31.416Z,32.10496416426105,34.96565944965444,98.04208655708977,-4.615482412157584,22.438908393813644,-12.995959935748308,26.338228157081325,7
2026-03-22T07:05:32.416Z,32.10482554389244,34.96591956039687,101.00128248837106,-4.779261865914007,22.519719389740537,-13.031076304696303,26.45350742405349,7
2026-03-22T07:05:33.416Z,32.10465004226701,34.96616231006035,101.98648146454427,-5.079977628884115,22.55069807618992,-13.035958531272035,26.53820587874175,8
2026-03-22T07:05:34.416Z,32.10454611432433,34.96638904483554,103.22124819127598,-5.0163753683417145,22.513851187834792,-12.516252289764743,26.242981700354036,8
2026-03-22T07:05:35.416Z,32.104426369201114,34.96659433770157,103.60165166549399,-5.550760165373004,22.45089406761551,-12.141543919512985,26.12031147590411,8
2026-03-22T07:05:36.416Z,32.104260524507076,34.96680610503832,104.45896884985649,-5.849742983219304,22.371540922456717,-11.745831912547931,25.935880619957913,7
2026-03-22T07:05:37.416Z,32.10421046074978,34.96710041663775,106.19798863288281,-5.554540248148374,22.31193654579602,-11.374201842597282,25.652444276288207,8
2026-03-22T07:05:38.416Z,32.10400697522038,34.96730152060318,107.3010885427352,-6.789227643394638,22.179114236458332,-11.722411326465302,25.98887545882939,7
2026-03-22T07:05:39.416Z,32.103879077201285,34.96750578479425,107.22164603289534,-6.449218997762453,22.269731151746544,-11.044335588720946,25.680940400391467,7
2026-03-22T07:05:40.416Z,32.103727466590236,34.96776901613714,103.31948545496013,-6.795514730940538,22.19975499653619,-10.631397458568227,25.534971201995006,7
2026-03-22T07:05:41.416Z,32.103654164060615,34.96799095527566,104.14877916863676,-7.1789009145565235,22.152240779191782,-10.3252229368766,25.47289968920913,7
2026-03-22T07:05:42.416Z,32.10352909091775,34.968169689216104,108.57474679875529,-7.310180060222362,22.24330850918087,-10.064352894424461,25.485185993650912,7
2026-03-22T07:05:43.416Z,32.103435499351704,34.96843594320117,109.22327029278833,-7.611430639999055,22.231401294810137,-9.783105604291233,25.453452323469147,7
2026-03-22T07:05:44.416Z,32.10331266079809,34.968603192464,110.29814778882684,-7.644861834546696,21.867333227860705,-9.033718682684261,24.864276546995857,7
2026-03-22T07:05:45.416Z,32.10319248546299,34.968857916887885,116.08670155323813,-8.281936144255495,21.712640129624752,-8.814444013130625,24.85404657106627,6
2026-03-22T07:05:46.416Z,32.10311791157464,34.96917617068008,110.38794470461296,-8.247635828649543,21.943963504063134,-8.622079199026162,24.97801594890911,6
2026-03-22T07:05:47.416Z,32.10297958760811,34.96930179078869,115.86577656475788,-8.36710493469174,22.19979612352172,-8.353211488353345,25.151849536032756,6
2026-03-22T07:05:48.416Z,32.102900663386045,34.969500966176014,125.74567293103198,-9.117503562590157,22.190972145164963,-8.219767936009431,25.36006113721298,5
2026-03-22T07:05:49.416Z,32.102765576881275,34.96966332401529,139.4371933348957,-9.779967358805298,21.87848777335797,-8.010310561533501,25.26818284088681,6
2026-03-22T07:05:50.416Z,,,,,,,,0
2026-03-22T07:05:51.416Z,32.10266968948001,34.97030262732415,133.67702176039674,-9.659386847829275,21.41806173748971,-7.032745657238414,24.525428321363602,6
2026-03-22T07:05:52.416Z,32.10262144513306,34.97057985306906,130.6549407482401,-10.40086676426651,21.080957439270794,-7.095081878838325,24.554530801295925,6
2026-03-22T07:05:53.416Z,32.10251452598707,34.97079056441942,128.34009500745597,-10.132388227559405,21.246179719280246,-6.580471306788237,24.44111385508858,6
2026-03-22T07:05:54.416Z,32.10244534591765,34.97096728557127,131.96006315736784,-10.529906045135283,21.244278801050307,-6.234802836443388,24.51675079421118,6
2026-03-22T07:05:55.416Z,32.10233956360253,34.97126505689636,129.94371500147798,-10.006589534254351,21.62309217625762,-5.5839746370132675,24.471835282969476,6
2026-03-22T07:05:56.416Z,32.10236743136047,34.97158102328067,130.85606219919043,-10.870764276065259,21.488903721684046,-5.578101455639596,24.71966251701248,6
2026-03-22T07:05:57.416Z,32.10230035344779,34.971840093301715,126.81240016180215,-11.621160748593594,21.488551417451394,-5.443911213848594,25.02889107550255,6
2026-03-22T07:05:58.416Z,32.10219175591374,34.97212160033719,125.00201685669452,-12.907669522208938,21.328798712390764,-5.682630087143521,25.569862567396648,6
2026-03-22T07:05:59.416Z,32.102147129441505,34.97236741618437,125.16188061206614,-12.371226998464408,21.905741164772078,-4.918129141564997,25.6338984096964,5
2026-03-22T07:06:00.416Z,32.10207354077013,34.97256345722036,132.5406514095786,-12.839558586649158,22.140653738851494,-4.400186214671643,25.969683313577413,5
2026-03-22T07:06:01.416Z,32.10207788046336,34.97279071632187,140.27866027398812,-13.32825387226292,22.28700985464542,-4.206160802192347,26.306747199881116,5
2026-03-22T07:06:02.416Z,32.10197137182727,34.97321260157127,128.1536638278587,-13.635596774516769,22.512923215170666,-4.012833215544071,26.624500774759255,5
2026-03-22T07:06:03.416Z,32.10200807506709,34.973408960503924,129.69245199259882,-14.045109364088887,22.44740394108751,-3.6196662582163497,26.72551261555966,5
2026-03-22T07:06:04.416Z,32.101949710448565,34.973741092500276,125.4373998211658,-14.336857855986443,22.38781495223534,-3.023470618207849,26.756328711119142,5
2026-03-22T07:06:05.416Z,32.10189436597156,34.97393705078154,125.95721069980141,-16.042821540534995,21.6048287339662,-3.742368724557414,27.168843760381314,5
2026-03-22T07:06:06.416Z,32.10180033080764,34.974218685774986,110.93574058816763,-15.124829317831544,22.504658790349666,-2.039831435683336,27.191561953105985,6
2026-03-22T07:06:07.416Z,32.10182507701533,34.97448456025723,106.71203575716443,-15.979610517915432,22.589916989521292,-1.101599746032352,27.692342333182918,6
2026-03-22T07:06:08.416Z,32.101844299508514,34.97485259631835,106.94530490595443,-15.80195448592656,22.24819832380804,-1.4994350553625395,27.330064026929016,6
2026-03-22T07:06:09.416Z,32.10191002769056,34.97520371967042,103.03850079073473,-15.71681546676913,21.86148693208636,-1.3933206267602474,26.960790820508432,6
2026-03-22T07:06:10.416Z,32.10184177526286,34.975547472959846,94.16152358948091,-15.410448138485977,21.56107498651788,-1.108170985209117,26.525269260380227,7
2026-03-22T07:06:11.416Z,32.101875839797316,34.97583470531217,93.51017024127,-14.5723526899004,22.194197861144204,-0.7915671828960448,26.562425721750326,6
2026-03-22T07:06:12.416Z,32.10189249172052,34.9760679956989,90.80198787226178,-15.772732294507295,21.97351338234333,-1.210378794094272,27.0754388925352,6
2026-03-22T07:06:13.416Z,32.101862992370414,34.976354319409445,92.37015079134308,-15.53376350228728,22.171150239938232,-1.401679182173814,27.107608084016654,6
2026-03-22T07:06:14.416Z,32.101814733334855,34.976596664065724,91.14093793322913,-15.866178065792104,22.380737744709982,-1.297027284481978,27.464801258876776,6
2026-03-22T07:06:15.416Z,32.101856513191706,34.976835391339286,96.28116579497919,-15.698520561959262,22.545789114182593,-1.1330083605926293,27.496179053836276,6
2026-03-22T07:06:16.416Z,32.10185502803317,34.977268413172276,90.25294875761787,-15.241017152286432,22.843954937902616,-0.5957359572245047,27.46797739863539,6
2026-03-22T07:06:17.416Z,32.101789655352285,34.977274457350276,89.87420842765663,-14.0832431304606,23.108474603868526,-0.087204379477181,27.061909396661246,5
2026-03-22T07:06:18.416Z,32.10185540164303,34.977945961154944,94.46367584771266,-15.267790946586096,22.83295957526747,-1.3800612001700756,27.501891794396066,6
2026-03-22T07:06:19.416Z,32.101809182164146,34.97822659368748,85.98529200146666,-15.475774797539833,22.58799477922672,-0.4768871944589911,27.3851152111285,6
2026-03-22T07:06:20.416Z,32.1018992943935,34.978347212248224,83.11139827201067,-15.224951048842582,22.76422806307415,-0.4468775801310847,27.389941827593013,5
2026-03-22T07:06:21.416Z,32.10176650259571,34.97861531725162,86.25720197618513,-15.202957018471118,22.64916046209937,-0.5195892857579406,27.283407865757535,5
2026-03-22T07:06:22.416Z,32.10184177489544,34.97908649543501,80.92885443096216,-14.964678361599919,22.651550915469606,-0.45759079962752597,27.15223281209397,6
2026-03-22T07:06:23.416Z,32.101843570707274,34.979265117904056,82.26717450539792,-14.612019681359252,22.45618762424242,-0.07697489290806453,26.791741393902466,6
2026-03-22T07:06:24.416Z,32.101702868438736,34.979515276871105,82.96370666085424,-15.23637927332169,22.487992092799654,-0.8446406593513336,27.176652839703348,7
2026-03-22T07:06:25.416Z,32.10171456975548,34.97972855863239,89.18128799598534,-14.922097425464349,22.246413932027373,-0.6849700775083007,26.796289079222014,7
2026-03-22T07:06:26.416Z,32.10179892365025,34.9800688515212,91.26469799106476,-14.346249015007853,22.02995705435191,-0.38017119830839796,26.292173716853966,6
2026-03-22T07:06:27.416Z,32.10176558702877,34.98045978177076,87.02037901702757,-14.163645055072472,21.589696890627547,-0.44735144133185073,25.82487127532901,6
2026-03-22T07:06:28.416Z,32.101797467617075,34.98063163287449,87.67205749604865,-13.778298718916448,21.366415436650083,-0.2654241466193379,25.425099295318834,6
2026-03-22T07:06:29.416Z,32.101769501509864,34.980903193910784,88.03087699035937,-13.519774799739466,21.224062572323355,-0.3106221318896362,25.166279598271714,6
2026-03-22T07:06:30.416Z,32.10167700971262,34.981144241430904,95.10972349398179,-13.552854446175276,21.072727414219546,-0.42183622093745093,25.058285059247527,5
2026-03-22T07:06:31.416Z,32.10172980907241,34.9814557570393,92.81012905602768,-13.5524072604706,20.85590053836478,-0.3460842618033461,24.874808625114856,5
2026-03-22T07:06:32.416Z,32.101695725686064,34.9817250946619,93.55108234743233,-13.41368869436868,20.733909908695324,-0.27207411380879837,24.69607436040662,5
2026-03-22T07:06:33.416Z,32.10175567474246,34.98194620738109,93.95929774095708,-13.365777191868647,20.619502917674712,-0.2569673067217298,24.573846518430845,5
2026-03-22T07:06:34.416Z,32.10173265265516,34.982169419570766,96.5908464059178,-13.369525630042048,20.502104939419535,-0.2079641450145733,24.477004955772955,5
2026-03-22T07:06:35.416Z,,,,,,,,0
2026-03-22T07:06:36.416Z,,,,,,,,0
2026-03-22T07:06:37.416Z,,,,,,,,0
2026-03-22T07:06:38.416Z,,,,,,,,0
2026-03-22T07:06:39.416Z,,,,,,,,0
2026-03-22T07:06:40.416Z,,,,,,,,0
2026-03-22T07:06:41.416Z,,,,,,,,0
2026-03-22T07:06:42.416Z,,,,,,,,0
2026-03-22T07:06:43.416Z,,,,,,,,0
2026-03-22T07:06:44.416Z,,,,,,,,0
2026-03-22T07:06:45.416Z,,,,,,,,0
2026-03-22T07:06:46.416Z,,,,,,,,0
2026-03-22T07:06:47.416Z,,,,,,,,0
2026-03-22T07:06:48.416Z,,,,,,,,0
2026-03-22T07:06:49.416Z,,,,,,,,0
2026-03-22T07:06:50.416Z,,,,,,,,0
2026-03-22T07:06:51.416Z,,,,,,,,0
2026-03-22T07:06:52.416Z,,,,,,,,0
2026-03-22T07:06:53.416Z,32.10191065912664,34.987122986619575,107.6925558057761,-17.36738072184783,16.72827495746064,6.412935328212234,24.951690037226914,5
2026-03-22T07:06:54.416Z,32.102014505274624,34.98737081189966,112.47629676012421,-17.310114293871784,16.421023994643438,7.191126522424971,24.919919473406885,5
2026-03-22T07:06:55.416Z,32.10207124477864,34.987615891133444,119.06886322068678,-17.638651843690628,16.096620185917764,7.782703381212202,25.11560654637984,5
2026-03-22T07:06:56.416Z,32.102150377866934,34.98797947967092,112.86932766067861,-17.572978110939577,15.884410102316828,8.517855927334683,25.172959968684196,6
2026-03-22T07:06:57.416Z,32.10226684690379,34.98813356297441,113.0812046205825,-18.263118391225014,15.345127492671002,9.129691434590798,25.54145056235196,6
2026-03-22T07:06:58.416Z,32.10243256821855,34.98843034879392,109.81774477324917,-18.680427904366258,14.8130599725303,9.833087601603252,25.789043104016258,7
2026-03-22T07:06:59.416Z,32.10249618269907,34.98864536693894,109.48284314524058,-18.555308226863517,14.398297181744782,10.997997987008068,25.933884877703573,7
2026-03-22T07:07:00.416Z,32.102568984079326,34.98893972219444,106.1252084194995,-19.746792701092414,13.575692771036142,11.29809387807508,26.493059118781986,8
2026-03-22T07:07:01.416Z,32.102727184809545,34.9891707923284,99.29101892701674,-19.830740383268854,13.075077898105498,12.204116032173314,26.704987817201616,7
2026-03-22T07:07:02.416Z,32.102874381898,34.98939696464441,98.46056069327464,-20.014118652440963,13.0141112212222,12.636981028591704,27.011577625701786,7
2026-03-22T07:07:03.416Z,32.10298075867208,34.989607697987964,101.77286226414293,-20.0725833147429,13.242542323847859,12.902508048648693,27.290075889810957,7
2026-03-22T07:07:04.416Z,32.103177456934624,34.989872284492364,100.8185325405012,-20.209893099474442,13.393030760464809,13.10534447200268,27.560172455425466,7
2026-03-22T07:07:05.416Z,32.10330954285017,34.99008762211633,102.11911039131579,-20.336004127513547,13.482967100823425,13.303432183183991,27.790731792608675,7
2026-03-22T07:07:06.416Z,32.103427238038456,34.99033505959525,98.74306705983368,-20.349716783053452,13.692269204625003,13.465315799449883,27.980420631243632,7
2026-03-22T07:07:07.416Z,32.10357704885808,34.99059445418787,97.35861228371607,-20.41879388341403,13.826270447145134,13.528244285075534,28.12661180390599,7
2026-03-22T07:07:08.416Z,32.103794712186854,34.990767882774875,94.11819878056484,-20.34157854612383,13.94216609475695,13.637353441012674,28.180511387074148,8
2026-03-22T07:07:09.416Z,32.10387539447005,34.99104722002935,93.90158417724705,-20.392941740604734,14.015547920585869,13.681075839643464,28.275068390368464,7
2026-03-22T07:07:10.416Z,32.10401323401381,34.99133059320931,92.75942207432979,-20.17508567137162,14.103697099926677,13.816651815195208,28.2285001570399,8
2026-03-22T07:07:11.416Z,32.10414029190826,34.9916159214574,90.17694573103796,-19.962205925663085,14.176570599746295,13.95358754700552,28.180976292884477,7
2026-03-22T07:07:12.416Z,32.10429726777872,34.99181098592889,90.73761169015951,-20.288886437074524,13.930594691929697,13.789232829363204,28.21069519437113,8
2026-03-22T07:07:13.416Z,32.10448578339123,34.9920503609042,96.73361490240032,-19.642745575044398,14.47797931120617,14.157022759932893,28.211179204118675,8
2026-03-22T07:07:14.416Z,32.10459574986192,34.99231360108115,100.33884138799442,-19.716545887809104,14.02923092739927,13.946982327281466,27.929909025950654,8
2026-03-22T07:07:15.416Z,32.10476613013196,34.99254513072922,107.48111403146224,-19.45188492247787,14.258717084846472,13.808951346856036,27.79161703181108,8
2026-03-22T07:07:16.416Z,32.104870076206204,34.99275548356194,102.96788079737311,-19.449429965151086,14.187314831125228,13.426825437316907,27.56519307770151,7
2026-03-22T07:07:17.416Z,32.10506403592722,34.99295706600986,106.34618136012013,-18.92987158044387,14.604789330117926,13.183568585457582,27.30286413687558,7
2026-03-22T07:07:18.416Z,32.1051420370021,34.99329173885511,105.90131532692828,-18.705808318289325,14.932170716134454,12.700583131637659,27.09578932269744,7
2026-03-22T07:07:19.416Z,32.10524108412074,34.993551935204195,103.42635307758542,-19.065464097000127,14.6678261742802,11.831029793067346,26.806907913397012,7
2026-03-22T07:07:20.416Z,32.10537673718182,34.99380539568566,105.17646053706873,-18.663372082979073,15.188209190438346,11.452659993978596,26.648950764672072,8
2026-03-22T07:07:21.416Z,32.10552193709929,34.99393754788538,103.12753421650766,-18.23379563485162,15.21314900748534,10.998213283635666,26.17005734441226,8
2026-03-22T07:07:22.416Z,32.10567672451779,34.994269198465126,100.02982047226162,-18.3184937558536,15.815425493196175,10.391008220065151,26.337576745850182,7
2026-03-22T07:07:23.416Z,32.10571870838868,34.99450418161626,98.87167361527226,-17.753207672456277,16.849664588732757,9.942630016924316,26.418619779761382,7
2026-03-22T07:07:24.416Z,32.10583950168603,34.99473493665485,102.03729026188753,-17.869897952910417,17.01407375061857,9.345868939904909,26.38479154135577,7
2026-03-22T07:07:25.416Z,32.1059936103074,34.99495627678321,103.43618123789466,-17.36789783471127,17.675401293561766,9.030704876269333,26.374558131799823,8
2026-03-22T07:07:26.416Z,32.10597329777195,34.995323216579585,101.21120510444055,-17.758300344018465,17.92094576157081,8.242339473521263,26.54154645257687,7
2026-03-22T07:07:27.416Z,32.106084668217726,34.99549732992401,102.29208874689049,-17.603906781806334,18.320608553036372,7.5641764491158145,26.509601979084387,7
2026-03-22T07:07:28.416Z,32.10622906446699,34.99571263653114,104.88186065033008,-17.396735293353668,18.85393285730105,6.91674138112309,26.569879457535627,7
2026-03-22T07:07:29.416Z,32.106243797631095,34.99599640394884,109.54232017243231,-16.864420015970392,19.228329449000167,6.604361987555097,26.415050882726167,6
2026-03-22T07:07:30.416Z,,,,,,,,0
2026-03-22T07:07:31.416Z,32.10637189835682,34.99650514532031,115.02059605400788,-16.602025265807185,20.241952137387557,5.075770600178144,26.666970514935166,5
2026-03-22T07:07:32.416Z,,,,,,,,0
2026-03-22T07:07:33.416Z,32.106444927598396,34.9971010010092,117.09706424653376,-16.840604949291382,20.496884470841874,4.093315611535754,26.84182335022676,5
2026-03-22T07:07:34.416Z,32.106482665102504,34.99747349206942,110.18145051159229,-16.591518463763258,20.979350860013383,3.9949288259299056,27.043873682688044,7
2026-03-22T07:07:35.416Z,32.10652030490766,34.99770209894979,112.28052304107507,-16.251680852089866,21.10648957095887,3.734304024332023,26.898811480682976,7
2026-03-22T07:07:36.416Z,32.10652291391954,34.99800431672844,113.20411189567164,-16.238504770554986,21.090301299210264,3.6572359348685537,26.86754958603596,7
2026-03-22T07:07:37.416Z,32.10657209045095,34.99825397912523,115.12457280877138,-16.12462763788847,21.144328029444868,3.6137471081356605,26.835524821379654,7
2026-03-22T07:07:38.416Z,32.10662513763978,34.9984775786339,116.9994937015117,-15.871621293010836,21.10312697622288,3.664712964077878,26.658590580756915,7
2026-03-22T07:07:39.416Z,32.10662425106984,34.99886295613201,115.82246758835052,-15.9366651021387,21.12194616129014,3.663887720721322,26.712131653018957,7
2026-03-22T07:07:40.416Z,32.106617330335816,34.999118324028395,116.90518137649394,-15.82862336636956,21.01156052981421,3.56304052327063,26.54668060874835,7
2026-03-22T07:07:41.416Z,32.10673404407757,34.999328368958054,119.36912492976822,-15.849688592445318,20.97123701335871,3.538011569687816,26.524006790362623,7
2026-03-22T07:07:42.416Z,32.10676083510967,34.999678223909626,121.75025087414423,-15.490664558907305,20.866064738790612,3.5176487469306226,26.2245533587661,7
2026-03-22T07:07:43.416Z,32.10672671160219,34.99998284132257,118.04754158802595,-15.900794537066668,20.874993283584207,3.249516494232921,26.441633250349472,7
2026-03-22T07:07:44.416Z,32.10678461751353,35.000182286638655,123.20971308370119,-15.778602044383703,20.76309441578078,3.1174839049424166,26.263835936344705,7
2026-03-22T07:07:45.416Z,32.10686695183393,35.00046131615064,121.90290580634678,-15.383287398252111,20.68427601600153,3.425716871857379,26.00423699264192,7
2026-03-22T07:07:46.416Z,32.106809996377436,35.00080628195743,120.86193800539232,-15.43128221891572,20.763884578603854,3.2892731089966154,26.078395105891307,6
2026-03-22T07:07:47.416Z,32.106826822650504,35.000976826406344,125.29687851589117,-15.189641740632391,20.62050041801352,3.277175495205269,25.819956098421848,7
2026-03-22T07:07:48.416Z,32.106919295531085,35.001243552730905,126.8694326055344,-15.542201911741303,20.49131704940593,3.276641608072268,25.926636783670176,7
2026-03-22T07:07:49.416Z,32.10692301682596,35.001643895591414,125.18860773872407,-15.50916520265703,20.35658313044681,3.1533041061746094,25.78503459016716,7
2026-03-22T07:07:50.416Z,32.106953140312584,35.00177154210622,130.9686904771986,-15.505758870068876,20.369250412247542,3.360102158455764,25.81908609941152,6
2026-03-22T07:07:51.416Z,32.1069987651931,35.00209528233945,133.00095547979237,-15.272697433331036,20.316378021289694,3.419934680017261,25.64578827038865,5
2026-03-22T07:07:52.416Z,32.10700167102719,35.00236128361203,134.09819972424816,-15.251539908797508,20.239133234988252,3.443256031195137,25.5751441010527,5
2026-03-22T07:07:53.416Z,32.10704939506215,35.00264689724305,135.03703164553394,-15.235560539116262,20.108012607380857,3.684348621124039,25.495664351446948,5
2026-03-22T07:07:54.416Z,32.1070902740222,35.002910721496896,134.50883227152278,-15.124588680609154,20.058680904246387,3.645691826397829,25.38493512438141,6
2026-03-22T07:07:55.416Z,32.10716206942336,35.003092493417725,141.23446510856454,-15.219969346620104,20.113662410589196,3.5014342864033816,25.46501373534296,5
2026-03-22T07:07:56.416Z,32.107114989757164,35.00342068829903,146.40892324050338,-15.647653937139513,19.43766312913057,3.85613948228813,25.24958679592403,6
2026-03-22T07:07:57.416Z,32.10719526704988,35.00369274592343,146.2708451499174,-16.252752598628984,19.68937392971626,2.9345285619526305,25.6989274223137,5
2026-03-22T07:07:58.416Z,32.1071874709979,35.003852595777886,156.57745628674112,-14.139442420003185,19.670415784307725,5.012302312070154,24.738073157457347,6
2026-03-22T07:07:59.416Z,32.10725656182181,35.004246009128636,152.11557662172612,-16.378897727965516,18.78196297724029,3.805158950526351,25.209316902691945,6
2026-03-22T07:08:00.416Z,,,,,,,,0
2026-03-22T07:08:01.416Z,32.10717663300222,35.004729525637096,160.93280904855277,-18.471296529446764,17.73139067247363,2.5970156328404417,25.735879640219302,5
2026-03-22T07:08:02.416Z,,,,,,,,0
2026-03-22T07:08:03.416Z,32.10726148199454,35.00526805438095,162.4614247027465,-18.483315866321174,16.69010802814352,2.0554947566342503,24.98835188842697,5
2026-03-22T07:08:04.416Z,32.107287327421105,35.00562390545529,158.35605499537286,-12.357327002454618,19.27264961902995,4.383281721610414,23.309905890725798,6
2026-03-22T07:08:05.416Z,32.10737134103821,35.00576234622087,158.74959057674107,-14.44786816528469,19.17027527536835,2.3226585743541155,24.11711200595682,5
2026-03-22T07:08:06.416Z,32.107405678757615,35.00605789464836,157.45934145654198,-14.441695061621187,19.036019642024474,2.475231268064586,24.022060067671134,5
2026-03-22T07:08:07.416Z,32.107365016935645,35.006376479197435,150.9300662527516,-14.13648911461571,18.8660102212842,3.0723903255436724,23.77406672131932,6
2026-03-22T07:08:08.416Z,32.10749693013956,35.00649919305746,155.7142158755746,-14.198597466816752,18.882004763461403,2.973786374524351,23.81120911069786,6
2026-03-22T07:08:09.416Z,32.10747672372039,35.006794943771084,156.61175698309995,-14.198121136646172,18.841677282597608,3.0665918584002907,23.79074257475879,6
2026-03-22T07:08:10.416Z,32.10757401729218,35.00702615673843,156.2851523047452,-15.035611362843433,18.87383176926162,2.3051314913820766,24.240560346275355,6
2026-03-22T07:08:11.416Z,32.107554692511215,35.007307514161276,156.84641152971466,-14.707638524211585,18.892910544961175,2.9037384721213892,24.118217117632387,5
2026-03-22T07:08:12.416Z,32.10759732874395,35.007557362506745,156.21147732365813,-14.845173417826883,18.957242084155666,2.9411769446446128,24.25709634441735,5
2026-03-22T07:08:13.416Z,32.10763632019548,35.007818496899446,155.7081593096885,-14.596793562214614,19.160251969285735,3.1705041603291697,24.29472647417732,5
2026-03-22T07:08:14.416Z,32.10761402209975,35.00810299960849,156.13575797305188,-14.980478306510618,19.00542305601075,3.251988144377305,24.4171305177523,5
2026-03-22T07:08:15.416Z,32.10765923168099,35.00833681694466,158.74691900762272,-15.055742820733895,19.01911433333284,3.2483133656429937,24.47352940688943,5
2026-03-22T07:08:16.416Z,32.10769443130867,35.00862120364071,155.84728671641793,-15.082433504349728,19.052600841605923,3.2851221094870358,24.52087736026047,5
2026-03-22T07:08:17.416Z,,,,,,,,0
2026-03-22T07:08:18.416Z,32.10775015544295,35.00910400129138,158.2456062064844,-15.241230417516013,19.154533860140816,3.2265449193220745,24.690116730293106,5
2026-03-22T07:08:19.416Z,,,,,,,,0
2026-03-22T07:08:20.416Z,32.10783155222174,35.00967181772168,154.77680083838794,-15.947342366899534,19.188538235490523,3.0852754271206817,25.140339151315864,5
2026-03-22T07:08:21.416Z,32.1078460571539,35.00989667169535,157.42528128192458,-15.529020145242653,19.634368843806236,3.2809632875032233,25.247249883104598,5
2026-03-22T07:08:22.416Z,,,,,,,,0
2026-03-22T07:08:23.416Z,32.10791671934911,35.01042323719737,162.07637020699374,-16.343828841565085,19.586574049290565,3.0033881405872016,25.686085036722453,5
2026-03-22T07:08:24.416Z,32.107950879772524,35.01071173748222,164.84857853329711,-15.696766486635044,20.091391463501445,3.2047772188942143,25.696752442640513,5
2026-03-22T07:08:25.416Z,,,,,,,,0
2026-03-22T07:08:26.416Z,32.108003090395286,35.01125773019107,163.13464229563695,-15.604057948268295,20.297070262075923,3.4408658012745676,25.832097149456192,5
2026-03-22T07:08:27.416Z,,,,,,,,0
2026-03-22T07:08:28.416Z,32.108085575650286,35.01176728523496,166.1687710843732,-16.124199848093543,20.101212737802964,3.4739166428942423,26.00224357845779,5
2026-03-22T07:08:29.416Z,,,,,,,,0
2026-03-22T07:08:30.416Z,,,,,,,,0
2026-03-22T07:08:31.416Z,32.10820512823812,35.01263059921525,164.5172168833961,-16.008842269802066,20.414805426429655,3.14085848242397,26.132590828790736,5
2026-03-22T07:08:32.416Z,,,,,,,,0
2026-03-22T07:08:33.416Z,,,,,,,,0
2026-03-22T07:08:34.416Z,,,,,,,,0
2026-03-22T07:08:35.416Z,,,,,,,,0
2026-03-22T07:08:36.416Z,,,,,,,,0
2026-03-22T07:08:37.416Z,,,,,,,,0
2026-03-22T07:08:38.416Z,,,,,,,,0
2026-03-22T07:08:39.416Z,,,,,,,,0
2026-03-22T07:08:40.416Z,,,,,,,,0
2026-03-22T07:08:41.416Z,,,,,,,,0
2026-03-22T07:08:42.416Z,32.1080585662237,35.015668186705085,166.34683642345192,-11.061051604376612,22.9002130621616,-1.9955809009865155,25.50978173210154,6
2026-03-22T07:08:43.416Z,32.10808594566266,35.015916337818794,166.55961363163107,-12.045931137171044,22.826797998359112,-2.936074711879404,25.976676048584356,6
2026-03-22T07:08:44.416Z,32.10803096904171,35.01619607715273,170.21838620798098,-12.45786247105202,22.742186606962857,-3.356255369885292,26.147080891018234,6
2026-03-22T07:08:45.416Z,32.10797899267846,35.01638733618963,178.3820118923725,-12.14730520874167,22.921296465608,-3.3269213748410382,26.153608954272265,5
2026-03-22T07:08:46.416Z,32.10796179081156,35.01669742441963,181.29585809043982,-12.685808591647206,22.78217423285905,-3.670793904184099,26.33309572168172,6
2026-03-22T07:08:47.416Z,32.107938854890264,35.01705857449695,174.0591805130912,-12.278002536325845,22.941897197188762,-3.415272297936623,26.243934121191792,6
2026-03-22T07:08:48.416Z,32.10782387657924,35.017320196925745,172.85443231300474,-13.290749804201422,22.654244442766007,-3.8765237663237158,26.549694125193746,6
2026-03-22T07:08:49.416Z,32.107802453852024,35.0175832618881,174.13906925132048,-13.536870185388784,22.71037560543345,-3.8883592004366627,26.723161336704813,6
2026-03-22T07:08:50.416Z,32.107794166690994,35.01793178269223,158.33694341713806,-11.987213257355785,23.324510287952304,-3.187588261453328,26.417546834910205,6
2026-03-22T07:08:51.416Z,32.10775949041086,35.018160665070006,160.66065469524992,-12.655025428027177,23.085937515021037,-3.5895625588816586,26.570569035976536,6
2026-03-22T07:08:52.416Z,32.1076345893759,35.018245692365376,185.34048873452306,-12.256316200126633,23.256801094877286,-3.4066248156608454,26.508511399149672,5
2026-03-22T07:08:53.416Z,32.10766361526179,35.01857827269379,189.47005107821968,-13.08199967185503,22.91342872240989,-3.8559898913800366,26.66519434157191,6
2026-03-22T07:08:54.416Z,32.107612751947094,35.01882263395299,195.63676682186363,-12.499898997669101,23.161362739175434,-3.5420210335517215,26.556394933983714,6
2026-03-22T07:08:55.416Z,32.10752005133132,35.01917159027774,201.4215187457757,-12.27514566157451,23.281661800802887,-3.4266719332893305,26.54160993154388,5
2026-03-22T07:08:56.416Z,32.10749731617493,35.019360729934576,207.00931503014414,-12.186450196483035,23.272170109997887,-3.3685641653676806,26.484914471378605,5
2026-03-22T07:08:57.416Z,32.10741812014428,35.0196545540897,212.67233896881368,-12.210933560544568,23.196808557491515,-3.400798521613323,26.43414943321522,5
2026-03-22T07:08:58.416Z,32.107433530382245,35.02007369966713,206.95341429813223,-9.762941903969303,23.766021970292336,-2.1775110228877765,25.785274657592762,6
2026-03-22T07:08:59.416Z,32.10737744047428,35.02026540647765,211.6410493768313,-12.262581449837983,23.08873114426631,-3.1545484651758215,26.332709425451583,5
2026-03-22T07:09:00.416Z,32.10732844490143,35.02036580682958,225.96541295620335,-12.20711761134636,23.053855757024113,-3.2058996753640314,26.282537517740096,5
2026-03-22T07:09:01.416Z,32.10725995824142,35.020815018370946,222.0030717926611,-12.128156747755718,23.04626946152158,-3.2482620331155845,26.244502823009906,5
2026-03-22T07:09:02.416Z,32.107242176513374,35.02107612840191,222.67154045605884,-12.147517736373997,23.15642027073726,-3.411125006900734,26.370774746359576,5
2026-03-22T07:09:03.416Z,32.107203263034116,35.02130226809024,229.08503334301048,-11.957654034653908,23.440790097932528,-3.834650989922759,26.59249290010852,5
2026-03-22T07:09:04.416Z,32.107168236857945,35.02158233735871,231.3429640838666,-11.835561885948044,23.662262061615007,-4.462944354718984,26.830971718183616,5
2026-03-22T07:09:05.416Z,32.10713796029578,35.02201551965981,212.89630729591863,-11.853896848241222,23.819731473619466,-5.125327472814794,27.095450903568132,6
2026-03-22T07:09:06.416Z,32.10713959049441,35.02235515317356,197.2040981742078,-8.875662346511666,24.805386662621117,-4.316275621484496,26.696719364222414,6
2026-03-22T07:09:07.416Z,32.107010896766226,35.0224361917289,207.44356376379193,-11.020080725030839,24.37260918010554,-6.240764813305942,27.46658702655571,5
2026-03-22T07:09:08.416Z,32.10696252022792,35.02291019073619,196.94407268534968,-10.482458266168317,24.574877648043124,-7.051293971713063,27.631997564305173,6
2026-03-22T07:09:09.416Z,32.10690024690945,35.02315813349718,194.43943346795547,-10.10281374275181,24.721098047147642,-7.929962242289404,27.85828127041504,6
2026-03-22T07:09:10.416Z,32.10679643237817,35.023381479952185,195.71083523247987,-9.401254420470183,25.00711017808052,-8.762289498311342,28.116131693198582,6
2026-03-22T07:09:11.416Z,32.1066695615956,35.02365759646329,198.87136157291053,-8.931581186605417,24.835583004872017,-9.772905410087287,28.144075856906813,5
2026-03-22T07:09:12.416Z,32.10660638231581,35.02390314473055,195.99465458957695,-8.270016014111677,24.677854768034983,-10.670191202714516,28.12903590826349,6
2026-03-22T07:09:13.416Z,32.10649765867853,35.02419210684083,194.61820586927573,-7.753142140725025,24.59576805480581,-11.333954988514321,28.169514638022445,6
2026-03-22T07:09:14.416Z,32.10633556870213,35.02447857402033,196.23774939214672,-7.193788241313704,24.355039501822027,-11.646218368336909,27.938377559893535,6
2026-03-22T07:09:15.416Z,32.106206126786724,35.02467858791417,199.45264204375906,-6.879200011645591,23.841693002849105,-11.772430104041012,27.465247652203317,6
2026-03-22T07:09:16.416Z,32.10609635472889,35.024975709341255,196.79775950208256,-7.283823363741433,23.435005655631496,-12.158508730143742,27.387641508801874,6
2026-03-22T07:09:17.416Z,32.10597013060879,35.025131385089516,202.59402532336824,-6.849752875676557,23.451795517835496,-11.859105571900612,27.15776523268607,6
2026-03-22T07:09:18.416Z,32.10581577089064,35.025392032274375,205.04650980415838,-6.611314575016792,23.51404200395023,-11.799291115674514,27.12642480323938,6
2026-03-22T07:09:19.416Z,32.10573224254108,35.02574231752882,198.9838213718176,-6.820869040131356,23.5888429561527,-11.725046665820152,27.210925853199438,6
2026-03-22T07:09:20.416Z,32.105570096889664,35.02598143705509,195.18501949402125,-6.859624684204995,23.638607341679357,-11.680346260542755,27.244608579101055,6
2026-03-22T07:09:21.416Z,32.105450855000576,35.02617489979591,195.69968626703147,-7.410656193313048,23.501273305527036,-12.051746622680682,27.43122798661886,6
2026-03-22T07:09:22.416Z,32.105283664178415,35.02643940745856,196.99018962552125,-6.425464574675719,23.828821406206348,-11.633096050368335,27.284212437348927,6
2026-03-22T07:09:23.416Z,32.10519110754109,35.02663412084868,205.05402661378417,-6.869507151482613,23.852799582008686,-11.907700722296372,27.530701278672908,7
2026-03-22T07:09:24.416Z,32.10507404808958,35.026951919823794,202.80978707650712,-7.072622730539923,23.914196905859246,-12.127113847851033,27.730447097360297,7
2026-03-22T07:09:25.416Z,32.104944833112434,35.02718584908075,201.76078445213497,-6.632064308276512,24.234431073216818,-11.88694098772451,27.79552648318173,7
2026-03-22T07:09:26.416Z,32.10479918899673,35.02744648296229,196.42774937778188,-6.967453368381632,24.225821500200205,-12.216486226514961,28.012111122205066,7
2026-03-22T07:09:27.416Z,32.10468497331774,35.0276742800374,195.07281741702934,-6.896988840539236,24.353816785464602,-12.173700712070469,28.086933547711563,7
2026-03-22T07:09:28.416Z,32.10454695771891,35.027881870521924,194.96654450048322,-6.921458847911583,24.36748631125169,-12.2402913936716,28.133711364026663,7
2026-03-22T07:09:29.416Z,32.104423308024316,35.028182131510256,199.01426312695088,-6.932350639157462,24.412100961575884,-12.347582004232622,28.22181673977865,7
2026-03-22T07:09:30.416Z,32.104284306779945,35.0284090804719,202.74201036231938,-6.980047244877722,24.56839023063169,-12.296912763325807,28.34679737773156,7
2026-03-22T07:09:31.416Z,32.104133355309905,35.02868204213641,206.1939288939392,-7.129492869811397,24.642018310989858,-12.531970193599882,28.55011404448548,7
2026-03-22T07:09:32.416Z,32.10403063667665,35.02894499365553,209.6121219070751,-7.650289683452073,24.60845241889687,-12.93978312145935,28.836450022918022,7
2026-03-22T07:09:33.416Z,32.10387994943731,35.029191874316275,209.85276260488592,-7.533847671866938,24.867642031912926,-12.726711020834673,28.933158389261482,6
2026-03-22T07:09:34.416Z,32.10370765801468,35.02942492964458,212.90314197304326,-7.08674904090887,25.065734895345834,-12.557190095385158,28.917055536555235,6
2026-03-22T07:09:35.416Z,32.10359889258011,35.02969658283643,214.23142394574964,-7.102875484252125,25.11921811391982,-12.620127919541238,28.99471654465778,6
2026-03-22T07:09:36.416Z,32.10341098838429,35.02998506447461,210.16961234979195,-7.255717749352567,25.135660673536737,-12.621943860477648,29.047553156341767,7
2026-03-22T07:09:37.416Z,32.103299339010476,35.03022801598343,212.74090178710122,-7.396621803149613,25.211560076793432,-12.617017617482807,29.14655913078702,7
2026-03-22T07:09:38.416Z,32.10318322288923,35.03052393417782,210.37503302749323,-7.157034348500998,25.276209246710128,-12.667548723256312,29.164647866983927,7
2026-03-22T07:09:39.416Z,32.10304632788785,35.03078784252366,210.53474165909046,-7.319151147369761,25.25271725567194,-12.680040345907893,29.189949049061514,7
2026-03-22T07:09:40.416Z,32.10289246579184,35.031058362547746,209.8919463226389,-7.438237396931627,24.69289511633086,-12.668520590898535,28.732522666157397,7
2026-03-22T07:09:41.416Z,32.10277414159684,35.031308002396564,207.8344616613968,-7.020249466220518,24.77057130626419,-12.107262535009763,28.45085080447225,7
2026-03-22T07:09:42.416Z,32.102647018251176,35.03156549992418,207.3258932601254,-6.693213659222949,24.523024472671896,-11.732374614645995,27.9969007655073,7
2026-03-22T07:09:43.416Z,32.10248737283761,35.031812735821156,205.51679830438405,-6.337978703573732,24.081711992325243,-11.55991487611595,27.45415193502255,7
2026-03-22T07:09:44.416Z,32.10238055887946,35.03206846231266,208.17642435151396,-6.79137663303657,23.69940790430588,-11.86613453515251,27.360370618702703,7
2026-03-22T07:09:45.416Z,32.10224823488333,35.03231896047439,207.59321439098082,-6.808697527015854,23.54069302054918,-11.771950008117331,27.186419346720495,7
2026-03-22T07:09:46.416Z,32.10212836907968,35.0325719763213,208.93778705581684,-6.458975203675173,23.489228224615584,-11.553160205772572,26.96178247093495,7
2026-03-22T07:09:47.416Z,32.10198854791178,35.0327620857636,212.07941020725804,-6.310754213247487,22.889220385126066,-11.42979630324297,26.351134171274644,7
2026-03-22T07:09:48.416Z,32.1018307904928,35.03306102654754,214.30617538145725,-6.437631823588807,22.579235545940215,-11.421048667981962,26.109487432953294,7
2026-03-22T07:09:49.416Z,32.10173196652216,35.033291430462725,214.19589052636627,-6.361996243892564,22.43312097264896,-11.332280050868125,25.92567229469873,6
2026-03-22T07:09:50.416Z,32.10163941105564,35.033500762894455,213.28524101465882,-6.90672519206989,22.42828588972719,-11.223413994988327,26.01337891418584,7
2026-03-22T07:09:51.416Z,32.10148659703757,35.03374320919838,216.32847053124715,-6.05912630781755,22.852522927535876,-10.317236125601397,25.795274316026457,7
2026-03-22T07:09:52.416Z,32.10139076040048,35.0339398363215,220.8730374014434,-6.7650862288704525,22.815819991925586,-10.221620996308891,25.899991686874856,7
2026-03-22T07:09:53.416Z,32.101282218407256,35.03419236729823,220.8812752029786,-7.439754371352399,22.81101904870148,-10.088978291940558,26.02844632554019,6
2026-03-22T07:09:54.416Z,32.10117921595765,35.03443887445258,222.55377323527313,-7.8557102170686255,22.885770564219683,-9.754598664894987,26.08874992110261,6
2026-03-22T07:09:55.416Z,32.10103018366051,35.03470690158289,227.84780291170551,-8.885267012180394,22.28579835813391,-9.685464547416387,25.873016867702248,7
2026-03-22T07:09:56.416Z,32.10095468287232,35.03491217313347,228.42633410707583,-8.250102934718832,22.41610621644735,-8.852593766285953,25.47379894580686,7
2026-03-22T07:09:57.416Z,32.10085482400512,35.0351675638408,226.39656918629584,-8.305308870175972,22.35936848436094,-8.35309576135429,25.272390532888096,6
2026-03-22T07:09:58.416Z,32.100748439537135,35.03531723962174,236.53167892173383,-9.762569882215269,21.865393337880757,-8.186815205602977,25.306661963523933,6
2026-03-22T07:09:59.416Z,32.100660553205465,35.03551366460354,248.83489027856228,-9.217882659196102,21.81440128355471,-6.94596981169079,24.679626429579145,5
2026-03-22T07:10:00.416Z,32.1005623012056,35.03579889460146,251.00206856967912,-9.634241464240043,21.800339573910318,-6.401840598624666,24.679079747415248,5
2026-03-22T07:10:01.416Z,32.1005069823203,35.03604044673906,253.09681208044867,-9.923297854276749,21.474598707107678,-5.678675727870248,24.32853443917876,5
2026-03-22T07:10:02.416Z,32.10040885077996,35.036275134834746,255.27242726049604,-10.399859291326392,21.295214248574503,-4.971983609330565,24.214950839998217,5
2026-03-22T07:10:03.416Z,32.10038208445932,35.036694218484236,248.39843520532793,-11.032474634674504,21.24972697959583,-4.376880470604398,24.3397509421534,6
2026-03-22T07:10:04.416Z,32.10032717598156,35.03683776785839,249.5820319632815,-11.450564255002075,21.233266199460193,-3.583491244059208,24.388694609415218,5
2026-03-22T07:10:05.416Z,32.100294434514964,35.03711752492718,250.5472768895478,-11.997585648729578,21.021604011396384,-2.692180244866803,24.353597908346305,5
2026-03-22T07:10:06.416Z,32.10022928012166,35.03735118240336,244.35956405944307,-12.49137620521027,20.78302745752245,-2.1392550678398505,24.342249732625454,5
2026-03-22T07:10:07.416Z,32.100176639592455,35.03759312701194,241.13767605863683,-12.564287027817564,20.8266726133369,-1.1145413034758151,24.348589342663274,5
2026-03-22T07:10:08.416Z,32.10022200407969,35.03789679381831,237.52917727308838,-13.155038546268958,20.4143366983512,-0.8754936336157833,24.301577543237237,5
2026-03-22T07:10:09.416Z,32.100247457214515,35.03813908028828,235.7499749847666,-13.505538499246873,20.275360319622415,-0.27373721443627,24.36318407572635,5
2026-03-22T07:10:10.416Z,32.1002872185511,35.03836312581224,246.6874222035225,-13.853198429711572,20.14499810180362,0.5409667394791728,24.454543550593154,5
2026-03-22T07:10:11.416Z,32.100262355180924,35.03862658007248,250.66377668759583,-13.994247624985052,20.047505708062346,1.220474127401867,24.47919542795166,5
2026-03-22T07:10:12.416Z,32.10020226104058,35.03907720286239,238.55395988504165,-14.089053837902023,19.99806472559608,1.9084479010823254,24.537037396710662,6
2026-03-22T07:10:13.416Z,32.10026605015972,35.03926241525531,234.007759167134,-14.605731845410132,19.54942603994688,2.451440398303173,24.52584394588316,6
2026-03-22T07:10:14.416Z,32.10035278669674,35.03951430751721,232.64087752345,-14.68377864231294,19.350248413005794,3.0329369799438326,24.479464364764798,6
2026-03-22T07:10:15.416Z,32.100383102349326,35.03974399653638,230.1616129798748,-15.186319957144448,18.825466471039352,3.475548436920973,24.435669391902778,5
2026-03-22T07:10:16.416Z,32.10033842065774,35.039887900922956,246.3039931984199,-14.97746533631858,18.50059614376061,4.3434829565888196,24.196329675579562,5
2026-03-22T07:10:17.416Z,32.100429619786276,35.04014854727347,253.84735089861647,-15.053231976552667,18.087782152576544,5.114370041941939,24.081620316434012,5
2026-03-22T07:10:18.416Z,32.10047850084475,35.04039420476809,256.5073778509292,-15.374047967052723,17.560439705201738,5.904936657856473,24.07485556481203,5
2026-03-22T07:10:19.416Z,32.10055690374842,35.040673567857894,258.78636505033796,-15.89122238812743,17.01644476142315,6.514808577903782,24.177118771975632,6
2026-03-22T07:10:20.416Z,32.10060960062646,35.04089228724038,265.8871789954005,-15.826797045792704,16.67661283679542,7.276950393822171,24.11536703994428,5
2026-03-22T07:10:21.416Z,32.10066636591548,35.04110770955403,270.95402984024497,-15.850100645374358,16.419260431261954,7.740560028027197,24.098424702158304,5
2026-03-22T07:10:22.416Z,32.10075498860401,35.04148188308309,265.0773922282928,-16.043674341218466,16.341169806944663,7.891001296855934,24.221916078078007,6
2026-03-22T07:10:23.416Z,32.10084486919947,35.041735674961124,257.1069661115849,-16.095971022727838,16.499269087485896,7.947471697506718,24.381724097537322,6
2026-03-22T07:10:24.416Z,32.10097890026029,35.04196644220823,253.7348307717885,-16.22002577386833,16.107063034828506,8.524447079446729,24.396575860623958,6
2026-03-22T07:10:25.416Z,32.10102944513861,35.042212809722805,250.1958041714151,-16.377904964637583,16.08432247886743,8.754292286158236,24.56784146127596,6
2026-03-22T07:10:26.416Z,32.101117533526434,35.042425818763306,248.42056257577,-16.451490457787358,16.199973881021556,8.768688155843524,24.697785001956746,6
2026-03-22T07:10:27.416Z,32.10123059024861,35.04266961403343,249.92216316745558,-16.449750801065026,16.310748919049537,8.754252048973783,24.764324352874574,6
2026-03-22T07:10:28.416Z,32.10131202772821,35.04293644591146,247.91201592377809,-16.524918630321803,16.345169779561434,8.761998684933285,24.8396886416923,6
2026-03-22T07:10:29.416Z,32.10139504494125,35.043234050181226,240.14693368222578,-16.485292062888256,16.424829083048518,8.830760121322012,24.890202673470018,7
2026-03-22T07:10:30.416Z,32.10148258852902,35.04339588991825,243.1399075228461,-16.59231666598867,16.48330187445342,8.812813292854454,24.99339695126529,6
2026-03-22T07:10:31.416Z,32.10155623619504,35.04363661454471,243.62435258155733,-16.688773147376573,16.566814818004758,8.7672694820004,25.09660368553233,6
2026-03-22T07:10:32.416Z,32.101626872116576,35.04388155449265,243.0336545741356,-16.595544063672612,16.781769725727614,8.783706628992508,25.183196382525672,7
2026-03-22T07:10:33.416Z,32.101735462779736,35.044137223355904,246.6774392936125,-16.81085916531911,16.882563535898292,8.78248008847108,25.39208329232218,6
2026-03-22T07:10:34.416Z,32.10183302069178,35.044406869030624,248.96388261647982,-16.978179540117317,17.0499182303681,8.876675181842192,25.646708452404372,6
2026-03-22T07:10:35.416Z,32.10188506532607,35.04468607386679,247.3674029081302,-17.190812451649343,17.184448367516104,8.968991821700712,25.90891955951354,6
2026-03-22T07:10:36.416Z,32.101986899446985,35.04489333158444,252.20767004825456,-17.326004635418922,17.44464778854783,8.914823232833731,26.15301600897527,6
2026-03-22T07:10:37.416Z,32.10208441661547,35.045194627897025,249.38633914318132,-17.018663260813696,18.074640067779832,8.76153378580469,26.326640253639642,7
2026-03-22T07:10:38.416Z,32.10215298641103,35.045424106231955,251.05415186304361,-17.1456166585461,18.58138042792882,8.1829437882195,26.57443204003408,6
2026-03-22T07:10:39.416Z,32.10225101037935,35.04568126063606,254.8016283647513,-17.30573865486957,19.150791827743298,7.436295951832212,26.86149503477873,6
2026-03-22T07:10:40.416Z,32.1020819785351,35.046371382872266,280.9639762589491,-24.95781499872705,5.027591013438014,1.0492608564912145,25.48077999697129,7
2026-03-22T07:10:41.416Z,32.10237718777399,35.04625150174149,273.9627118873444,-17.070199849701723,20.371720010032565,6.017383984076534,27.250827677113563,6
2026-03-22T07:10:42.416Z,32.10239232075974,35.04652289762875,269.94340742401084,-16.77814812288561,20.99500506856483,5.05879283000063,27.34753877699817,6
2026-03-22T07:10:43.416Z,32.10241192697833,35.04670789628004,279.8398989104319,-16.442026938186277,21.47015181416765,4.231004059039136,27.37168361842317,5
2026-03-22T07:10:44.416Z,32.102452994690736,35.04698646853726,288.4554984450749,-16.109748779444285,21.924451481555366,3.189507802605316,27.393038139767594,5
2026-03-22T07:10:45.416Z,32.10247418853803,35.047277270002894,295.3884100763786,-16.398967522223458,21.79159286327796,2.168269605062321,27.358747200740822,5
2026-03-22T07:10:46.416Z,32.10248790256133,35.04760464758971,292.12016265262804,-16.29898762951531,21.91242995563548,1.3683098370634943,27.34380836895126,5
2026-03-22T07:10:47.416Z,32.10241852590655,35.04792913530949,297.818698001715,-16.536085894575937,21.667128600791706,0.6156512894695584,27.263265120419177,5
2026-03-22T07:10:48.416Z,,,,,,,,0
2026-03-22T07:10:49.416Z,,,,,,,,0
2026-03-22T07:10:50.416Z,,,,,,,,0
2026-03-22T07:10:51.416Z,32.10237277193176,35.049161029622624,292.84075452365596,-12.724405510590172,23.721418735931756,-3.0570104621300946,27.091724112889615,5
2026-03-22T07:10:52.416Z,,,,,,,,0
2026-03-22T07:10:53.416Z,32.10233511523694,35.049674151891224,289.60172018104845,-12.823759834244827,24.195101796094008,-5.10974634555185,27.85608147111906,5
2026-03-22T07:10:54.416Z,32.10228030272276,35.04982090044245,297.14605930001994,-11.352821915054392,24.214071841612697,-4.9232453713174245,27.192759800577775,5
2026-03-22T07:10:55.416Z,32.102212945228416,35.05001397767016,309.04950050464913,-11.232018200619796,23.977036762717972,-5.030262694157422,26.951068022473905,5
2026-03-22T07:10:56.416Z,32.102139318552325,35.050300974249936,317.38318357794134,-11.269008074028317,23.80948221222148,-5.116165655672663,26.83388039778986,5
2026-03-22T07:10:57.416Z,32.10206344287139,35.05057311647292,321.99754399082985,-11.292188006124729,23.716523813311454,-5.064343391085062,26.751347362999557,5
2026-03-22T07:10:58.416Z,32.10202780760822,35.05088937028723,323.84001687836246,-11.489459234905933,23.605854444199185,-5.0856045645950205,26.741492316972764,5
2026-03-22T07:10:59.416Z,32.10198487588677,35.05114550036828,327.5661885477738,-11.469564964214117,23.62865862525907,-5.0085671579038396,26.738552202252663,5
2026-03-22T07:11:00.416Z,32.10188671278498,35.051417622412835,329.431977543058,-11.667814191246396,23.570398282120617,-5.099563071137086,26.79005611595001,5
2026-03-22T07:11:01.416Z,32.10186147678582,35.051723273039165,329.01122397268847,-11.679240427999037,23.60520730963475,-5.1288985837441325,26.831251737259173,5
2026-03-22T07:11:02.416Z,32.10174466907079,35.05197302605701,327.8234979165112,-11.72709899003878,23.33069270493211,-5.158706339347804,26.616880431593938,5
2026-03-22T07:11:03.416Z,32.10170256498007,35.05229786586629,327.59516279665235,-11.657333231535635,23.122648284804644,-5.177158877128995,26.407446976428442,5
2026-03-22T07:11:04.416Z,32.10162945101801,35.05240760355537,333.70396268209265,-11.723287754285126,23.10534234173539,-5.221155218756489,26.43014911643349,5
2026-03-22T07:11:05.416Z,32.10156989016076,35.052697214879856,344.67647140483245,-11.821145863141556,23.214454812877065,-5.2353871787665245,26.571783543608298,5
2026-03-22T07:11:06.416Z,32.101549990219574,35.05311298272457,335.4695507212319,-12.036674722320772,23.29406246614416,-5.5232986805460165,26.795553975652442,5
2026-03-22T07:11:07.416Z,32.10145679385002,35.0534038983944,334.11934376844505,-12.053242206701944,23.49213007135897,-5.5705952109029155,26.985039447568056,5
2026-03-22T07:11:08.416Z,32.101413694818206,35.05365471657535,329.40357731108486,-12.23084228656236,23.637014690323632,-5.691557724712375,27.215726994571913,5
2026-03-22T07:11:09.416Z,32.10138491757963,35.05397442553703,327.20167127418375,-12.503884696962501,23.788311260940574,-5.6061350873964635,27.452862069016827,5
2026-03-22T07:11:10.416Z,32.10130544344631,35.05418263366465,333.1643530447532,-12.763785208660735,23.967143969572284,-5.6934793678155176,27.744439266685003,5
2026-03-22T07:11:11.416Z,32.10125738571109,35.05455378124258,331.09441793536513,-12.918533399219164,24.19135934182839,-5.821030578662522,28.03559824562217,5
2026-03-22T07:11:12.416Z,32.10121647380705,35.05477605519358,326.7441742278599,-13.167756017051236,24.390750727962565,-5.936775009602765,28.3468484511566,5
2026-03-22T07:11:13.416Z,32.101152867535575,35.05512853907707,320.5560481634524,-13.39679008473464,24.63669790942562,-6.011017302194864,28.68053691028163,5
2026-03-22T07:11:14.416Z,32.10110143025602,35.0554958041843,311.9188889153115,-13.612495060798413,24.803168980068854,-6.131342944081956,28.949794118992532,5
2026-03-22T07:11:15.416Z,32.10101808993887,35.055751270486084,306.0716991260517,-13.635522675435505,24.738392122943157,-6.212195400508893,28.922428929032147,5
2026-03-22T07:11:16.416Z,32.1009757528002,35.05595791082453,315.74173661486265,-13.668977114726973,24.745701117105224,-6.355871901114558,28.97564092066662,5
2026-03-22T07:11:17.416Z,32.10092391708496,35.056276213807024,320.75201134974054,-13.861176506192436,24.90827314779766,-6.4237656116348,29.22018223718567,5
2026-03-22T07:11:18.416Z,32.10085757931161,35.05669237550959,317.1459424795931,-13.95649166999843,24.869937542476237,-6.5129562504206024,29.252624706533553,5
2026-03-22T07:11:19.416Z,32.10079081185334,35.05689129667461,317.4860443493967,-13.865811401909987,24.5896872246575,-6.581836736405164,28.986790413298845,5
2026-03-22T07:11:20.416Z,32.100721394904184,35.05720687124271,317.8420710392168,-13.82092309673291,24.388200466371966,-6.431047380068887,28.7603999909327,5
2026-03-22T07:11:21.416Z,32.10068830271668,35.057521298965355,314.8682871863342,-13.85087893121773,24.289720706594373,-6.296080906181753,28.66143775090142,5
2026-03-22T07:11:22.416Z,32.100689767372806,35.057926174688504,301.63246448528696,-14.336951184550285,24.42692082972061,-6.390555958001523,29.035527133874552,6
2026-03-22T07:11:23.416Z,32.10057031253843,35.058204433941455,289.6628380626748,-14.039218810939733,24.50629850062725,-5.611250242793866,28.794868645481674,6
2026-03-22T07:11:24.416Z,32.10052971774153,35.058504985379045,281.55471498249386,-14.512603373620308,24.40285420403285,-5.8188183638611894,28.982297996102854,6
2026-03-22T07:11:25.416Z,32.1004857603308,35.05873854573786,282.66534908299536,-14.491812898720475,24.404701625781552,-6.048377811885397,29.020423440919213,6
2026-03-22T07:11:26.416Z,32.10038417325432,35.0590898780582,278.2532927489658,-13.985143561592801,24.7902449662129,-6.135660467154534,29.116778930565232,6
2026-03-22T07:11:27.416Z,32.10037142293277,35.05936407129904,275.3925138016197,-13.827200325609885,25.091765982160656,-6.071836149402202,29.285753928715035,6
2026-03-22T07:11:28.416Z,32.10027777922644,35.059684730798274,273.71566210846174,-13.789074669045382,25.265155564215544,-6.149342047161345,29.432653185289073,6
2026-03-22T07:11:29.416Z,32.10019774995509,35.06000753709609,271.14678664374645,-13.612632778685233,25.423334430611657,-6.138738130283637,29.484467276351765,6
2026-03-22T07:11:30.416Z,32.10015092464773,35.06029656150631,271.21106479327807,-13.305312372152251,25.623825340086505,-5.978175712878206,29.4847477051077,7
2026-03-22T07:11:31.416Z,32.100060876311375,35.06060973412785,269.93100714700444,-12.87220205022047,25.675452479632586,-5.936246984640262,29.32850957546636,7
2026-03-22T07:11:32.416Z,32.1000100458202,35.06095444118485,269.764261619865,-13.031057187722695,25.878168128580526,-5.837483563335731,29.55612037248791,6
2026-03-22T07:11:33.416Z,32.09996334086699,35.06128988630165,267.8035670773209,-12.856565436810703,25.96054540228564,-5.905274145825773,29.565409774810966,6
2026-03-22T07:11:34.416Z,32.099870888057985,35.06153753477256,263.21412958038616,-12.591557631331415,25.92467286496498,-6.033612143371393,29.44555080543121,7
2026-03-22T07:11:35.416Z,32.09980845277931,35.06181160109414,264.7408144156926,-11.88822247432991,26.18497632474991,-5.849354056939779,29.346171157585683,6
2026-03-22T07:11:36.416Z,32.099699872120716,35.061902449726176,285.7055872715692,-12.170879336761184,25.88697839208618,-6.335882348816613,29.29862384550481,5
2026-03-22T07:11:37.416Z,32.09960408825977,35.06224640762234,296.4181958844663,-11.91688995125991,25.637981322892998,-6.034780660793369,28.909114999379266,5
2026-03-22T07:11:38.416Z,32.09956679171635,35.06256833851651,304.6471588777781,-11.697113886740096,25.424044174811915,-5.6165524729462515,28.543828705405208,5
2026-03-22T07:11:39.416Z,32.09952252030701,35.062721635138146,318.1305809697977,-11.625751200349331,25.11647935747304,-5.1201213730897575,28.14624787004413,5
2026-03-22T07:11:40.416Z,32.09945339231342,35.063140274018586,318.0131618005067,-11.584988063166213,24.719965164641568,-5.162280313852888,27.783767998664068,5
2026-03-22T07:11:41.416Z,32.099417958202594,35.06359146868016,304.6384940271994,-10.292720719255668,24.11936258368217,-5.334659308327756,26.760835958236626,6
2026-03-22T07:11:42.416Z,32.09935781658044,35.06378706420541,296.06103843410006,-11.184849729496129,24.307051431403,-4.819697517663378,27.187554081271283,6
2026-03-22T07:11:43.416Z,32.09929519845153,35.06408403291652,290.0023467436389,-10.680503467338504,23.88652460326275,-4.7297946625376985,26.58966283140643,6
2026-03-22T07:11:44.416Z,32.099228876452294,35.06439894777491,286.0448655435412,-10.975709747203405,23.55047729999007,-4.971833945344543,26.45392822044174,6
2026-03-22T07:11:45.416Z,32.099186310411916,35.064704087484344,282.0154455095433,-10.878662379750937,23.369555710991083,-4.978937523880189,26.25397585449538,6
2026-03-22T07:11:46.416Z,32.099138971197135,35.06496697957544,277.6580261560276,-10.397435416996746,23.365434061116467,-4.884204044872706,26.036620772806728,6
2026-03-22T07:11:47.416Z,32.09907952339395,35.06519286289475,279.13779473817806,-10.58318681980617,23.168474952678785,-5.162112562408284,25.989026164956563,6
2026-03-22T07:11:48.416Z,32.09893052522479,35.06516552250097,301.1972272624785,-10.353675598316084,23.10119857282615,-5.157761622917717,25.83537262853303,5
2026-03-22T07:11:49.416Z,32.09889320987989,35.06567565595421,303.8735871049476,-10.141798108859875,23.004598652973364,-5.122133298947708,25.65743318411736,5
2026-03-22T07:11:50.416Z,32.098824419989626,35.06579112179649,315.0001958799944,-10.198809870249105,22.884223754072394,-5.356977953972777,25.620316789518668,5
2026-03-22T07:11:51.416Z,32.09874528031895,35.06596682028278,330.8492949142863,-10.123008090368701,23.043903533418202,-5.559911140223608,25.776140027985893,5
2026-03-22T07:11:52.416Z,32.09872203536794,35.06630740129949,338.5547776342051,-10.025803152666045,23.114522224290305,-5.742758243137469,25.84138422670779,5
2026-03-22T07:11:53.416Z,32.098664421391405,35.06674761158696,329.92202098360843,-10.061625795829153,23.09336455576544,-5.846212456712157,25.859582368046755,5
2026-03-22T07:11:54.416Z,32.098560871833676,35.06679332904812,339.59702479969167,-9.72069854223417,22.935529175960262,-5.874984069569306,25.593864822414204,5
2026-03-22T07:11:55.416Z,32.09848893659811,35.06711546112421,341.61897460965054,-9.573543278900797,22.70429905456706,-5.993630412687386,25.358657929710958,5
2026-03-22T07:11:56.416Z,32.0983971597146,35.06722490413352,350.6469558003946,-9.403725887401665,22.435555935684874,-6.000628049200632,25.055773141004575,5
2026-03-22T07:11:57.416Z,32.09834068447658,35.067686079509976,343.34656916168905,-9.234895808163458,22.23092450664073,-5.948095660560686,24.796716455909547,5
2026-03-22T07:11:58.416Z,32.09830216992768,35.06793849088681,341.2675068488064,-9.315172335396053,21.953452556127274,-5.951765933365038,24.57946363324114,5
2026-03-22T07:11:59.416Z,32.09821223945273,35.06829014664114,334.8496513639939,-8.939643145224442,21.25767267098032,-5.647545255744718,23.74238055389953,5
2026-03-22T07:12:00.416Z,32.098163885998105,35.06857447956566,325.53750008618204,-9.137491650295,20.77175931194235,-5.651566851272291,23.385892038724425,5
2026-03-22T07:12:01.416Z,32.09807156409553,35.068480983510575,339.6085288696513,-9.363982475018203,20.46706781962218,-5.876646875079483,23.26198640313942,5
2026-03-22T07:12:02.416Z,32.09801673833633,35.06879294339349,344.93213565863596,-8.684727056417792,19.84816259773862,-5.4854811409617,22.348703450057055,5
2026-03-22T07:12:03.416Z,32.09795096430348,35.06900939650148,347.7246072593363,-8.103298998924663,19.92918541080307,-5.209309837411859,22.135329109509424,5
2026-03-22T07:12:04.416Z,32.09790747050322,35.0690729392515,358.18611333484426,-7.189655643693463,20.171003567728626,-4.668812318419913,21.917078766770988,5
2026-03-22T07:12:05.416Z,32.09785581756183,35.06962038360661,344.2334983971328,-8.337138051629637,20.059524589001047,-4.965707358949492,22.28341641677491,5
2026-03-22T07:12:06.416Z,32.09776936594097,35.069694503214286,352.21702475760776,-9.11891574607393,20.270992613337043,-4.647377157379484,22.70827779372299,5
2026-03-22T07:12:07.416Z,32.09770983732529,35.069927251706375,354.6335377396651,-9.527387073773424,20.506399352784015,-4.83082545840058,23.12185964577453,5
2026-03-22T07:12:08.416Z,32.09769649686953,35.07026324263589,354.0828606395168,-8.85353283401176,20.819724288991427,-4.79370688790863,23.126296479110668,5
2026-03-22T07:12:09.416Z,32.0976003447133,35.07058529062276,342.1238500877738,-8.952944379579032,21.07813658613915,-5.227115530369675,23.48969543811936,5
2026-03-22T07:12:10.416Z,32.097572749892436,35.070870345842046,327.21885242145896,-9.697481790685236,21.03775685466016,-5.95029355060422,23.917239805103648,7
2026-03-22T07:12:11.416Z,32.097528205879634,35.071116842256465,321.7727232252647,-8.327069300564393,21.671875947323546,-5.3043871455992875,23.81484438754496,6
2026-03-22T07:12:12.416Z,32.09748377911704,35.07125507302835,318.2369717537798,-8.222579967917993,21.77910206638699,-5.352861730273543,23.887093520358132,7
2026-03-22T07:12:13.416Z,32.097345352142575,35.07130550721816,335.4491444172319,-7.321590005123486,21.99841685486621,-4.909504319078735,23.698929448028633,5
2026-03-22T07:12:14.416Z,,,,,,,,0
2026-03-22T07:12:15.416Z,32.097215830032425,35.07221873154807,323.31608706913755,-8.913520008542262,22.201035099838283,-5.713993597312755,24.596473756964958,5
2026-03-22T07:12:16.416Z,32.097131397509095,35.07203827627736,340.98722265559337,-5.03083725830063,22.967317679028337,-3.732991478468687,23.80634852864322,5
2026-03-22T07:12:17.416Z,32.09706250284229,35.0724829088143,341.2449756223128,-10.56824320365922,22.538537460713112,-6.778902019857836,25.799747050591215,5
2026-03-22T07:12:18.416Z,32.09698041848459,35.07286950997813,334.5202708606388,-7.7813335643481025,23.093653818669296,-5.493130318415804,24.98080221752873,5
2026-03-22T07:12:19.416Z,32.09693615366842,35.07302485463665,339.20614459543805,-10.161958617150967,23.007838996341704,-6.973316013297029,26.100827466568482,5
2026-03-22T07:12:20.416Z,32.09681929129742,35.07294124805078,359.8522596245998,-9.85809511878832,23.154011752833345,-6.9596284562063175,26.109897124842515,5
2026-03-22T07:12:21.416Z,32.09673042608607,35.073502459961865,356.1658372436534,-6.789853284979456,23.638882850389223,-5.362253138771263,25.1724581392091,5
2026-03-22T07:12:22.416Z,32.0966837018196,35.07377646020912,353.0285278092523,-8.920236865545277,23.316824015216863,-6.212889574021433,25.7263465100082,5
2026-03-22T07:12:23.416Z,32.09663076342121,35.07402003394468,351.4408910765861,-11.561555489064254,22.11461523532642,-7.445257968743976,26.04145999275749,6
2026-03-22T07:12:24.416Z,32.09654722634188,35.0743714463883,343.3166589093685,-9.037395431461432,22.132863361855748,-6.028166466949026,24.655160671397482,6
2026-03-22T07:12:25.416Z,32.09651169009552,35.07453496836473,346.11377569497733,-9.954756508407545,21.95798284029758,-6.2695619617755725,24.91099345166765,6
2026-03-22T07:12:26.416Z,32.09639202446575,35.07458296903249,358.69776308953413,-9.307655029896335,22.151333833012156,-5.862222664275365,24.732158969702734,5
2026-03-22T07:12:27.416Z,32.09631278625578,35.07504467958844,358.7177276590218,-9.359271446893697,22.094250163139996,-5.8808788930903395,24.704991172701256,5
2026-03-22T07:12:28.416Z,32.09625717623006,35.0751824552021,367.4204939570402,-9.60360613759375,22.020173840277252,-6.108044452240899,24.78760807001373,5
2026-03-22T07:12:29.416Z,32.09619683150957,35.07559565222533,359.7524623044667,-8.898936819918678,22.05376903447932,-5.8302881650878815,24.48575229064909,5
2026-03-22T07:12:30.416Z,32.09608873843273,35.07562222398912,369.4600713909627,-9.343475470207611,22.099792972305057,-6.0599471081344545,24.74720877663787,5
2026-03-22T07:12:31.416Z,32.09606074299335,35.076053700137614,367.73698636344795,-8.501827173520613,22.12113284001705,-5.5332348854002165,24.336028264922447,5
2026-03-22T07:12:32.416Z,32.09600251906021,35.07611895070137,375.1239731746783,-9.270541019111134,22.0810344050854,-5.943000318408089,24.674567148588157,5
2026-03-22T07:12:33.416Z,32.09592577259278,35.07656589691322,371.0144626736588,-9.443430440855513,22.175734419308437,-6.025101431197279,24.844384129681963,5
2026-03-22T07:12:34.416Z,,,,,,,,0
2026-03-22T07:12:35.416Z,32.09580358199624,35.07701689574489,373.66373933527245,-8.939507521494585,22.48701104484033,-5.773589636673541,24.87799826654736,5
2026-03-22T07:12:36.416Z,32.09572754961103,35.077209634566856,378.0614579387579,-9.457663315380062,22.54463492591505,-6.019507590564585,25.17821341880196,5
2026-03-22T07:12:37.416Z,32.09562152367928,35.07750672398228,378.0577823763553,-9.190491641724693,22.705137328344986,-5.819569409613576,25.17649272295342,5
2026-03-22T07:12:38.416Z,32.09555060586897,35.07755808464748,391.2314455514103,-9.24164756748931,22.808784191131977,-5.733454625700877,25.268976789420737,5
2026-03-22T07:12:39.416Z,32.095477140971035,35.07817161982299,376.76242467013145,-9.674667984856278,22.85496233307919,-6.035060137696886,25.541543702941873,5
2026-03-22T07:12:40.416Z,32.0954009171966,35.07822391159083,380.20682216610635,-9.990386709895649,22.914015072524812,-6.2828964213345175,25.77469109026085,5
2026-03-22T07:12:41.416Z,32.095352644580906,35.07881377585659,362.4367589389114,-8.956223970861863,23.147747434586027,-5.767164260668654,25.48121548751469,5
2026-03-22T07:12:42.416Z,,,,,,,,0
2026-03-22T07:12:43.416Z,32.09520813618591,35.07888573387903,380.2979852119465,-7.160887151547475,23.598659648325935,-4.8559146098285675,25.134735898605957,5
2026-03-22T07:12:44.416Z,32.09509426688317,35.078982241650834,400.6944404159675,-10.621227333972332,23.263631523721145,-6.801304862900078,26.46251631250327,5
2026-03-22T07:12:45.416Z,32.095044340386096,35.079646136748856,386.7250830820111,-10.248107606118197,23.410484722288487,-6.556388234798886,26.382962895105045,5
2026-03-22T07:12:46.416Z,32.09493403926562,35.079808702905986,390.11216995205825,-8.860652829698727,23.630013814353525,-5.713472093105918,25.875325791063705,5
2026-03-22T07:12:47.416Z,32.09490203534464,35.080092686601624,389.57542756343696,-10.043246518609362,23.560511609752435,-6.219272977291553,26.356097289107645,5
2026-03-22T07:12:48.416Z,32.094806518151415,35.08039980915436,386.64311910893883,-9.290197486066686,23.601155363208306,-5.894970969853045,26.039834610531344,5
2026-03-22T07:12:49.416Z,32.094751396451244,35.080606229690645,386.32093371130236,-8.834106364490651,23.661416209161604,-5.668265810801292,25.885001247521867,5
2026-03-22T07:12:50.416Z,32.09467480437037,35.080849047015434,389.5618311460966,-10.140626741734758,23.530356039535555,-6.361130180080409,26.400264075013023,5
2026-03-22T07:12:51.416Z,32.094586833176535,35.08117091073055,389.088672227145,-10.135498798887362,23.56486230797364,-6.3762996782737975,26.432712102301544,5
2026-03-22T07:12:52.416Z,32.09452689200371,35.08132474527737,393.77537787085305,-10.04150489480626,23.64350443623333,-6.4562936419867025,26.486427659655448,5
2026-03-22T07:12:53.416Z,32.09447164907177,35.08153638393744,407.07141187567004,-10.14235939055346,23.735165557800197,-6.47870239993945,26.61201087573643,5
2026-03-22T07:12:54.416Z,32.094386930902616,35.08184500945793,407.4606725742538,-10.209050121037908,23.818702124058056,-6.482513288182824,26.71288553825548,5
2026-03-22T07:12:55.416Z,32.094304816589215,35.0822037251982,404.6405166584087,-10.1520291478664,23.896813504728566,-6.508647860050269,26.767216673853923,5
2026-03-22T07:12:56.416Z,32.09423965532673,35.082594154879374,397.49557018752347,-10.218904943539334,23.916258753774414,-6.57080078296375,26.825153754489108,5
2026-03-22T07:12:57.416Z,32.09416030080585,35.082711471208846,402.32149325511415,-10.298637110567457,23.974737918611357,-6.424530833438961,26.872375798039634,5
2026-03-22T07:12:58.416Z,32.094062427191986,35.083040573569114,399.67235762635704,-10.6159101671455,23.996161984074504,-6.6638945525913975,27.072510582709224,5
2026-03-22T07:12:59.416Z,32.0940214843629,35.08340996826865,391.81006423781946,-10.21857690555748,24.13270764080864,-6.56477241715505,27.016719433354158,5
2026-03-22T07:13:00.416Z,32.09394756637549,35.083680983569614,382.19648541546553,-10.732770328801532,24.081163319863055,-6.783804496976789,27.223423539700565,6
2026-03-22T07:13:01.416Z,32.093846006363506,35.083663927932456,401.7254333109352,-10.336269131872506,24.27502760004788,-6.4556306246194515,27.162300920781938,5
2026-03-22T07:13:02.416Z,32.093801240062696,35.0842729474786,392.3797954808285,-10.259261273788436,24.33543434418364,-6.3907272429014155,27.17180894414448,5
2026-03-22T07:13:03.416Z,32.093718045106975,35.08425671262587,406.9096854359211,-10.035187833278092,24.36310303197759,-6.277133624338641,27.086310024322824,5
2026-03-22T07:13:04.416Z,32.093620645506356,35.08470507677442,407.54349464696134,-10.335381313647611,24.293521830487816,-6.459805846733834,27.179484936333523,5
2026-03-22T07:13:05.416Z,32.093552992624765,35.085076803744734,399.7040376702265,-9.791475179432052,24.44997205181799,-6.110326589758994,27.037200494090186,5
2026-03-22T07:13:06.416Z,32.09348593041519,35.08502464185297,417.2012067141343,-9.919915199661823,24.26674699944343,-6.269554614646446,26.95527856597874,5
2026-03-22T07:13:07.416Z,,,,,,,,0
2026-03-22T07:13:08.416Z,32.09334495495957,35.08559331516679,428.90425240990226,-10.403599036874224,23.99745867000583,-6.4940603326401565,26.949688590829,5
2026-03-22T07:13:09.416Z,32.093229222226704,35.08608687536212,419.6448531787613,-10.22302270714467,23.849356861032003,-6.4107111301726905,26.728247850358052,5
2026-03-22T07:13:10.416Z,32.09314726771336,35.08625740170692,420.54636535194027,-10.122978321914836,23.80357405535074,-6.30605698677367,26.62425928800577,5
2026-03-22T07:13:11.416Z,32.09310768042854,35.08657149211948,420.40821886266946,-10.317868445223294,23.70922061015356,-6.138578111005513,26.575697402303124,5
2026-03-22T07:13:12.416Z,32.09302608787975,35.08682975664422,416.4905743736175,-10.711863404385834,23.64637152235669,-5.951767058425593,26.633032776709868,5
2026-03-22T07:13:13.416Z,32.09295547009445,35.08709309098777,415.3418852567812,-10.9669833727709,23.660342308096226,-5.7073054102771,26.695689867113376,5
2026-03-22T07:13:14.416Z,,,,,,,,0
2026-03-22T07:13:15.416Z,32.09285879218201,35.08764051821342,416.5929040983789,-11.484887839927394,23.733440351353924,-5.339374016181063,26.90144521195202,5
2026-03-22T07:13:16.416Z,32.092783369375994,35.08783530910995,425.1221941861652,-11.894556696249339,23.80059478578124,-5.192011023691858,27.10914549791979,5
2026-03-22T07:13:17.416Z,32.09274603028462,35.08819082849688,423.7351271504858,-12.199512983278467,23.882372767912948,-4.944644163458429,27.269861605038507,5
2026-03-22T07:13:18.416Z,32.092646701405336,35.08846278499151,432.3240005201699,-12.615940276232942,23.96806527051565,-4.82123192804712,27.511350006300958,5
2026-03-22T07:13:19.416Z,32.09262742484555,35.088758212312044,435.0888326816753,-13.022682409992708,24.08906163692792,-4.464871507026177,27.74541809512879,5
2026-03-22T07:13:20.416Z,32.09255860134895,35.088980979254124,437.0553242397094,-13.48086689213119,24.180484487739342,-4.1151806791480885,27.988646166744036,5
2026-03-22T07:13:21.416Z,32.092520559930904,35.08947166934711,423.6106671967915,-13.034034823107078,24.171064136014248,-3.3864610396069432,27.669378807809508,5
2026-03-22T07:13:22.416Z,32.09252329370374,35.08969401782813,418.4122036713342,-14.03737215736863,23.900625990130838,-3.4934809053539206,27.93728957219469,5
2026-03-22T07:13:23.416Z,32.09239902696873,35.08990134528062,415.6636618913547,-14.033474304245008,23.984331584414125,-3.2569712011090264,27.97846357475484,5
2026-03-22T07:13:24.416Z,32.092402681990784,35.09052684027583,401.1182453359661,-14.666588104760358,23.961286384781843,-3.3098494673463175,28.287933034152964,5
2026-03-22T07:13:25.416Z,32.09239527064959,35.090653111856916,395.5862614397926,-14.159605206569818,24.216463142448422,-2.4736885163142426,28.161154834474154,6
2026-03-22T07:13:26.416Z,32.092387408410666,35.09094287728585,391.40961751862676,-15.106359513188066,23.56980399266952,-2.749241826703892,28.129985577960145,5
2026-03-22T07:13:27.416Z,32.09235517271606,35.091193611696255,384.2159677743119,-15.111133377080783,23.633586819387414,-1.8781163437267225,28.114410875741658,5
2026-03-22T07:13:28.416Z,32.09235780787825,35.0915684539932,384.83473927866703,-15.115170080880743,23.444612765385973,-1.7071868196427271,27.94696264587644,6
2026-03-22T07:13:29.416Z,32.092345222823,35.09169727568112,391.44437346984466,-15.995364905764202,23.152732597621515,-1.6414970606001797,28.18856572806566,5
2026-03-22T07:13:30.416Z,32.09229007977566,35.09215102622156,390.29994589745417,-16.21860872772976,23.066071462344805,-1.2756817468661785,28.22612771331691,6
2026-03-22T07:13:31.416Z,32.09218438465952,35.09248708528805,387.34022102292965,-16.153342335516474,22.778445513347236,-0.5311542581729041,27.929736365724846,6
2026-03-22T07:13:32.416Z,32.092369225208614,35.092646064229186,390.93389161127294,-16.78814252311731,23.06011155481937,-0.7349615548818983,28.533325126671933,6
2026-03-22T07:13:33.416Z,32.09229498076028,35.09306020934523,384.25747079679235,-17.27884848436856,23.030853806921982,-0.5590550325992416,28.797419581466894,5
2026-03-22T07:13:34.416Z,32.09228741238627,35.093373434777824,381.64621141327746,-17.455644452523604,22.98305251162125,-0.25733751086604467,28.861504614267023,5
2026-03-22T07:13:35.416Z,,,,,,,,0
2026-03-22T07:13:36.416Z,,,,,,,,0
2026-03-22T07:13:37.416Z,,,,,,,,0
2026-03-22T07:13:38.416Z,,,,,,,,0
2026-03-22T07:13:39.416Z,,,,,,,,0
2026-03-22T07:13:40.416Z,,,,,,,,0
2026-03-22T07:13:41.416Z,32.092390446693855,35.095490199056464,379.0349350526067,-19.721446512129294,23.053320581041998,-0.25892835402029096,30.339052164423116,5
2026-03-22T07:13:42.416Z,32.09233988590357,35.09587881099868,373.6800239905484,-18.71924792894775,23.33565990528143,0.36299423038342454,29.918138830008555,5
2026-03-22T07:13:43.416Z,32.092434810754206,35.09618123469292,371.253009293771,-17.713852545301588,23.60450489953558,0.7670806386821803,29.52188402279109,5
2026-03-22T07:13:44.416Z,32.09242912352313,35.096393804138366,375.6599107664151,-18.868905178125477,23.124350925508764,0.30054167102267554,29.847303289295493,5
2026-03-22T07:13:45.416Z,32.09242622213306,35.09677863854089,375.032360629463,-18.830778024085394,23.073111382283376,0.42957656179480974,29.785083613682797,5
2026-03-22T07:13:46.416Z,32.09234815098635,35.097025806372855,381.25405307925655,-17.822115586182075,23.49663539814636,0.9502239860000872,29.50631465676845,5
2026-03-22T07:13:47.416Z,32.09237979358389,35.09743982931497,377.70294299693745,-18.545291222517648,23.29660502172595,0.4315629390988394,29.779957666805043,6
2026-03-22T07:13:48.416Z,32.09239266145139,35.09766960230633,380.59554063499877,-19.89815788139295,22.989040155740206,-0.206486191096306,30.405185263408438,6
2026-03-22T07:13:49.416Z,32.09249938805631,35.09800027900438,375.9731613920841,-19.110542307124863,23.137808846398254,0.3829571342131861,30.011958977239715,5
2026-03-22T07:13:50.416Z,32.09254597042601,35.09836729464928,363.99498347856843,-17.30955123384384,23.87078055135293,1.170523642979369,29.509402800576765,5
2026-03-22T07:13:51.416Z,32.09251250860885,35.098633615855164,363.0983299019649,-18.697832727443142,23.416641135582502,0.51077470750314,29.97013382649339,6
2026-03-22T07:13:52.416Z,32.09252132463789,35.09888100636225,370.35896663824343,-17.824674409367514,23.654125882602564,1.1047327717920719,29.638777362891357,6
2026-03-22T07:13:53.416Z,32.09255183364696,35.099311055788036,365.5849011594726,-18.132067274987786,23.779275001998545,1.0026762508818607,29.92041348226054,6
2026-03-22T07:13:54.416Z,32.0926037620404,35.09964020947469,354.28889608456035,-18.316372142054888,23.47305341493511,0.8572073771387719,29.786045886523144,6
2026-03-22T07:13:55.416Z,32.09252704852247,35.099758863242556,369.091703185856,-17.312992241951523,23.97471067942084,0.7470285497275362,29.581827262458237,5
2026-03-22T07:13:56.416Z,32.092594671132886,35.100344644424524,355.3176230012749,-18.001518221037394,23.34527307338299,0.5689339674877381,29.485252567894403,6
2026-03-22T07:13:57.416Z,32.09253981926869,35.10055662706563,354.36052347925795,-17.782934907434036,23.55526336066489,0.5476969404516536,29.51920015601537,6
2026-03-22T07:13:58.416Z,32.09259521180788,35.100890831573935,351.4828445783344,-18.09323121343248,23.24299375922456,0.5352866540102502,29.45994410103388,6
2026-03-22T07:13:59.416Z,32.092599646513825,35.10113049973365,351.82865213898424,-17.589213855507428,23.22230816672244,0.9223752055544785,29.146300222580905,6
2026-03-22T07:14:00.416Z,32.09257275488773,35.10156450066928,349.15723909914686,-17.159020502225076,23.363106976297843,0.9429808327903652,29.00268892762751,6
2026-03-22T07:14:01.416Z,32.09263009756625,35.10180225045764,347.9954942317544,-16.700692068377162,23.357448484902907,1.115993168092704,28.73549992672615,6
2026-03-22T07:14:02.416Z,32.092540436179625,35.101984540438124,362.89869902788644,-17.133091092155695,23.163858432580067,0.9613282775499729,28.827613496679408,5
2026-03-22T07:14:03.416Z,32.09263085118549,35.10238695755603,360.78842576323154,-17.255313553776947,22.638499464264417,1.1843161122739763,28.489473643548603,6
2026-03-22T07:14:04.416Z,32.09257885100393,35.10277995340836,358.67187007839846,-18.1773054562469,21.867466341932094,0.6464120957011702,28.44324817004389,6
2026-03-22T07:14:05.416Z,32.092629812353,35.10286903019147,371.12026866760976,-15.789401682384222,22.200914557160115,1.8601927778245622,27.306521745412255,6
2026-03-22T07:14:06.416Z,32.09267555599818,35.103277902578384,366.0542103481204,-17.011622067031475,21.70982961452045,1.5027233407824094,27.62191457306958,6
2026-03-22T07:14:07.416Z,32.092715648514314,35.103558895972306,361.9834950334852,-16.726368129363365,21.489721876781527,1.5821709405424749,27.277881186512676,5
2026-03-22T07:14:08.416Z,32.09275204043913,35.1038341583414,360.77932444289746,-16.59575628434983,21.3312904730054,1.6484867405522567,27.076938313388467,5
2026-03-22T07:14:09.416Z,32.09277565413165,35.10411783162652,359.2570909368462,-16.772042252587834,21.129646610677778,1.94124238685775,27.04684434863431,5
2026-03-22T07:14:10.416Z,32.092796478179665,35.10440238695272,359.3856381174402,-17.096925341413456,20.905336231588063,2.481726944979347,27.120046233645155,5
2026-03-22T07:14:11.416Z,32.092916010425256,35.10457688620423,358.10724423214504,-17.190110708027625,20.770272675465986,2.9909658678948388,27.126555439096336,6
2026-03-22T07:14:12.416Z,32.09285137418455,35.105093546159786,359.31354978522825,-17.570134338860605,20.811877067287355,3.1983974564704094,27.423960218010933,7
2026-03-22T07:14:13.416Z,32.09285060428694,35.10518104442647,366.61861958057995,-16.89735130832648,20.733888067173428,4.355001604046431,27.099458197357496,6
2026-03-22T07:14:14.416Z,32.0928713040895,35.105566276896056,366.23461892257427,-18.562731871423683,20.24679624796445,4.065203234952325,27.76749268800521,6
2026-03-22T07:14:15.416Z,32.09301255304433,35.10590440075194,355.76506412700644,-18.028335059249944,20.24290994508858,4.980892507342549,27.56094262218272,6
2026-03-22T07:14:16.416Z,32.09303250373734,35.106125911556695,359.1834168430848,-18.31155914492985,19.9896281740402,5.440132240652475,27.649475070070178,5
2026-03-22T07:14:17.416Z,32.09308040455101,35.1063222467571,370.38819665019616,-18.354831021528966,19.85118364839968,5.782974229601445,27.64800363519231,5
2026-03-22T07:14:18.416Z,32.09314875251356,35.106703632011225,365.41199213441143,-18.16857605740263,19.705896147701164,6.308014648308914,27.53562324954508,6
2026-03-22T07:14:19.416Z,32.09330824686688,35.106983463988975,364.05670239861456,-19.463433544072213,19.13801338379763,6.328841255706513,28.020403873657237,7
2026-03-22T07:14:20.416Z,32.09335268079482,35.107325665335026,358.7111767351995,-18.650230647025182,19.10759487019491,7.020212112394546,27.608235420137724,6
2026-03-22T07:14:21.416Z,32.09335016898375,35.10751485827019,359.3060891002301,-18.568852473219916,18.90574590214121,7.468142908160114,27.5318482631522,6
2026-03-22T07:14:22.416Z,32.093456841593415,35.10781718526291,356.86999731366643,-18.70737556045674,18.6186152197834,7.744779741008079,27.506369195134667,6
2026-03-22T07:14:23.416Z,32.09355398529486,35.108060235100105,356.96063506874805,-18.72424220256536,18.384266825648695,7.985615244496364,27.428973068821033,6
2026-03-22T07:14:24.416Z,32.09361098673984,35.108235769039474,370.1056242471012,-18.6509148089637,18.140548444816964,8.393363610962872,27.338337070784103,5
2026-03-22T07:14:25.416Z,32.09379594245851,35.10872338585705,354.4440025941643,-17.606626847828714,18.120053849913422,9.299310238100928,26.922236745614097,6
2026-03-22T07:14:26.416Z,32.093793709270734,35.10892888899982,356.67086147286284,-18.735667014506824,17.382789266926217,9.154593174930977,27.14761789504444,6
2026-03-22T07:14:27.416Z,32.09393333190055,35.10908850191071,359.7281202551593,-18.734013970403097,16.945991501945837,9.626500020580007,27.033301871460427,6
2026-03-22T07:14:28.416Z,32.09405045428385,35.10941267721909,351.5538600352651,-18.3073942413464,16.810551795888554,10.472122271673243,26.970737484600043,7
2026-03-22T07:14:29.416Z,32.09412614761636,35.109661456696905,353.8098103873007,-18.863199592736095,16.25923361522419,10.62415934517744,27.07500209458083,7
2026-03-22T07:14:30.416Z,32.094225555522655,35.10997248536669,352.907260768719,-18.885693999568367,15.96857531512748,11.033211153244375,27.081295829267614,7
2026-03-22T07:14:31.416Z,32.09434368769263,35.11018913624481,355.1534707733929,-18.954125186373524,15.69466717580764,11.398178408484783,27.120101592209082,6
2026-03-22T07:14:32.416Z,32.09446651287128,35.11048840561733,355.75924371807605,-19.676101502389763,15.124115124297193,11.240091642916637,27.24385231142072,7
2026-03-22T07:14:33.416Z,32.09462762602283,35.11067133393143,358.10418787700615,-19.100956642509537,15.239422172114933,12.17835180342252,27.301992334752825,7
2026-03-22T07:14:34.416Z,32.09471839733214,35.11087279000998,367.19995759294056,-18.97192883556977,15.08261870680387,12.137758389106034,27.10617364197809,5
2026-03-22T07:14:35.416Z,32.09484763128146,35.111183678335344,367.3621655880442,-18.924882417574448,14.993873216471972,12.235843742819643,27.068122961323944,5
2026-03-22T07:14:36.416Z,32.09493149827787,35.11137358775884,372.9137469203841,-18.9938960075816,14.849577962198085,12.261673946362007,27.048598839295096,5
2026-03-22T07:14:37.416Z,32.09511168055903,35.11171198272844,367.6344781725456,-19.74799818956235,14.680228891466884,11.84197046903943,27.307962527263342,6
2026-03-22T07:14:38.416Z,32.095237324973795,35.1118485334951,367.87387632773635,-18.91017568587276,14.957544757746536,12.314284422951376,27.073316946763413,5
2026-03-22T07:14:39.416Z,32.095380834377686,35.11205089996481,370.7896269042658,-18.599551339368038,15.020494458803231,12.527701835743729,26.990773925510595,6
2026-03-22T07:14:40.416Z,32.09549134057244,35.11234400841474,371.28439320197896,-18.450118250306488,15.181398308627584,12.47133499318981,26.95210408424273,5
2026-03-22T07:14:41.416Z,32.09559943910801,35.112583673089496,375.36616407716485,-18.741695418670655,14.892912245715408,12.426014444792656,26.971388864999078,5
2026-03-22T07:14:42.416Z,32.09570530611169,35.11277003350251,381.12080828274486,-21.193662226869538,14.170516145546642,11.138728340931706,27.821684267328425,6
2026-03-22T07:14:43.416Z,32.09581447892698,35.113021693844985,381.45698543657375,-18.89193495227048,14.81952603473058,12.358893445800781,27.00492187249454,5
2026-03-22T07:14:44.416Z,32.09597748673678,35.113366899154705,377.62179668419594,-18.80051525050904,14.689644718257439,12.499200694405753,26.934644115567686,6
2026-03-22T07:14:45.416Z,32.09613296486345,35.1136060710655,375.65763787756856,-18.951951670317058,14.685982368421223,12.34413702372108,26.96724437349901,6
2026-03-22T07:14:46.416Z,32.09624983173582,35.113840511271654,373.1437954374909,-18.21870034423901,14.898095878835312,12.704525245345879,26.744705359337484,6
2026-03-22T07:14:47.416Z,32.09634102971397,35.1140878652941,373.58024465426246,-18.87345544488115,14.942907603786631,12.111812166335623,26.947983264760534,6
2026-03-22T07:14:48.416Z,32.09652933561822,35.114384084697605,374.04011800438514,-19.328377743224294,14.59201074265549,12.00946352823373,27.03220630904029,6
2026-03-22T07:14:49.416Z,32.096607572134744,35.11463483787372,370.99757635355235,-18.740492366595575,14.767822659682778,12.25640770615513,26.823761296838406,6
2026-03-22T07:14:50.416Z,32.09675292701451,35.11486576040267,371.62164727357197,-18.761932351287935,14.779879441292964,12.132197937786344,26.78890010162953,6
2026-03-22T07:14:51.416Z,32.09686164333403,35.11511351319938,371.62042326721064,-18.493578184576865,14.855065758235344,12.24138098678214,26.693385345701373,6
2026-03-22T07:14:52.416Z,32.09698112361622,35.11528818259916,375.78878622922184,-19.09439528642199,14.640017071734388,11.91492623818215,26.849422684224145,6
2026-03-22T07:14:53.416Z,32.097166480001164,35.115604021019706,369.5757482389524,-19.163993989167647,14.468766565648314,12.070150205962817,26.875498089199766,6
2026-03-22T07:14:54.416Z,32.097259931351275,35.115825152562245,369.75489516023566,-18.78958622627872,14.627521357712224,12.303613354325032,26.802832559224324,6
2026-03-22T07:14:55.416Z,32.09741267876293,35.116007328380036,373.25730165438364,-18.681025499073513,14.649988457767476,12.427511023981463,26.796378594148422,6
2026-03-22T07:14:56.416Z,32.097478323497285,35.11625558656229,375.09341448022724,-18.828023356529073,14.636390822139042,12.368275342511,26.86433760137342,6
2026-03-22T07:14:57.416Z,32.09766782391995,35.11650363615118,373.968378198213,-19.529084855903456,14.471016492270937,11.871279853137937,27.050374470239294,7
2026-03-22T07:14:58.416Z,32.09772640076454,35.11686770331319,369.6327326312752,-18.94859279513081,14.843164638622348,12.075698624531823,26.929374346156873,6
2026-03-22T07:14:59.416Z,32.09793354465199,35.11699555697391,369.1346214900974,-17.834361431503538,14.96531144758092,12.722207509466866,26.530728567201702,6
2026-03-22T07:15:00.416Z,32.09804541885069,35.11726620679963,369.0783371918171,-18.186953282611025,14.644371083354143,12.462158496229033,26.467494564389515,6
2026-03-22T07:15:01.416Z,32.09813129512061,35.1175232007734,370.31802693741406,-18.441350490481526,14.42697087540601,12.05042625786072,26.333128745911218,6
2026-03-22T07:15:02.416Z,32.098234269655755,35.11772066088714,372.10384688908425,-18.10762800534285,14.40243702141005,12.04205667436096,26.08308864157159,5
2026-03-22T07:15:03.416Z,32.09838637964703,35.117865318087325,380.87408635446,-18.162467467791302,14.196058858933371,11.924347731330055,25.95367759032531,5
2026-03-22T07:15:04.416Z,32.098493963664716,35.11816094823677,382.1489887526259,-17.44280230332234,14.07238361919983,12.393195042728738,25.610049126970196,6
2026-03-22T07:15:05.416Z,32.098599461148915,35.118455006686894,379.3795894305222,-17.837057645538653,14.102989856099322,11.82201472550007,25.628401832760655,6
2026-03-22T07:15:06.416Z,32.09874101340869,35.11864038728844,380.8340581760276,-17.48986385016113,14.036191001452385,11.929609181116804,25.40129072587872,6
2026-03-22T07:15:07.416Z,32.0989177396587,35.1187613129436,382.70529368107674,-17.41019858801871,13.9573639321375,12.078006490480501,25.373239122990793,7
2026-03-22T07:15:08.416Z,32.09899640930678,35.1191471464356,380.45503320517247,-17.822478938150518,13.60258922569862,11.947230159865832,25.40487153356062,7
2026-03-22T07:15:09.416Z,32.09911423912317,35.11932925291893,379.4595751988624,-18.07712824359725,13.35043291265826,11.982155732508854,25.467404274659504,7
2026-03-22T07:15:10.416Z,32.099192891896564,35.11959590806931,378.46748754950625,-17.369437220636073,13.881196765178391,12.447625963034003,25.48192231977044,7
2026-03-22T07:15:11.416Z,32.09932656086789,35.119756941543585,377.0506212628194,-17.86275286175334,13.677092762920495,12.280110786691434,25.630878392654132,7
2026-03-22T07:15:12.416Z,32.09956133331023,35.119973094663564,381.5176643213732,-17.84323591527853,14.109491116606183,11.900268832094262,25.672460064707252,7
2026-03-22T07:15:13.416Z,32.09956954309194,35.120277211544966,379.51786792004077,-17.61153981081587,14.221965960598713,12.191631458900897,25.711214049944097,7
2026-03-22T07:15:14.416Z,32.0997162314265,35.12047919550619,383.51123767889936,-17.908992275906954,14.31974086044993,11.88002011247462,25.824830309640674,7
2026-03-22T07:15:15.416Z,32.099837634748376,35.1207816249089,376.303635390836,-17.99677380219362,14.488664797952882,11.662878667651395,25.88103579324289,7
2026-03-22T07:15:16.416Z,32.099929554030616,35.120995005661115,374.6268448106675,-17.812502086490596,14.483702870902674,12.00170316654634,25.905670389544344,6
2026-03-22T07:15:17.416Z,32.10006238795086,35.121161399434044,381.0505437948366,-17.551694642582312,14.463134360988,12.30650446511542,25.85912397047414,6
2026-03-22T07:15:18.416Z,32.10018642033828,35.12142113091366,384.87938047565683,-17.90524931302546,14.401844527555902,12.004952681426499,25.92546947773135,6
2026-03-22T07:15:19.416Z,32.10036603126933,35.12162569985863,386.651350388718,-18.415023068453635,14.465937751829953,11.58914150693724,26.128234355182023,7
2026-03-22T07:15:20.416Z,32.100466556585204,35.12190453200981,386.1622991548028,-18.190572836916466,14.608998320223959,11.708068763307779,26.103613662131398,7
2026-03-22T07:15:21.416Z,32.1006003090843,35.12212696802615,389.5809258416836,-17.944964438213873,14.73708753729247,12.163780812100988,26.21375710224343,7
2026-03-22T07:15:22.416Z,32.10071644351283,35.12241255263642,387.2404168764135,-18.28675087522291,14.61130793551209,11.576298768923886,26.113335105769487,7
2026-03-22T07:15:23.416Z,32.100869564220744,35.12266514561328,385.1151786984693,-18.137479043624012,14.621982935198135,11.828613131726614,26.128272419644986,6
2026-03-22T07:15:24.416Z,32.10095110554563,35.122823177596025,387.0155806369579,-18.76152793434082,14.634586568153624,12.357514540274435,26.81182985297586,6
2026-03-22T07:15:25.416Z,32.101077335237036,35.123061593958866,387.10734956728515,-19.258508188692794,14.269342544144175,12.666141605763578,27.109692316094726,7
2026-03-22T07:15:26.416Z,32.10117560451879,35.12333562739804,389.1672313970771,-19.147522232432387,13.928686082239347,13.278579483282398,27.146944150546833,7
2026-03-22T07:15:27.416Z,32.10132971362334,35.123593975814906,388.37689186830943,-19.191446330022124,13.61568932586864,13.519576026512746,27.13811975788579,7
2026-03-22T07:15:28.416Z,32.1014933116248,35.12379339740421,389.6125384495505,-19.039880854533024,13.39275605644776,13.968643239333767,27.14785390578998,7
2026-03-22T07:15:29.416Z,32.1016393774623,35.1240355009754,390.9677551493638,-19.2468744569361,13.00137336560615,13.774747242014632,27.00410241675035,7
2026-03-22T07:15:30.416Z,32.10177541527359,35.12428989895468,389.2790849752578,-19.19820869450302,12.818922680918295,13.790366162457682,26.88996457178236,7
2026-03-22T07:15:31.416Z,32.10192331070927,35.12453600407704,388.5201510476591,-18.984042181252132,12.647083633463513,13.85116006166039,26.68702338263143,7
2026-03-22T07:15:32.416Z,32.10209150092317,35.12469995537015,392.6074836463372,-18.63016410833576,12.483938709473502,13.799506488952721,26.33169420572974,7
2026-03-22T07:15:33.416Z,32.1022568845317,35.124924464280994,394.04723215161613,-18.76264339625248,12.295816225115873,13.724892218020832,26.298223328830566,7
2026-03-22T07:15:34.416Z,32.102337548686016,35.12516308512156,392.1484890120471,-18.894050243538246,12.075691175630535,13.133121688621596,25.98627209244704,7
2026-03-22T07:15:35.416Z,32.10253247733412,35.12535137826478,394.92987875346796,-18.329990120351415,12.10734804318771,13.594679317850334,25.833925760639815,7
2026-03-22T07:15:36.416Z,32.10265465515625,35.1255744407482,395.87618230357134,-18.112789763991607,11.967495870009332,13.277515372662798,25.447721408891336,7
2026-03-22T07:15:37.416Z,32.10278250457755,35.12582249265224,398.84520678320456,-17.694456481540765,11.845827063051239,13.184858193667724,25.045117180240624,7
2026-03-22T07:15:38.416Z,32.10292218072338,35.126049919952166,399.73784370006865,-17.927732398544936,11.501754428078288,12.643345743016823,24.76990382409907,7
2026-03-22T07:15:39.416Z,32.10304028840826,35.126266827945464,396.15831528085937,-17.691691356785316,11.524739140673836,12.67349902721047,24.62586308978909,7
2026-03-22T07:15:40.416Z,32.10324586361119,35.12640705941045,398.3817300966995,-17.432590457022343,11.489278460678758,12.806130436608294,24.49276845006927,7
2026-03-22T07:15:41.416Z,32.103353697311086,35.126635719182474,397.4136409592946,-17.45593414457812,11.441146250652885,12.716228125628595,24.439965673701437,6
2026-03-22T07:15:42.416Z,32.10344688554572,35.126845860629366,396.26278622986734,-17.39010977171936,11.57182660949583,12.884670416524814,24.542571599063425,6
2026-03-22T07:15:43.416Z,32.10366453104415,35.127048384349195,403.1817680127415,-18.114208787043893,11.0034861976667,12.38777219949842,24.549097102531608,7
2026-03-22T07:15:44.416Z,32.10373215322566,35.12727101877879,401.48975921895556,-17.797347052834155,11.292550803018784,11.9763350976343,24.24252190116804,7
2026-03-22T07:15:45.416Z,32.103869156478346,35.127487870739685,400.7815864719986,-17.86005070383693,11.689877916435476,13.029766637193186,25.008188168368065,7
2026-03-22T07:15:46.416Z,32.10400340470157,35.12762933570526,402.10392382670216,-18.025440522854755,11.732172048760043,13.192927600271824,25.231204998784637,7
2026-03-22T07:15:47.416Z,32.10419431184577,35.127872962115994,404.0539563984313,-18.115893570532826,11.902569372450527,13.288829676157942,25.425376136584607,7
2026-03-22T07:15:48.416Z,32.10426785483126,35.128142493400446,404.85992260795797,-18.25095874069177,12.217480577455063,13.181640087752598,25.614838707631392,7
2026-03-22T07:15:49.416Z,32.104428153979924,35.12832459996641,405.1242490035457,-18.443757038393667,12.593245492875338,12.89656256501027,25.78920959875167,7
2026-03-22T07:15:50.416Z,32.10455048818433,35.128527581129966,400.013046696771,-18.81510162228359,13.073135231883494,12.719175918050462,26.2048153949286,7
2026-03-22T07:15:51.416Z,32.10470457330444,35.12877350141065,398.78285232837464,-18.429614096257403,13.375130991296825,12.594166335795382,26.022256444532246,7
2026-03-22T07:15:52.416Z,32.10488722525795,35.128983137022594,400.6314546751735,-17.975582715861993,13.833601310639807,12.295708596177219,25.800669547099705,7
2026-03-22T07:15:53.416Z,32.10496571852726,35.12924227499017,399.4049502919296,-18.460874741387432,14.089070485474856,11.794573201617794,26.046453892424505,6
2026-03-22T07:15:54.416Z,32.1050590656943,35.12944490475256,404.56497523510836,-18.417911213452538,14.437242814885611,11.469476298039625,26.0615103191254,6
2026-03-22T07:15:55.416Z,32.1052542023959,35.129722899231936,400.6948701816816,-18.77649139988746,14.676965478252207,10.918698593137647,26.214269471180017,7
2026-03-22T07:15:56.416Z,32.105325982934296,35.129961452816424,404.126353997854,-18.461025922868576,15.124438647347127,10.94636434752301,26.256066250505153,7
2026-03-22T07:15:57.416Z,32.10545190577868,35.13020741208408,401.9716982852554,-18.481925872655555,15.237985054254187,10.845186476758638,26.294407051532406,7
2026-03-22T07:15:58.416Z,32.105553987123386,35.13041371527572,404.4380323598454,-18.480074737560617,15.283162977614069,10.790434477619032,26.296800359015712,7
2026-03-22T07:15:59.416Z,32.10567889616256,35.13067769609489,401.88389598533695,-18.54878107671865,15.285079151629626,10.75529416804197,26.33186808308017,7
2026-03-22T07:16:00.416Z,32.10576313933241,35.13093971883478,403.9311422952128,-18.62003633074047,15.34484838845417,10.800011108886036,26.435021561837267,7
2026-03-22T07:16:01.416Z,32.105921074363096,35.13114766373455,407.3723538961501,-18.69372084767421,15.31996992812564,10.943639911735046,26.53148944645143,7
2026-03-22T07:16:02.416Z,32.105996286459565,35.13141261768377,408.8204259623196,-18.79237860414522,15.297894707415747,11.05215308441103,26.63323419868436,7
2026-03-22T07:16:03.416Z,32.106137491166564,35.13166530315258,412.12799076146126,-18.797766938734053,15.402856942417724,11.070885990907794,26.705215979190793,7
2026-03-22T07:16:04.416Z,32.10626482643826,35.131896291478576,411.05874030857024,-18.7974779592139,15.485452346656984,11.08141425041566,26.75709539163457,7
2026-03-22T07:16:05.416Z,32.10633272530052,35.13215206877727,409.3229160679938,-18.757539107280248,15.530788610762169,11.091207114541213,26.759401030123552,7
2026-03-22T07:16:06.416Z,32.106439183869625,35.13243130344547,407.50903042479655,-18.731163033877802,15.571719300465451,11.098285555802027,26.767645635212716,7
2026-03-22T07:16:07.416Z,32.10653407028029,35.13268956753732,407.94412822579477,-18.693621909474736,15.621988450232783,11.097410885798306,26.770329687955563,7
2026-03-22T07:16:08.416Z,32.10671252740934,35.13287540555086,408.76476691223525,-18.690359208594927,15.680044651953796,11.098674457671398,26.802498061765466,7
2026-03-22T07:16:09.416Z,32.106793738667854,35.13318028809383,407.6791175117668,-18.64679795495991,15.756732780996911,11.096800737604545,26.81635114095392,7
2026-03-22T07:16:10.416Z,32.10694834441891,35.13343286213256,407.89820725280447,-18.6309972982363,15.790009697285774,11.058198172459186,26.808995008926512,7
2026-03-22T07:16:11.416Z,32.107087428473356,35.13363238380662,410.78908629135174,-18.506154426765224,15.851197111899866,11.098055581794139,26.775082432070622,7
2026-03-22T07:16:12.416Z,32.10712652178785,35.13394166532086,410.4772926178189,-18.455499247005154,15.763008036935249,11.031815371472332,26.66043557819238,7
2026-03-22T07:16:13.416Z,32.10723840002202,35.13415855674578,409.6493761734357,-18.34909628404385,15.628330177949248,11.067700200911553,26.52221759825842,7
2026-03-22T07:16:14.416Z,32.10736778368665,35.13443542519988,410.94887625598244,-18.329282366697424,15.508114336201658,10.959038408214983,26.39251267264183,7
2026-03-22T07:16:15.416Z,32.10749657500294,35.13466252211873,414.8846157624332,-18.231099073254324,15.468009394784538,10.865441707644795,26.261951785009895,7
2026-03-22T07:16:16.416Z,32.10762076245254,35.134906441239565,416.7071232250947,-18.014678113887243,15.367695577958763,10.777642014627533,26.016384497451714,7
2026-03-22T07:16:17.416Z,32.10769980601671,35.135181628710484,417.2719667793756,-17.73566656680052,15.07715708517561,10.60377172339905,25.579572105524836,7
2026-03-22T07:16:18.416Z,32.10781789178788,35.135366810403525,416.33017994084196,-17.552922512042464,14.988619203551213,10.608697328124025,25.402918205249122,7
2026-03-22T07:16:19.416Z,32.10790055264169,35.13563560629699,416.91406416180496,-17.46555749657259,14.817723104994458,10.500284868856754,25.196559269263567,7
2026-03-22T07:16:20.416Z,32.10800077453223,35.13585397488281,416.6701163524246,-17.272793520604825,14.677142661892955,10.470372699394392,24.967911750629643,7
2026-03-22T07:16:21.416Z,32.10815142764585,35.13609896044305,416.7476484659884,-17.001149065343288,14.47223094007282,10.268279782074298,24.574826705549313,7
2026-03-22T07:16:22.416Z,32.10825636967351,35.13630917166194,416.4492720474552,-16.42354410243672,14.045818145642132,9.898006855191136,23.76948354446399,7
2026-03-22T07:16:23.416Z,32.108329351117256,35.13653030885371,416.74500990146277,-15.922152348371037,13.632940279445341,9.508844833955846,23.01717024622943,7
2026-03-22T07:16:24.416Z,32.10844740845424,35.136739212427344,418.6846091974957,-15.844263465943545,13.582506369360145,9.295306456685212,22.845741094909485,7
2026-03-22T07:16:25.416Z,32.10858017332018,35.136938790563924,421.82716108375445,-15.793792897301953,13.92818594433086,9.005987456043798,22.902970720872425,7
2026-03-22T07:16:26.416Z,32.10861636640723,35.137205205736116,421.1161578315949,-15.650674900227175,14.068281748194808,8.642946826957976,22.749960572115615,7
2026-03-22T07:16:27.416Z,32.10875570387829,35.13739819358343,422.4330581659246,-15.03087565683273,13.974284500095903,7.940517843997382,22.005900888889514,7
2026-03-22T07:16:28.416Z,32.1087742664744,35.13760895385755,421.6429816502002,-14.287049070083814,13.848627681638462,7.523675045319147,21.272281165478798,7
2026-03-22T07:16:29.416Z,32.10885087943594,35.13778890127885,429.91405685331586,-14.108882932144436,13.864313059445871,6.82368395336154,20.924684391852644,6
2026-03-22T07:16:30.416Z,32.10892206098718,35.138075035989765,422.4847288607092,-14.701756737050149,13.915545030025415,6.001465950736817,21.11401520781677,6
2026-03-22T07:16:31.416Z,32.10898207681352,35.13817503725514,423.32707003599995,-13.473573524878404,14.045689464088287,6.0075152439084665,20.369310627944618,7
2026-03-22T07:16:32.416Z,32.10907918760908,35.138433825168335,424.89452948702615,-12.732101570447874,13.60224397818702,5.4443057514365325,19.410510471325868,7
2026-03-22T07:16:33.416Z,32.10912821901424,35.138478545034246,437.5742169892553,-12.115292765779627,13.334293612264492,5.341414574669197,18.7913388186451,6
2026-03-22T07:16:34.416Z,32.10917834422281,35.138665478542066,444.02438366328397,-11.904987900863276,12.80630638814976,4.862961452434177,18.148790987686397,5
2026-03-22T07:16:35.416Z,32.10919700268442,35.138887689813814,446.1556403568603,-11.377772322642258,12.38097463768232,4.48925469046117,17.4038973704353,5
2026-03-22T07:16:36.416Z,32.10920153660801,35.13907783530891,449.7817882867197,-10.813382130781664,11.916343908475618,4.226430661782599,16.637043048277185,5
2026-03-22T07:16:37.416Z,32.109269968687514,35.13924126045879,458.3006699559977,-10.17780204499181,11.448230578018162,3.895692009178384,15.80588669024569,5
2026-03-22T07:16:38.416Z,32.109330354489536,35.13938082961252,459.4040291091264,-9.038267276087346,10.796230964078326,3.3603913734045863,14.475534828329037,5
2026-03-22T07:16:39.416Z,32.109354129379135,35.13948070734685,463.97029074021395,-7.587815984852135,9.687365001580158,2.8565766446832788,12.632498653107694,5
2026-03-22T07:16:40.416Z,32.10936800789603,35.139639170907174,467.22370458473017,-6.7632895771677495,8.127021809766257,2.1601172595694926,10.791509439190254,5
2026-03-22T07:16:41.416Z,32.109419819237615,35.13983499176488,453.1279056393464,-5.593082269134452,6.887254967983165,1.6103809521767756,9.017215594320053,6
2026-03-22T07:16:42.416Z,32.109395531645134,35.139947127201005,446.8160210269915,-4.425698427920831,5.537911171728441,1.2310449060625086,7.195188550802406,6
2026-03-22T07:16:43.416Z,32.10947396279692,35.13995412569237,442.9073359719114,-3.660563475926639,4.36816592933695,0.8498389082725502,5.762189229582984,6
2026-03-22T07:16:44.416Z,32.10943243919991,35.1400348059972,440.9732285209211,-2.838709930114722,3.2414522005351745,0.5098548993321632,4.338806109295421,6
2026-03-22T07:16:45.416Z,32.109430273876555,35.14011710069248,433.8857025604284,-1.4690797441613295,2.0706811550209956,0.4791711382350682,2.583702908652946,6
2026-03-22T07:16:46.416Z,32.10945288852413,35.140068125785625,435.8640932271528,-0.7073483265737636,0.9300448905378307,0.19090616558759257,1.1839638159933716,6
2026-03-22T07:16:47.416Z,32.109486350300706,35.140008179507326,441.5720539763387,-0.19871161490026146,0.2984211630758976,0.07427720337009579,0.366140136298008,6
2026-03-22T07:16:48.416Z,32.10940685589159,35.140102908090135,442.4074592617212,-0.05059650820206592,0.14956247215245905,-0.1775033362272652,0.2375634106726168,6
2026-03-22T07:16:49.416Z,32.10942360776291,35.14013183489526,437.9930883372392,0.01309046868143302,0.01086740813443993,-0.014950038009004405,0.02264872107494695,6
2026-03-22T07:16:50.416Z,32.10946128522971,35.140028708138146,441.4365513083843,0.026141932496525553,0.03453714543834919,0.023811341640428068,0.04942868641183747,6
2026-03-22T07:16:51.416Z,32.10939340633781,35.14013315353411,435.85816425736425,-0.44504270525666173,0.7779024400176477,0.21195425355770212,0.9209342111621115,6
2026-03-22T07:16:52.416Z,32.10948031159409,35.140122144547504,435.7846646065784,-1.4085785411285847,1.8233900583143232,0.37588528190069503,2.3345523246303577,6
2026-03-22T07:16:53.416Z,32.10945032402539,35.140170588206885,431.65409352437314,-2.1844783715697083,2.6401915346151195,0.4737470845636887,3.4593342416484965,6
2026-03-22T07:16:54.416Z,32.109453908578125,35.140179245625255,435.5602153323115,-3.5870208751085624,3.7085581516603985,0.40689961193502316,5.175489311833641,7
2026-03-22T07:16:55.416Z,32.10944598490645,35.14024969046269,436.22535672115555,-2.2521940988643734,5.570930761712941,2.2297098971441884,6.409309950079009,7
2026-03-22T07:16:56.416Z,32.10948169901032,35.14030271435426,440.2413081344002,-4.3726663801970185,5.749961729027265,1.4467459332632862,7.367180257954693,6
2026-03-22T07:16:57.416Z,32.10952156930537,35.14040976112195,436.1785888099706,-5.285988024819474,6.586014567245432,1.3964830697125228,8.559639142072383,6
2026-03-22T07:16:58.416Z,32.10949280599009,35.14051662497377,435.9909124956417,-5.6242422147691755,7.281792451719297,1.440598537225283,9.31299768848696,6
2026-03-22T07:16:59.416Z,32.109521926360465,35.14061080014262,434.8381011044106,-6.059076789616424,7.948338662456619,1.4211896823743848,10.094963058320648,6
2026-03-22T07:17:00.416Z,32.10953050468697,35.14068112298285,437.93762869004377,-6.4875865587696,8.63001554401639,1.4303797747504416,10.890910611491933,6
2026-03-22T07:17:01.416Z,32.1095101187086,35.14074537454385,449.49672432264083,-5.771499953542276,9.715220391999353,2.1834244108160776,11.509259799683301,7
2026-03-22T07:17:02.416Z,32.10953111820252,35.1409904519735,443.1537511387395,-7.2233637429522215,9.850495677531471,1.2441801406717894,12.278323708002855,6
2026-03-22T07:17:03.416Z,32.10948491434009,35.14120554922971,435.2271281492957,-7.870862281817896,10.452616981028566,0.9620601441593829,13.119955584239236,6
2026-03-22T07:17:04.416Z,32.10952006540283,35.14121762804735,441.5191318035261,-7.679720051588079,11.34011572663845,1.1860645125795668,13.747111470862427,5
2026-03-22T07:17:05.416Z,,,,,,,,0
2026-03-22T07:17:06.416Z,32.10954630726869,35.141538753435086,443.3546431602259,-9.440426250717614,12.270451482423292,0.6499122718954882,15.495419108204288,5
2026-03-22T07:17:07.416Z,,,,,,,,0
2026-03-22T07:17:08.416Z,32.10958126159437,35.14199182884492,435.0331830000608,-9.177148312074321,14.037777150394437,0.762143146429979,16.7886896642232,6
2026-03-22T07:17:09.416Z,32.10952724559527,35.142156688579725,435.0762951069583,-9.552212554273602,14.720155423428116,0.5326581200032967,17.555952410641464,5
2026-03-22T07:17:10.416Z,32.10957552022753,35.142267956572056,438.39978347468684,-9.659349773760361,15.185645987196779,0.5992939096864771,18.007388352853873,5
2026-03-22T07:17:11.416Z,32.10959307185369,35.14239948713544,443.17802279472414,-10.628910241995253,15.437109237834438,-0.0060241568216279654,18.742414754873245,5
2026-03-22T07:17:12.416Z,32.109604240818285,35.142632930762375,438.1285189436045,-10.061741478868614,16.325896403195994,0.08178944680934168,19.17759694198109,5
2026-03-22T07:17:13.416Z,32.10958109287,35.14294996206611,432.8929914558745,-9.700516595884057,16.604936036009004,0.19974472084091793,19.23184392980757,6
2026-03-22T07:17:14.416Z,32.10950741241689,35.143135846787224,434.79870170620546,-10.510850023055678,17.002337387489675,-0.649311816098049,19.9994762601355,6
2026-03-22T07:17:15.416Z,32.109615074182884,35.143149832991035,439.47602310748493,-9.345870592115945,17.471562458192764,0.03472004050259842,19.81418676949223,6
2026-03-22T07:17:16.416Z,32.109543790171166,35.14346873101404,440.56041040512537,-10.365922473321728,17.656365779805643,-0.6794851815961092,20.4856364652216,5
2026-03-22T07:17:17.416Z,32.10949314493637,35.14369254767179,443.2274035079512,-10.783695220477604,17.915095857425115,-0.7808797777911867,20.924830116783394,5
2026-03-22T07:17:18.416Z,32.10947260822985,35.1439434079834,443.27982108489425,-10.752346353752314,18.74687706199865,-1.300842737365109,21.65064764657393,6
2026-03-22T07:17:19.416Z,32.10951192994323,35.14401179943096,451.66055546874327,-10.795185021516652,18.627939720133842,-0.9462413596121731,21.550673552730508,6
2026-03-22T07:17:20.416Z,32.10946944093487,35.14432778510231,449.12593707135227,-11.020916490719154,19.1020943183081,-1.2022678376016411,22.086105487257715,6
2026-03-22T07:17:21.416Z,32.10948570367276,35.14457103513201,443.31517874905103,-11.287896196330713,19.52292394545087,-1.3026937796651183,22.588894860142553,6
2026-03-22T07:17:22.416Z,32.109392720653084,35.14485586597311,450.43564313279876,-11.24042951459328,19.565131570457222,-0.7424680962546029,22.576378981488542,6
2026-03-22T07:17:23.416Z,32.10945900548072,35.14494614740526,452.3832017973224,-11.5562522036511,19.952742605100713,-1.0785928076414226,23.082943159495237,6
2026-03-22T07:17:24.416Z,32.109335998531414,35.14536442598458,451.0991657143197,-11.897432835668644,20.17937499533167,-1.4494786694980073,23.4703445158948,6
2026-03-22T07:17:25.416Z,32.109312264945515,35.145576029189726,450.1433072523031,-11.037419098623387,19.78490499075799,-0.36326767574191826,22.658310820893416,6
2026-03-22T07:17:26.416Z,32.10930682255442,35.14585435686204,453.1810006816278,-11.75190347756763,20.272375343672472,-1.4081729943379897,23.474654174295914,6
2026-03-22T07:17:27.416Z,32.10931865777698,35.14606485024139,453.8903382152555,-11.384162025818148,20.337748650132383,-1.0016240350944146,23.328660825124967,6
2026-03-22T07:17:28.416Z,32.109302398948905,35.146260081497395,460.6152692651914,-11.948814030513628,20.38109159232756,-1.189753114396083,23.655412989501148,6
2026-03-22T07:17:29.416Z,32.10932634150092,35.146608919750285,452.0816729486364,-11.41792590736454,20.67169919830423,-0.6987219262455081,23.6257569635653,6
2026-03-22T07:17:30.416Z,32.109280832675864,35.14680015295872,451.55999409704305,-11.506175837026408,20.69178062270936,-0.7213576662698367,23.68675209085423,6
2026-03-22T07:17:31.416Z,32.10926695511526,35.147060820528665,453.6236137686593,-11.321439675496563,21.568563428186135,-1.0557471045381468,24.38221742644292,6
2026-03-22T07:17:32.416Z,32.10921114537651,35.14735679638698,453.6723732595352,-11.994387592346094,20.900197270050384,-1.2890681690031822,24.13183118594162,6
2026-03-22T07:17:33.416Z,32.10914117570467,35.147543658243656,459.83613422948076,-13.101306523474115,20.766373763544436,-1.8197448837751464,24.62108818373546,6
2026-03-22T07:17:34.416Z,32.10924555627691,35.14787123081373,456.2879871032853,-12.010321632189763,21.261471318573005,-0.8787930844185259,24.435021293716314,5
2026-03-22T07:17:35.416Z,32.10922084796161,35.14807481773312,461.0469130213363,-12.548580595150392,21.01894993190247,-0.6994635334416855,24.48984239286612,5
2026-03-22T07:17:36.416Z,32.10915438618632,35.14846898693871,459.8753601230395,-12.29919441748291,21.26729723562248,-0.38032111921832934,24.570566928361295,5
2026-03-22T07:17:37.416Z,32.1091295106866,35.14874096961867,458.4581787360073,-12.857519160363045,21.558821166664533,-0.6266008855225421,25.109583782393987,6
2026-03-22T07:17:38.416Z,32.10915167284899,35.14893622901214,460.4336291906451,-13.577466864280725,21.269119380646345,-0.36360663311701347,25.235991271643634,6
2026-03-22T07:17:39.416Z,32.10914856771359,35.14905967459393,471.7827144589014,-13.097619148833726,21.4533329115633,-0.04300619398375654,25.135532019732185,5
2026-03-22T07:17:40.416Z,32.10910612967722,35.149458436210544,473.5913989731486,-12.936559824163796,21.791254921367596,0.16781348769511809,25.342484734114937,6
2026-03-22T07:17:41.416Z,32.109149058495106,35.14981962494046,465.69220279631963,-14.785927958153504,21.093702442944554,-0.44116366383650174,25.763590078121492,6
2026-03-22T07:17:42.416Z,32.10921159379,35.14990163695545,469.7032725091732,-14.1305946418424,21.222636484753682,0.3028316513028645,25.498347226930104,5
2026-03-22T07:17:43.416Z,32.109126925023034,35.15023654117091,474.43686750776885,-13.653839662144952,21.252624009844638,0.9337220634686477,25.27791925209026,6
2026-03-22T07:17:44.416Z,32.10913908376874,35.15051834419337,475.32917529982194,-13.389449384989195,21.777005218116145,0.9647579782848609,25.582143558734668,6
2026-03-22T07:17:45.416Z,32.10913704891117,35.15089025330738,467.7507595678722,-14.47959287666597,21.4359171388905,0.7424109855259743,25.878723452496743,6
2026-03-22T07:17:46.416Z,32.109179368569315,35.15105888485936,473.3955773972485,-13.6414384889639,21.81806207164933,1.5358655178208747,25.777423445708454,6
2026-03-22T07:17:47.416Z,32.109158419210615,35.151361895104344,474.4662467426977,-14.676939611733806,21.509595681648005,1.5755382422948245,26.087498605795552,7
2026-03-22T07:17:48.416Z,32.109079583537834,35.15167267634737,476.2983875929907,-14.251903412396153,21.799649954655038,1.8006264324594203,26.107158875891344,6
2026-03-22T07:17:49.416Z,32.10918897376106,35.151855336079066,481.12559343897715,-14.827243519662142,21.73468332659085,1.496844742160759,26.353067257544872,6
2026-03-22T07:17:50.416Z,32.10922514677142,35.15221469378541,483.8728356682461,-14.690653051433081,21.547144139929564,1.473482340061824,26.120219330452706,7
2026-03-22T07:17:51.416Z,32.10919943378617,35.15244839680019,486.0754220268991,-14.457228808092882,20.936969835322707,1.6558522991107196,25.497255097975426,6
2026-03-22T07:17:52.416Z,32.10923856925724,35.15266060132242,490.69733580864283,-14.083364923737543,20.869097249291165,1.4182479423283534,25.21649886089367,6
2026-03-22T07:17:53.416Z,32.1091822188825,35.152914431756095,489.7718494068634,-13.90105854885132,20.815533802574897,1.380136405502932,25.068519157750924,7
2026-03-22T07:17:54.416Z,32.10922433093255,35.15323923528532,489.30680407563705,-13.9467221858693,20.84230341818871,1.179205504616537,25.10583990086326,7
2026-03-22T07:17:55.416Z,32.10922583404186,35.153508432144136,491.5599711794868,-13.788775194468236,20.871827713344235,1.0997257081741665,25.03942711190346,7
2026-03-22T07:17:56.416Z,32.10926488172595,35.1537084000518,492.62739999243496,-13.848871307873992,20.82060200550774,1.168691881607395,25.03306903054325,6
2026-03-22T07:17:57.416Z,32.10919818358597,35.15407198841705,494.1421832362919,-13.95920187854125,20.90151352074592,1.1634622209387506,25.16120483767313,6
2026-03-22T07:17:58.416Z,32.1092969489914,35.15421081060713,493.0314893617618,-13.426640745185143,21.173653388951976,1.579520389462616,25.121567709768264,6
2026-03-22T07:17:59.416Z,32.109211762313656,35.15464404345942,493.52770593121113,-13.864647620629256,21.091036285024757,1.358008158994896,25.27655932638673,7
2026-03-22T07:18:00.416Z,32.10924541428159,35.154898432319634,493.5507953187264,-14.039154210859081,20.977665896199678,1.270480986395159,25.273987404951615,7
2026-03-22T07:18:01.416Z,32.10928732338366,35.15511997057216,495.29094747586726,-14.323622909346067,21.232646201105833,1.1296871072201258,25.63723134253574,6
2026-03-22T07:18:02.416Z,32.1092097727129,35.15538280565526,498.59313388960265,-14.292042534549537,21.309536190358955,1.4291469674243293,25.698273745761394,6
2026-03-22T07:18:03.416Z,32.109326392397534,35.155598805833904,497.58208527327395,-14.414727230651682,21.595173713898596,1.261689574431433,25.994763885247675,6
2026-03-22T07:18:04.416Z,32.10925699410368,35.15596425587614,503.1242731936593,-14.553942911727912,21.69564300520298,1.297424988439394,26.1572454835687,6
2026-03-22T07:18:05.416Z,32.10935476238207,35.156122072146694,503.57347344871965,-14.569147265927471,21.591882461028526,1.629813321719936,26.098385615413246,6
2026-03-22T07:18:06.416Z,32.109283595959376,35.15651858709195,505.9259175443003,-14.61129146761406,21.679940738743685,1.5715269022525165,26.191207791766935,6
2026-03-22T07:18:07.416Z,32.109323867354924,35.15672048443164,511.1499112690086,-14.655501310815358,21.8577692023568,1.399670808821759,26.35346033347188,6
2026-03-22T07:18:08.416Z,32.10930057907124,35.15706922059207,506.99985061585573,-14.595103527908112,21.853823923296012,1.418914996485439,26.31767441906735,6
2026-03-22T07:18:09.416Z,32.109283975851994,35.15735561856352,505.249517514368,-14.65087471108886,21.963572697506727,1.2076429919458078,26.42924624416447,6
2026-03-22T07:18:10.416Z,32.10932509392454,35.15758664035741,505.3220003749227,-14.777152371831047,21.94267518806777,1.2346978230394583,26.483385458501626,6
2026-03-22T07:18:11.416Z,32.10930081069353,35.15791011660232,507.3982249367318,-14.767262855047901,21.840856490067075,1.4806395660706502,26.406199233785927,5
2026-03-22T07:18:12.416Z,,,,,,,,0
2026-03-22T07:18:13.416Z,,,,,,,,0
2026-03-22T07:18:14.416Z,,,,,,,,0
2026-03-22T07:18:15.416Z,,,,,,,,0
2026-03-22T07:18:16.416Z,,,,,,,,0
2026-03-22T07:18:17.416Z,,,,,,,,0
2026-03-22T07:18:18.416Z,32.10936564532408,35.15985476315279,511.4330784135964,-14.963092755864425,21.826801259414648,0.8620933222434604,26.47728465939897,5
2026-03-22T07:18:19.416Z,32.109268624959526,35.16020201871369,514.1279464079299,-14.754484329550849,20.923516826391143,0.6802550104715185,25.611542536413275,6
2026-03-22T07:18:20.416Z,32.109426632280574,35.160233525051645,521.8270962490676,-12.656922031518775,21.190961218172376,1.9642126120123502,24.76111152285413,5
2026-03-22T07:18:21.416Z,,,,,,,,0
2026-03-22T07:18:22.416Z,,,,,,,,0
2026-03-22T07:18:23.416Z,32.10950829539907,35.16139220340046,502.3346273306461,-13.080675089810198,19.63333128331356,1.4145534828296382,23.63414309090358,5
2026-03-22T07:18:24.416Z,32.109438986726616,35.16144339900394,510.46891746759195,-14.46925315374292,18.39689601485179,0.5327046383868334,23.411297359183834,5
2026-03-22T07:18:25.416Z,,,,,,,,0
2026-03-22T07:18:26.416Z,32.109398550729985,35.16183066289081,511.3298653439342,-12.384342366454073,18.22549259256682,1.2388431669328754,22.06978134199597,6
2026-03-22T07:18:27.416Z,32.10950183835075,35.162049286107134,513.8475911903653,-11.35961118243223,18.29548506545722,1.6321965848843774,21.596981402226465,5
2026-03-22T07:18:28.416Z,32.10942325517232,35.16242586856183,516.6193777428235,-11.230172690546578,17.49390548941776,1.8417048993890879,20.86972412056788,7
2026-03-22T07:18:29.416Z,32.109387215799124,35.16263397892882,519.6230809955177,-12.156037561964167,16.828628779782218,0.8379568228028326,20.776769899396776,7
2026-03-22T07:18:30.416Z,32.10954732616113,35.1628092287628,520.3028000185627,-11.519505953064721,16.482041757558836,0.9761363890861797,20.132301412176027,6
2026-03-22T07:18:31.416Z,32.10947206946456,35.16292327665868,526.4045399025707,-10.93981601264732,16.05986435474724,0.9792304153071428,19.45655955429218,5
2026-03-22T07:18:32.416Z,,,,,,,,0
2026-03-22T07:18:33.416Z,32.109485216914926,35.163435298517655,525.26151872697,-9.548372629003106,14.750175338576478,2.2612891159394355,17.715883292879063,7
2026-03-22T07:18:34.416Z,32.10954301801881,35.163470703261154,524.3261383186419,-10.148177227397282,15.082897375385212,1.19671594209208,18.218436357742785,6
2026-03-22T07:18:35.416Z,32.10956754883805,35.163745730524454,532.8654121714592,-9.952224622726265,14.721001254882946,0.9652149481219536,17.79568185778624,6
2026-03-22T07:18:36.416Z,32.109444612199226,35.16397709473839,532.3907938729469,-9.899720955696933,12.85006758265919,1.7928092544396501,16.32001461097318,7
2026-03-22T07:18:37.416Z,32.109516285785986,35.16415700208333,526.5103348230591,-8.762529816930549,12.98422341010853,0.822579354757711,15.68593711421415,6
2026-03-22T07:18:38.416Z,32.109424410567854,35.16444381435806,518.2557863791785,-7.433292101745361,11.199436596258057,1.8157033264701565,13.56384864679745,6
2026-03-22T07:18:39.416Z,32.10948177413948,35.16447516302582,513.9026803545033,-6.997419982265407,10.852780139949262,0.09088596144440649,12.913364527971478,6
2026-03-22T07:18:40.416Z,32.10950731383462,35.16452330475046,519.728210726132,-6.142107904601321,9.313231969561746,-0.4370644617337762,11.164802039191901,6
2026-03-22T07:18:41.416Z,32.1095175997067,35.16467273672597,526.9732883649257,-5.950274035348053,8.203670926996175,-2.633604788187722,10.4710005230897,6
2026-03-22T07:18:42.416Z,32.109509744954565,35.164783582077334,526.7190928245552,-3.2070354743052225,7.267099258030022,-3.3597428003300824,8.624597372856455,6
2026-03-22T07:18:43.416Z,32.109492732846746,35.16482172248173,527.0973520018572,-1.4177919476592686,5.893792661942332,-4.016951650611587,7.272057928273393,7
2026-03-22T07:18:44.416Z,32.10944653047323,35.164880742914,529.5450785710764,-0.07702490431119334,5.097905902405206,-5.121224089833293,7.226445433541363,7
2026-03-22T07:18:45.416Z,32.10940105721366,35.16490305095345,527.9615345381121,0.39598432323206695,3.434684293022475,-6.731650488370222,7.567626977762309,7
2026-03-22T07:18:46.416Z,32.109325593699666,35.164901076895056,530.4933276212346,1.4617673350312448,2.4066199888020052,-7.089359616156317,7.62807992088794,7
2026-03-22T07:18:47.416Z,32.10925200397576,35.164928342604746,528.155983796993,2.74456781392746,2.7816739716888588,-6.793523617915256,7.837239674604205,6
2026-03-22T07:18:48.416Z,32.109191724243274,35.1649585326031,526.0402953347083,1.6673370711552915,3.536504876316392,-7.03898909991946,8.051971634192665,6
2026-03-22T07:18:49.416Z,32.109117951872676,35.16502640023741,516.7156586231961,1.2124956204297894,4.928685110157139,-6.232074329761747,8.037464338727819,6
2026-03-22T07:18:50.416Z,32.10909468277388,35.16502090544983,526.4682540752015,0.09886985462351335,6.029872114741256,-5.592034949060911,8.224353338701233,7
2026-03-22T07:18:51.416Z,32.10900278095081,35.165076916406534,532.0216098492607,-1.759927023750518,6.398326001729003,-5.40798462601853,8.560503283603223,7
2026-03-22T07:18:52.416Z,32.10893077549524,35.165140485652365,526.4509011982689,-1.974167173359918,6.87518310799734,-4.071253761335774,8.230466936089018,7
2026-03-22T07:18:53.416Z,32.108878673355996,35.16527853339603,519.3714117632724,-2.29272284718502,6.594177985674713,-3.4155939583719017,7.772132490457675,7
2026-03-22T07:18:54.416Z,32.10887047756264,35.16531679888599,518.6444575335884,-1.8709461512176788,6.099801236547524,-3.373614373919775,7.2172909439803705,7
2026-03-22T07:18:55.416Z,32.10879043735714,35.16537476164603,519.7085930372812,-0.5033135714028029,5.496043679570639,-4.5380086162548094,7.1451622011056894,7
2026-03-22T07:18:56.416Z,32.108784314295335,35.16538121529441,521.741913303199,0.06776300617672301,4.3953376430017945,-5.877637627561297,7.339632749798798,7
2026-03-22T07:18:57.416Z,32.10872405779548,35.165370211612576,526.7682238440949,1.2754994524245522,3.197334287630124,-6.475798009132778,7.333880640907556,6
2026-03-22T07:18:58.416Z,32.10863757025227,35.16543968255103,528.2916817859925,1.3385515820489615,2.408342194527054,-7.142120640788974,7.655176007860895,7
2026-03-22T07:18:59.416Z,32.1085875039058,35.16550345537328,518.4020564299481,2.6459633907543205,1.9881152933724002,-7.161913874821038,7.8896600075863486,6
2026-03-22T07:19:00.416Z,32.108521244831465,35.16550872945539,523.7270893930554,2.515711245959262,1.419833403917831,-8.678591203505277,9.146730303528468,6
2026-03-22T07:19:01.416Z,32.10841586781586,35.16543586134666,521.0636525734116,4.347432623076613,2.003175856770937,-9.23928746890386,10.405638704970718,6
2026-03-22T07:19:02.416Z,32.108322153075704,35.16541531338459,518.0027940660659,5.443275984348189,1.8573765546422638,-10.075763891994848,11.601729143310651,6
2026-03-22T07:19:03.416Z,32.10821861917955,35.16524180839644,529.5978743565415,6.339811212120169,1.5184168142133516,-10.852787326740119,12.66024441258783,5
2026-03-22T07:19:04.416Z,32.10811306077973,35.16536563912869,522.3728337823236,5.790323718297296,0.47177807078361467,-12.217990166425672,13.528847216877828,6
2026-03-22T07:19:05.416Z,32.10799414643664,35.165260726578495,523.2291085848926,7.8881458349731775,0.24174704594917587,-11.999060638687157,14.36171098995246,6
2026-03-22T07:19:06.416Z,32.10783907888623,35.16529505319382,520.1954899039918,8.662006354739965,0.024539417510874156,-12.351318262136644,15.085954364413194,6
2026-03-22T07:19:07.416Z,32.107786217482015,35.16530831909942,520.8054662155546,9.189480525439633,-0.3398274585165577,-12.993163785886608,15.918050766217304,6
2026-03-22T07:19:08.416Z,32.10768570814285,35.16509930604938,514.4183145960066,10.128998121298757,0.2538666085021012,-12.502878170909899,16.092949193755672,7
2026-03-22T07:19:09.416Z,32.10749138935085,35.165239806001566,522.2451136481252,9.909577422530697,0.030950556796209804,-13.32732899716845,16.607780731598762,6
2026-03-22T07:19:10.416Z,32.10733456998269,35.16507458876133,519.0152827084415,9.793239822734648,0.37361739637051444,-13.396970323883904,16.59897436721596,6
2026-03-22T07:19:11.416Z,32.107191624640734,35.16497072701682,521.3417049524992,9.952027788955386,0.8654311600499761,-13.381015543919395,16.69860488758082,5
2026-03-22T07:19:12.416Z,32.10703104283484,35.164915445485086,521.1680116689545,9.711194371329292,0.7924293211486778,-13.936136733260224,17.00444493051387,5
2026-03-22T07:19:13.416Z,32.10686714794356,35.164946056672996,523.5689733320041,9.115254830391777,1.6006794175215746,-14.055657376364389,16.828890322965577,7
2026-03-22T07:19:14.416Z,32.10674552318666,35.164787345635496,519.5839523070673,9.124092828768493,1.6676393446904803,-13.902385698579684,16.7124629855691,7
2026-03-22T07:19:15.416Z,32.106600159257084,35.16476961158132,517.2234383916702,8.578855915902691,1.7587350868937766,-14.101680558944544,16.59961784253494,6
2026-03-22T07:19:16.416Z,32.10644608284996,35.16480680994779,507.4302206897703,9.425563784887615,2.1927971662773746,-13.558655914108714,16.65793391368252,6
2026-03-22T07:19:17.416Z,32.10626027632675,35.164677814127714,506.338636487545,7.488908935313268,1.4878372214465778,-14.62912567294609,16.501779740191274,6
2026-03-22T07:19:18.416Z,32.106104168531395,35.16454711748618,520.9732969330313,7.678767724476196,1.412557242196303,-14.477530732581831,16.448637871926962,6
2026-03-22T07:19:19.416Z,32.10599078267897,35.16452174870851,526.7271832114241,8.529301679183265,1.3777379660120317,-13.893892351286453,16.36115502361143,6
2026-03-22T07:19:20.416Z,32.10584618106758,35.16453597658081,529.8754183031353,8.52745096023198,0.8867060620172635,-13.823509282927551,16.266317235771705,6
2026-03-22T07:19:21.416Z,32.10577799729056,35.164562126685226,527.0715464849026,9.108922724704028,0.5008293206312365,-13.330242180051311,16.15297680899259,7
2026-03-22T07:19:22.416Z,32.10558771492976,35.16455515871589,523.7870508498885,9.376572919856368,0.41877445677198266,-13.339660370606184,16.310794909205057,7
2026-03-22T07:19:23.416Z,32.10550676833402,35.16451872585679,524.509901841728,9.806767932772638,1.0365095387584446,-12.330708478804912,15.789028497677313,7
2026-03-22T07:19:24.416Z,32.10532069174158,35.16446251388985,517.6077170783826,8.494807262099362,-0.03958903337534661,-13.480241917011343,15.933619797551632,6
2026-03-22T07:19:25.416Z,32.105146133203476,35.164339501739086,513.3348964407602,8.984366418399238,0.03504406233026602,-13.293244817068036,16.044638537308057,6
2026-03-22T07:19:26.416Z,32.10504413293227,35.164352290684754,514.1520059450595,8.794448587711402,0.06150807239932765,-13.280325868864047,15.928376075045723,6
2026-03-22T07:19:27.416Z,32.10494825975533,35.16420463680447,520.1448356307064,9.387205157702082,0.4090254100677634,-12.706899474811316,15.803550763098455,6
2026-03-22T07:19:28.416Z,32.10481231897282,35.164159958858725,516.8614788755834,8.874898855996053,0.9268272654754792,-12.803128123714949,15.60586198312831,7
2026-03-22T07:19:29.416Z,32.104631535808345,35.16413890986623,513.1717221837905,9.03053932925183,0.4948463788564858,-12.643229454624676,15.5449916229672,6
2026-03-22T07:19:30.416Z,32.104527365889474,35.16417905165547,519.805129805944,8.859712900438213,0.3698474323302586,-12.851778962368586,15.6140808983101,5
2026-03-22T07:19:31.416Z,32.10437003898899,35.16403429298951,515.2825086850429,8.653502559343178,0.2684456045818014,-13.135320649749065,15.731872684423251,6
2026-03-22T07:19:32.416Z,32.104185263933,35.16395343773899,506.92082544485254,8.721734488265529,0.2829403560899864,-13.096556667726048,15.737487228902342,6
2026-03-22T07:19:33.416Z,32.10408875455809,35.16398031608168,508.68881948321973,8.657570922501243,0.2687270783920382,-12.978784906895585,15.603672842643837,6
2026-03-22T07:19:34.416Z,32.103952015142966,35.1639357308182,507.28484384242756,8.214671643115738,0.6789099919248346,-12.656918032890953,15.104281613922106,7
2026-03-22T07:19:35.416Z,32.10378118615598,35.16378121169169,503.3111904521904,5.446938680580293,4.673062112983589,-9.996044118301244,12.305590132814814,6
2026-03-22T07:19:36.416Z,32.10367996553726,35.163896498960504,495.8295128262811,6.79830087311054,1.4843502361688976,-11.305527669209964,13.275358611511113,6
2026-03-22T07:19:37.416Z,32.10362243457163,35.16371512812104,504.5040900660546,6.133297153825105,1.5185353850422052,-11.14761821665442,12.813768984847117,5
2026-03-22T07:19:38.416Z,32.10352336520035,35.163821409584074,504.09976902184076,5.5256533375697,2.163712824259952,-10.111063373388046,11.723826190008591,5
2026-03-22T07:19:39.416Z,32.10341134963318,35.16367269891705,495.6711846900573,4.802474472460686,2.5874579515878335,-8.859417689411863,10.404229020227087,6
2026-03-22T07:19:40.416Z,32.10334957974544,35.16362962188384,493.6405487686769,4.013387864040149,2.432566478149443,-7.646026764240306,8.971420572981751,6
2026-03-22T07:19:41.416Z,32.10321472997462,35.16382844235953,485.4636672973335,3.2032641865769156,2.3503759081726274,-6.429595139887343,7.558099101069495,6
2026-03-22T07:19:42.416Z,32.10317765155292,35.1637011637723,491.9667166154809,2.7569076470000846,1.8230108751094254,-5.366551499612129,6.302680653725362,6
2026-03-22T07:19:43.416Z,32.10306305398914,35.163753893203,488.08180427811874,2.2473295747303235,0.1999600907262709,-5.107942853301719,5.584044631621146,6
2026-03-22T07:19:44.416Z,32.10299966911059,35.16371515478614,490.0275049804326,3.0786351945333417,0.41508396304792405,-4.337375315229792,5.335083315428509,5
2026-03-22T07:19:45.416Z,32.10302114001349,35.16370598666899,495.33651543427357,1.8562814712678886,1.1607075514505134,-5.492792187846406,5.913018597927223,5
2026-03-22T07:19:46.416Z,32.1029880140714,35.16363343216298,508.4135962357192,-3.010868434320084,0.4552454327278655,-7.981982316490914,8.543103583217185,6
2026-03-22T07:19:47.416Z,32.10294429487331,35.16367069941534,512.0285997268543,2.531210508377693,2.758773341892328,-5.050925091639087,6.287265007219494,6
2026-03-22T07:19:48.416Z,32.102872450612516,35.16378626013928,513.1583592400093,1.7042458515144154,4.037574392534459,-4.252898027427664,6.106848821557008,6
2026-03-22T07:19:49.416Z,32.10280464252454,35.163707659696186,520.4566999761856,0.7556861337032812,3.9761661358680676,-4.554659669977825,6.093101294252207,6
2026-03-22T07:19:50.416Z,32.10276470674748,35.16377213968854,512.906904814034,0.5464329268904176,3.5273999771863456,-5.182359889322396,6.292693665283723,6
2026-03-22T07:19:51.416Z,32.10276181142912,35.16384852127791,513.9482664684305,1.7712501270557481,3.617781947536675,-5.684872949648517,6.967313232958792,6
2026-03-22T07:19:52.416Z,32.10269017864166,35.163905073260075,513.5717427000546,2.046017421147524,3.915366005946282,-6.376895470785753,7.7576461696500925,6
2026-03-22T07:19:53.416Z,32.10261597465675,35.16389471249523,519.2508146411094,2.3973855631785033,4.48127632489713,-6.759103821329579,8.456641148005062,6
2026-03-22T07:19:54.416Z,32.10254337242305,35.16391349087976,522.2731309511339,2.4425920400766885,4.728627418151618,-7.824724189540626,9.46321730577521,6
2026-03-22T07:19:55.416Z,32.10240720868903,35.163875850141785,523.2518918287595,2.7633756133350573,5.599716451016295,-8.31345379245951,10.39743156128074,6
2026-03-22T07:19:56.416Z,32.10231974130653,35.16397139897601,519.736030267518,2.4487603638225037,6.3759618268585205,-9.096511458589623,11.375229107725147,6
2026-03-22T07:19:57.416Z,32.10221328014209,35.163888034865145,528.1169863977234,2.487558470102737,7.526266973255576,-9.321054557398565,12.235795836679284,5
2026-03-22T07:19:58.416Z,32.102122396992996,35.163970928515226,530.4495935897829,2.142864401889503,8.481424786494467,-9.741121265959753,13.092588658167694,5
2026-03-22T07:19:59.416Z,32.10201528278785,35.16418017728963,511.7592200620161,1.6074061217571787,9.539016693819667,-10.139526338343382,14.013799923332424,6
2026-03-22T07:20:00.416Z,32.10182217744347,35.16418594635913,504.79821214223705,1.0674797172756205,9.95951209060616,-10.35501663355483,14.406865152104476,6
2026-03-22T07:20:01.416Z,32.10164701629773,35.164267135531716,497.4256749336432,2.182443800901663,12.116590124119272,-8.933558089257616,15.211287825629327,6
2026-03-22T07:20:02.416Z,32.10164254355073,35.16435254482104,504.9212580364913,-0.06160164845425071,12.389319815472703,-9.9789555338895,15.908444103698537,5
2026-03-22T07:20:03.416Z,32.10154717712126,35.164459285827284,502.5597332671599,-0.8309485054676662,13.158406723518379,-9.644510662477662,16.33556637643513,5
2026-03-22T07:20:04.416Z,32.1013949354577,35.16462112496441,502.5410083996724,-1.5197164877714824,13.725811005369069,-9.84270101600544,16.958366349645523,6
2026-03-22T07:20:05.416Z,32.10126870118284,35.16476641784326,496.497666984335,-1.8631241161938756,14.247064778362736,-9.761637068564559,17.370654694903727,6
2026-03-22T07:20:06.416Z,32.10117193289561,35.16475373562197,508.6579347868013,-2.011295278613068,14.817477483082778,-9.61689341934254,17.77885223231326,5
2026-03-22T07:20:07.416Z,32.101061544352426,35.16485641537313,522.3387250380937,-2.151381734576654,15.280420247754549,-9.568089813448498,18.156762624269618,5
2026-03-22T07:20:08.416Z,32.10093376736818,35.16520499731162,514.1165400093105,-2.8405559802291194,15.737607963813192,-9.386816937230629,18.54328436153023,5
2026-03-22T07:20:09.416Z,32.10086756651556,35.1652636569263,513.5626918044092,-4.189322809273754,15.953918690991019,-9.581944487693049,19.075943157922367,6
2026-03-22T07:20:10.416Z,32.10076371913673,35.16545144226905,509.2926762167283,-3.9266121269890393,16.40721532254388,-8.830485436267233,19.0418610034908,6
2026-03-22T07:20:11.416Z,32.10066900598418,35.16572782044878,500.92163199610434,-4.212180172192188,16.516925037641112,-8.248434917915848,18.936418697767493,6
2026-03-22T07:20:12.416Z,32.100580013629276,35.16578242198157,504.9834967226606,-4.781486588936739,16.652199616234906,-7.95178068527873,19.062769529265356,6
2026-03-22T07:20:13.416Z,32.10049689319575,35.16600719234608,499.1158670724568,-5.27066411903363,16.865825702148076,-7.628152689179356,19.246420194943823,6
2026-03-22T07:20:14.416Z,32.10040543500026,35.16623522787389,498.35341312345577,-5.873172811783398,17.112258989439944,-7.251436747937714,19.491200617408907,6
2026-03-22T07:20:15.416Z,32.10031048827324,35.16641392331123,498.49059107365406,-6.331143761339937,17.311835101287762,-6.637066317799223,19.59167336415646,6
2026-03-22T07:20:16.416Z,32.100205210242954,35.1666021902881,497.69772149229834,-7.173546718352774,17.318111856946317,-6.918769450423789,19.98114464984957,6
2026-03-22T07:20:17.416Z,32.100202201247335,35.16677736590083,499.5407091520252,-7.474640707638207,17.88330855242701,-6.154030649734418,20.336053494408933,6
2026-03-22T07:20:18.416Z,32.100122686117594,35.16701577914932,500.2867820068303,-8.035088777028362,18.22495825347323,-5.422507295915864,20.642561381035783,6
2026-03-22T07:20:19.416Z,32.100017123897764,35.167221944573946,496.4446524812589,-6.594364391944041,19.11673270544896,-3.7736419750440056,20.57122954082073,6
2026-03-22T07:20:20.416Z,32.09998081147085,35.16742635244163,490.54997692470545,-8.917995730446762,18.638850493964604,-4.209225872492259,21.086843719018013,6
2026-03-22T07:20:21.416Z,32.09998621785389,35.1676250599299,494.848418255992,-9.757485513920477,18.599824423808197,-3.594967055122112,21.30928859155728,6
2026-03-22T07:20:22.416Z,32.09991260217006,35.16783829882481,498.0930696769548,-10.49208696764838,18.82865522171078,-3.3905835571823175,21.819674682565473,6
2026-03-22T07:20:23.416Z,32.09992102218435,35.16802080771341,499.4984443722151,-11.000783450423622,18.702087356122014,-2.239204105888438,21.812825195901627,6
2026-03-22T07:20:24.416Z,32.099858138752225,35.16825760550275,504.4751774539885,-11.459907460850077,18.73372972090332,-1.5281657954157497,22.014027322718174,5
2026-03-22T07:20:25.416Z,32.09991479810493,35.168493206834775,509.43073688002164,-11.885424336211363,18.49526939910265,-0.8606364410476837,22.001795310402454,5
2026-03-22T07:20:26.416Z,32.09986199681992,35.1687573350887,507.45719837495403,-11.156687908872271,18.562721575157266,0.24099905520294457,21.65881801755106,5
2026-03-22T07:20:27.416Z,32.0998472460959,35.1689934421412,511.65318453240866,-11.40091961898118,18.24051404794689,0.9362084877231756,21.530764204372836,5
2026-03-22T07:20:28.416Z,32.09990056077794,35.16911736256806,523.2647774404528,-12.795756484616353,17.84549146788415,1.2291477839502847,21.99326610621345,5
2026-03-22T07:20:29.416Z,32.09986506152798,35.169457894457395,518.1315514070038,-13.100399957867369,17.556930238830464,1.9781098402222699,21.99498117769677,6
2026-03-22T07:20:30.416Z,32.099896042283454,35.169578916687485,527.9326866247637,-13.42030262558457,17.283419822440226,2.8729368044026735,22.06977320234812,5
2026-03-22T07:20:31.416Z,32.099915573908405,35.16983238055089,531.7764190066474,-15.02496687652432,16.377227416364022,3.5760159021465183,22.51113273961049,5
2026-03-22T07:20:32.416Z,32.09998249159412,35.170233347714564,513.7230205182639,-16.119437751558927,15.75785328190925,2.423981275471533,22.672051047587154,6
2026-03-22T07:20:33.416Z,32.10006019148121,35.17035161747111,517.0478000187771,-14.3234823404049,16.464941634279327,4.856810181199795,22.357214820104982,6
2026-03-22T07:20:34.416Z,32.10005328106538,35.17047616360237,530.6337142048816,-15.394152592818182,15.787411813695977,5.155501741954697,22.64512097643764,5
2026-03-22T07:20:35.416Z,32.10016268923293,35.17088501275457,520.1416719920662,-15.028911925945033,15.186845577427716,6.322778601974247,22.28196583607542,6
2026-03-22T07:20:36.416Z,32.10019940906249,35.17106042875689,521.0728818631914,-15.31847949288108,14.647789695816963,6.611605152481566,22.201956662398487,6
2026-03-22T07:20:37.416Z,32.10028467223112,35.171219599846694,527.3437869306688,-15.238063532708539,14.321805541704085,7.550063493445554,22.233221830322005,6
2026-03-22T07:20:38.416Z,32.10037783718345,35.17156424428464,512.7337144942046,-15.180112203971701,13.84873279074014,8.713424095491947,22.31920621129684,7
2026-03-22T07:20:39.416Z,32.10046178011034,35.17176083693909,511.3726913431768,-15.857731814309602,13.24660532109905,8.841463957299544,22.474690114343367,7
2026-03-22T07:20:40.416Z,32.100522190008576,35.17193469206353,515.330340510633,-15.329468874519597,12.882640385487466,9.179836652437709,22.027810609365982,7
2026-03-22T07:20:41.416Z,32.100643598892354,35.1720906758158,520.0323472826739,-14.943009698122747,12.704879707322188,9.30668650717618,21.709949814740998,7
2026-03-22T07:20:42.416Z,32.10067285488644,35.172241531225424,527.6835552296692,-13.97944834079752,12.638558260274534,9.32555157190203,21.026745894968737,7
2026-03-22T07:20:43.416Z,32.10085278113049,35.17243960076011,530.0896978383668,-13.829978718174127,12.13657958043209,8.753488902142733,20.376173419394682,6
2026-03-22T07:20:44.416Z,32.10090167543238,35.17273958603325,525.4150082383339,-13.600159025420735,11.556756954941104,8.181067857256492,19.632952608238732,6
2026-03-22T07:20:45.416Z,32.100957714186,35.172839306184336,527.3044745307068,-13.081806692597995,11.052912770390822,7.7189436621660406,18.78517070223381,6
2026-03-22T07:20:46.416Z,32.10103124372101,35.17306662783197,522.869922216026,-11.610462833668107,10.424499499684233,7.256969957222008,17.208621385541843,6
2026-03-22T07:20:47.416Z,32.10113231471031,35.1732327128885,521.6594506745056,-10.769670185753878,9.58956769247006,6.511219303361312,15.822186361399188,5
2026-03-22T07:20:48.416Z,32.10121032372216,35.17333584555939,521.4107414608422,-9.354735506229268,8.918435182887567,6.184174824074129,14.328069680092486,5
2026-03-22T07:20:49.416Z,32.101261341573725,35.173461094902876,522.3020936263259,-7.997529252307445,7.709994943177582,5.293383697804331,12.305462491817114,5
2026-03-22T07:20:50.416Z,32.10128837450481,35.17351617380018,529.6757431020447,-4.891022180940816,6.870506458174202,4.799573395634879,9.703703506721267,5
2026-03-22T07:20:51.416Z,32.10132477760338,35.173648111094025,529.2427350861592,-2.8223763589084796,7.680032051825387,3.427857745151588,8.871240575555737,6
2026-03-22T07:20:52.416Z,32.10132393584447,35.1737223986185,529.4566909563848,-2.128277132288451,7.055422078537877,0.7932415333801835,7.412002184863482,6
2026-03-22T07:20:53.416Z,32.101287090793626,35.173716794955034,537.8587176727681,-3.0451619205680722,6.3159964246683655,1.9568370464788591,7.279700075234797,5
2026-03-22T07:20:54.416Z,32.10131325187325,35.173968273009244,527.5306654198853,-3.0188095738018164,4.733118395220643,4.356815002628943,7.106156341735396,5
2026-03-22T07:20:55.416Z,32.10140141776493,35.17402194630326,525.8509207361535,-4.423423834359387,2.4723975760172023,5.104396853826128,7.192655659325317,6
2026-03-22T07:20:56.416Z,32.10148532926262,35.17418844178952,527.6520192858966,-5.240411405420553,0.05420691778203922,4.7630348071521205,7.081761833197999,6
2026-03-22T07:20:57.416Z,32.10152168200453,35.17415876371355,525.3255437654677,-5.896028870728736,3.0758860034762803,6.177326565485783,9.076540896591853,6
2026-03-22T07:20:58.416Z,32.10158228792344,35.17415414137384,533.5050646632608,-5.990093019645634,4.6554935451071175,5.4859465592170515,9.36218159315054,6
2026-03-22T07:20:59.416Z,32.10163175373184,35.17431801879731,526.660711044201,-5.991151517623001,6.196857869961859,5.097172849319326,10.013796234368996,5
2026-03-22T07:21:00.416Z,32.101586227574906,35.17431737242523,532.8813632597365,-7.366349555264449,6.587022268867073,4.529930463823553,10.87070550369074,5
2026-03-22T07:21:01.416Z,32.10164004818643,35.17448593490178,528.1155750569712,-7.846504005800928,6.976802258831986,5.045078469928138,11.64887168955112,5
2026-03-22T07:21:02.416Z,32.10179005224086,35.17456599327313,526.8223917307675,-7.846004933353682,7.4469289598239214,5.636689596321559,12.197902030765546,5
2026-03-22T07:21:03.416Z,32.10178575545538,35.1747729676299,526.6921540472897,-8.418954761345885,8.37077276248351,5.719257770830969,13.177956797771603,5
2026-03-22T07:21:04.416Z,32.101824690622166,35.17481012563006,531.5378986436483,-7.778767762621439,6.902824761359424,8.156388731541824,13.216841329563495,5
2026-03-22T07:21:05.416Z,32.101822302337176,35.17500888593759,516.992109341948,-8.749801930477446,9.008088810188498,6.47947812312997,14.131112291074258,5
2026-03-22T07:21:06.416Z,32.101994904384355,35.17500409776791,518.1115460108979,-10.07461200382967,8.333197718201072,5.72229211551666,14.271812018578599,5
2026-03-22T07:21:07.416Z,32.10190901523086,35.17521241735501,519.5063360076779,-9.523100985335407,9.507018727736824,7.118212004465504,15.223068009010264,5
2026-03-22T07:21:08.416Z,32.101892595847154,35.17557132658828,520.8951223759992,-9.90142778737752,9.112609088783794,7.48215475365341,15.396770972877885,5
2026-03-22T07:21:09.416Z,32.101999778246075,35.17567257667274,519.4418700873814,-10.578014098108696,9.097431126853554,6.912712235398544,15.570588486536371,5
2026-03-22T07:21:10.416Z,32.1021783077042,35.17559483251948,523.1474363383065,-10.039541236313953,10.394657653232047,6.760888159779393,15.95465150583331,5
2026-03-22T07:21:11.416Z,32.10230410933828,35.17567490555522,534.7097844921723,-9.211299554086882,10.67542741745829,6.730011032100658,15.623886792752241,5
2026-03-22T07:21:12.416Z,32.10233368465496,35.17593942592349,534.103569378788,-7.160927452516811,11.096239776003634,7.23267804278969,15.057126246977747,5
2026-03-22T07:21:13.416Z,32.1024156158492,35.175978070307764,542.6843358736329,-6.035965920931985,11.391167939911778,7.352721266454317,14.84096026731747,5
2026-03-22T07:21:14.416Z,32.10245088169479,35.17634240432668,540.9765024225491,-8.712655302134978,11.04663733650646,5.223311586945698,15.00738294281986,5
2026-03-22T07:21:15.416Z,32.10254713372703,35.17645667816143,540.1478113387989,-9.268427727512126,10.950297715829771,4.309328004336586,14.979421899872566,5
2026-03-22T07:21:16.416Z,32.10259227587631,35.1765037463037,546.4757334974322,-8.885395673801789,10.971444933859026,3.816365187103184,14.624893280227708,5
2026-03-22T07:21:17.416Z,32.10264772756309,35.176614220660625,555.7754738639942,-8.486761575537816,10.813670357893251,3.3057021095827794,14.138184292422572,5
2026-03-22T07:21:18.416Z,32.102606432918186,35.176945238530564,547.5610031441157,-7.132530655652974,10.687758116972036,3.17992026579108,13.23680701746157,5
2026-03-22T07:21:19.416Z,32.102627078339985,35.17690052639459,555.9944817737329,-7.156312008534522,10.386837379338928,2.4180164325486926,12.843130295080062,5
2026-03-22T07:21:20.416Z,,,,,,,,0
2026-03-22T07:21:21.416Z,32.102655735368415,35.177260347299324,557.5923313364051,-7.34811431258302,9.911830578830058,1.2619015726005234,12.402885347899886,5
2026-03-22T07:21:22.416Z,32.10267259640757,35.1774039370463,558.5749187090385,-7.5953174376770844,9.70897416822649,0.6363076593596928,12.343334793147703,5
2026-03-22T07:21:23.416Z,32.10265405137891,35.177377340522284,567.4443550546712,-5.588309921810524,10.039335051099558,1.386591013911478,11.573248925444496,5
2026-03-22T07:21:24.416Z,,,,,,,,0
2026-03-22T07:21:25.416Z,32.10267317150605,35.177660276465446,573.0066465437732,-3.8091658835696203,10.584396346950513,2.0436274022887693,11.43309248266958,5
2026-03-22T07:21:26.416Z,32.10268338855928,35.1776776562771,587.9865368576943,-3.5077004822505002,10.738201797264765,2.2140201798647032,11.511508409796205,5
2026-03-22T07:21:27.416Z,32.10262888675426,35.177882857913424,582.8043369677073,-4.630026605701727,10.351294722939425,1.3385696295389056,11.418328137857282,6
2026-03-22T07:21:28.416Z,32.10264231109348,35.17795929606003,580.8212255581949,-2.3954217190276865,11.089120559296681,2.894193427245165,11.708244769602102,6
2026-03-22T07:21:29.416Z,32.10264386397922,35.17792874487406,596.8841719564424,-3.552535483952549,9.693115535915695,1.5184974673497011,10.43469365701263,5
2026-03-22T07:21:30.416Z,32.10259675718054,35.178205058945316,597.6506123919673,-2.163704532418335,9.43455934506804,1.739404514606272,9.834533817352554,6
2026-03-22T07:21:31.416Z,32.102614738405826,35.17843321063956,601.1635716705839,-3.2198240943725227,8.793817612376335,0.3857997055091962,9.372691012255395,6
2026-03-22T07:21:32.416Z,32.10249918276319,35.178452000312696,588.8457622405599,-3.938581864684518,7.288157418660696,-1.6092969275117677,8.439164784793547,6
2026-03-22T07:21:33.416Z,32.102521689099035,35.17852953495976,583.8265149000049,-4.8382894810175525,6.360286769769872,-3.8923139157933413,8.88889197340778,6
2026-03-22T07:21:34.416Z,32.10256034540859,35.178603784132775,582.7555489339923,-4.222501385870094,6.142639432293075,-4.978019461432913,8.96338189007037,6
2026-03-22T07:21:35.416Z,32.10254593053676,35.1787000374189,578.6578321619464,-2.510287115474048,6.554674218152777,-4.599045629288198,8.391454951824898,6
2026-03-22T07:21:36.416Z,32.10248367672509,35.17881222138024,576.1671901969406,-3.693295478985246,6.391804014229328,-4.254531584786564,8.520365547167415,6
2026-03-22T07:21:37.416Z,32.102396871592425,35.178887965584934,572.2416559490491,-3.486684319640561,6.36123349510037,-1.4020658872782723,7.38837247817702,6
2026-03-22T07:21:38.416Z,32.10246211486648,35.178865547870245,572.2137711527372,-1.8542003682660826,5.112327093178503,1.4882111680362529,5.638148614039263,5
2026-03-22T07:21:39.416Z,32.102454399670165,35.17895818830304,578.6175382767999,-0.6299917118398225,3.951770546361863,3.2139468380718803,5.132527085757292,5
2026-03-22T07:21:40.416Z,32.10246661153322,35.17893143003122,588.0462864028333,0.5214355075406614,3.8163926955389766,4.3087954724948405,5.779486708945655,5
2026-03-22T07:21:41.416Z,32.10249338408952,35.179022794848585,587.3320518211677,-0.8202881978121993,4.098529986671541,3.363939164494622,5.365343183947937,6
2026-03-22T07:21:42.416Z,32.102499702045094,35.1790681663788,587.3740837625099,-1.8351963694954159,5.077940482566161,1.9767724906981385,5.749874323763462,6
2026-03-22T07:21:43.416Z,32.10253631740593,35.179114077394864,589.4938026564571,-3.8630209258883927,5.851214972753175,0.0869276741524728,7.011932954026023,5
2026-03-22T07:21:44.416Z,32.10249301078084,35.179277282898894,590.830279749565,-3.205247006200835,6.537199082572579,-0.14497215653192333,7.282142345636805,5
2026-03-22T07:21:45.416Z,32.10237802052914,35.17952686637084,581.0887297848329,-3.6981447162983225,7.403747143294988,-0.7904848270300251,8.313640139331183,5
2026-03-22T07:21:46.416Z,32.10240698691216,35.17957477189105,579.7279704576421,-4.081337760630989,7.356504337567797,-0.6266480989273528,8.436122440131808,5
2026-03-22T07:21:47.416Z,32.102441042573695,35.179623430187405,585.9595976314552,-3.6937967773189144,5.750843625257749,-0.03926597945569621,6.835047830954945,5
2026-03-22T07:21:48.416Z,32.102378863199505,35.17964505186545,588.3446305251432,-3.928611786426686,4.938479439783584,0.040915547390923,6.310645278229014,5
2026-03-22T07:21:49.416Z,,,,,,,,0
2026-03-22T07:21:50.416Z,32.10238765141762,35.17975948844715,588.2821324495332,-3.2850546456801664,6.292654082902962,0.03876694863697964,7.098632425227184,5
2026-03-22T07:21:51.416Z,32.102457212874846,35.17990718514893,579.2487489868699,-3.608825907872718,7.392977329974141,-0.7847998475098069,8.264118164419985,5
2026-03-22T07:21:52.416Z,32.10254498050432,35.179748414487754,579.9551095529607,-3.0592932647024234,6.989503789510693,0.4450151022877305,7.642674724486324,5
2026-03-22T07:21:53.416Z,32.10243624291387,35.179963445902104,578.5668817932356,-3.4312678995717047,6.427751505628475,0.3234039384490372,7.293433959675284,5
2026-03-22T07:21:54.416Z,32.10237370411509,35.180122448360066,579.9043168603096,-3.634079824975902,7.496295660615851,0.47766535911963676,8.344408247501306,5
2026-03-22T07:21:55.416Z,32.102516724612315,35.1802217651433,582.6381062697096,-4.084024776498162,9.205957256914754,1.3949524704342593,10.167339857896112,5
2026-03-22T07:21:56.416Z,32.10244564209651,35.180345940430485,583.3434180157824,-6.03631791025629,8.782784680263426,-0.3882238759453629,10.664199849562312,5
2026-03-22T07:21:57.416Z,32.1024224837092,35.18029399001834,596.3830981996492,-4.316463455862972,10.607516581618839,1.3036846880494528,11.526094679507613,5
2026-03-22T07:21:58.416Z,32.10245870479339,35.18041060957741,609.3836695196701,-5.5674917265053,10.733790925278132,0.8266326001642027,12.120006320458021,5
2026-03-22T07:21:59.416Z,32.1024609462656,35.18057029648695,610.3805082568941,-4.913474381336443,11.314420489323386,1.4467725116288301,12.419802422167399,5
2026-03-22T07:22:00.416Z,,,,,,,,0
2026-03-22T07:22:01.416Z,,,,,,,,0
2026-03-22T07:22:02.416Z,,,,,,,,0
2026-03-22T07:22:03.416Z,32.10249839266238,35.181376911371046,598.4016720028251,-7.938043221840246,10.689616788609916,2.5961223551638017,13.565407791958046,5
2026-03-22T07:22:04.416Z,32.102547808647884,35.18148023789951,595.8526240395141,-8.051008580160286,10.412240806189484,3.0133733801065223,13.50236708476801,5
2026-03-22T07:22:05.416Z,32.10252712740514,35.181505388105016,601.9101058735157,-2.8773063359131843,11.984404107756276,6.995995578962262,14.172113029098773,5
2026-03-22T07:22:06.416Z,32.102571592657846,35.181643053190825,608.3587621651247,-4.5094239316239415,12.041601510844504,7.295936435810177,14.783969683967086,5
2026-03-22T07:22:07.416Z,32.10266198090357,35.18179089820338,608.69667990114,-6.692550297621613,12.097995609994744,6.857217183232027,15.432859578304335,5
2026-03-22T07:22:08.416Z,32.10269782765536,35.1817609867846,620.88676525788,2.4837512005756537,14.547278947263916,12.274637279251587,19.19528757620114,5
2026-03-22T07:22:09.416Z,32.10270939392301,35.1822086198103,617.9684453442871,-9.15567284605803,12.300910836429896,6.571552346127735,16.683046871232477,5
2026-03-22T07:22:10.416Z,32.102782470552974,35.1825005998737,600.4160274836173,-11.343056176015292,11.724894414982112,5.932717948497513,17.359009612047053,5
2026-03-22T07:22:11.416Z,32.1028448401206,35.18251862391277,603.347800925528,-10.091462503353911,11.999611746725506,6.9009166879289525,17.130410055293105,5
2026-03-22T07:22:12.416Z,,,,,,,,0
2026-03-22T07:22:13.416Z,32.10300201546815,35.182813725704335,609.7569494103227,-8.538823547685293,12.702224415186853,7.945752829834382,17.245086277113693,5
2026-03-22T07:22:14.416Z,,,,,,,,0
2026-03-22T07:22:15.416Z,,,,,,,,0
2026-03-22T07:22:16.416Z,,,,,,,,0
2026-03-22T07:22:17.416Z,,,,,,,,0
2026-03-22T07:22:18.416Z,32.10324794741604,35.183887129450916,603.9794339451574,-9.875618383879862,13.599817455100881,5.661930845228753,17.735285003975697,5
2026-03-22T07:22:19.416Z,32.10330141454105,35.184082146146146,599.9795245168102,-10.083871266843994,13.257304000159863,5.0843760670177955,17.41526482916065,5
2026-03-22T07:22:20.416Z,32.10335872811031,35.18427472160686,595.6817204480365,-10.807192790114744,13.213124018401619,4.61626370846386,17.6830979456217,5
2026-03-22T07:22:21.416Z,32.10338315215012,35.18443144403511,598.5213770810822,-11.35144412415918,13.32581430999072,4.226109281360684,18.008126231961622,5
2026-03-22T07:22:22.416Z,32.10339798896221,35.18464194569497,590.0955329762986,-11.546012845091784,13.446660572441008,3.810285515496913,18.128468464795077,5
2026-03-22T07:22:23.416Z,32.10339721878876,35.18480183415439,591.8598135363833,-12.465865155287432,12.98631541616628,2.558746797349069,18.18211669005871,5
2026-03-22T07:22:24.416Z,32.103469840513654,35.18499152488457,591.0752617096521,-12.182102811266523,13.624016784041526,2.520103499138035,18.44907542080309,5
2026-03-22T07:22:25.416Z,,,,,,,,0
2026-03-22T07:22:26.416Z,,,,,,,,0
2026-03-22T07:22:27.416Z,,,,,,,,0
2026-03-22T07:22:28.416Z,,,,,,,,0
2026-03-22T07:22:29.416Z,,,,,,,,0
2026-03-22T07:22:30.416Z,32.103577164289504,35.18615900491704,595.9071176921757,-11.150818393993102,15.924940477770113,1.4195993661068864,19.49255607755399,6
2026-03-22T07:22:31.416Z,32.103610722860886,35.18621051068262,608.3256907092086,-12.26923811147672,15.293136415756937,0.06221722216203345,19.60658298250354,5
2026-03-22T07:22:32.416Z,,,,,,,,0
2026-03-22T07:22:33.416Z,,,,,,,,0
2026-03-22T07:22:34.416Z,,,,,,,,0
2026-03-22T07:22:35.416Z,32.103598144767005,35.186973821728515,613.2077762018105,-6.150783906288178,9.675013023135598,-0.4994039394279142,11.475514104144233,5
2026-03-22T07:22:36.416Z,,,,,,,,0
2026-03-22T07:22:37.416Z,32.10352502356358,35.187270371816396,610.8557936038272,-1.778462278851899,8.476156421772746,-3.4234991430325343,9.31281386832159,5
2026-03-22T07:22:38.416Z,32.10346425526175,35.18737681705957,606.9870811601157,-2.9691409939629114,7.4443640694671025,-2.6397561324317147,8.438167282029594,5
2026-03-22T07:22:39.416Z,32.10339277469762,35.187484553504696,613.4396999429065,-3.43850886669724,6.8381746155707805,0.6866814148528123,7.684758074584806,5
2026-03-22T07:22:40.416Z,32.103481411290986,35.187472481081635,614.4309462291154,-4.743747134642426,5.745297571804369,2.9997520186574786,8.031817555164523,5
2026-03-22T07:22:41.416Z,32.10351457663953,35.18750919519696,619.4916312986682,-4.100865005589351,6.2178478124934395,4.737289139918412,8.827266485644676,5
2026-03-22T07:22:42.416Z,32.10359689029721,35.18767907487371,613.1653419560354,-5.513852674454176,7.63096322556118,2.681787194095339,9.789083390178384,5
2026-03-22T07:22:43.416Z,32.10359109405118,35.18767183230492,624.6705766488053,3.264320318560731,11.62601173949999,5.488112494521685,13.264211807027397,5
2026-03-22T07:22:44.416Z,,,,,,,,0
2026-03-22T07:22:45.416Z,,,,,,,,0
2026-03-22T07:22:46.416Z,,,,,,,,0
2026-03-22T07:22:47.416Z,32.10349524419078,35.18816465165417,638.800223094983,-6.027356745090785,13.838958427427496,-1.126505623957132,15.136539056517012,5
2026-03-22T07:22:48.416Z,,,,,,,,0
2026-03-22T07:22:49.416Z,32.103410669315224,35.18879762297255,630.2202745338247,-7.944515412093126,14.896132152243847,-2.078499315071175,17.009710098436408,5
2026-03-22T07:22:50.416Z,32.10334370818639,35.18925491440287,606.5917864465255,-8.625309583096525,15.51466334900583,-2.4094714572607354,17.91385767891985,5
2026-03-22T07:22:51.416Z,32.10335813532961,35.18917515888089,608.013084320405,-8.421515888188509,16.136362241078626,-2.292796973675889,18.34559985917105,5
2026-03-22T07:22:52.416Z,32.10331214185891,35.18946929916715,597.6017009115221,-7.645815367162638,16.750943515955598,-1.6633783047009665,18.488359275177043,5
2026-03-22T07:22:53.416Z,32.1033294541139,35.18950954707222,603.6170820619614,-10.407798714480966,17.246393139588516,-3.732628479765961,20.486406853676353,5
2026-03-22T07:22:54.416Z,32.10316368135001,35.189709345910536,606.6673706974253,-9.297747380461978,17.277861005344068,-2.7727294087626113,19.815665914752746,6
2026-03-22T07:22:55.416Z,32.10324381142428,35.18989766212211,611.608733585995,-9.540848451373247,17.019653757454883,-3.168088927004598,19.766972217442117,5
2026-03-22T07:22:56.416Z,32.1032214412277,35.19005552069634,610.5260867054288,-9.439257047115618,16.94071504795658,-3.101891473931101,19.63947887938045,5
2026-03-22T07:22:57.416Z,32.10312932724278,35.19029098681555,610.4316799630117,-9.587508209533556,16.66848778725089,-3.2297903706884283,19.498470314878475,5
2026-03-22T07:22:58.416Z,,,,,,,,0
2026-03-22T07:22:59.416Z,,,,,,,,0
2026-03-22T07:23:00.416Z,,,,,,,,0
2026-03-22T07:23:01.416Z,,,,,,,,0
2026-03-22T07:23:02.416Z,32.10292285635423,35.19144552322874,608.4440038575864,-8.921126371452882,17.209205378654914,-4.541047779072098,19.908901537552815,5
2026-03-22T07:23:03.416Z,,,,,,,,0
2026-03-22T07:23:04.416Z,32.10277927487906,35.1919184450771,607.4187706397245,-9.066193037827253,17.35903128886783,-4.98358819344555,20.208116556692993,5
2026-03-22T07:23:05.416Z,32.102753452268374,35.192074328637545,608.7798453721914,-9.048189230633293,17.207710086977556,-4.705149386929456,20.00283593753996,5
2026-03-22T07:23:06.416Z,32.102827069130555,35.19212553958233,617.2232719386577,-9.113885635008767,17.309248490449175,-4.999156059295739,20.19070469244027,5
2026-03-22T07:23:07.416Z,32.10270774020289,35.192319955009495,617.4549320079047,-8.951100440964305,17.45895841798114,-5.328988886350624,20.33065544186597,5
2026-03-22T07:23:08.416Z,32.102722961186124,35.19254895571397,612.2417653926411,-8.064548300159027,17.77944159173527,-5.522171595170493,20.28890982103355,5
2026-03-22T07:23:09.416Z,32.10264685051317,35.19277736810111,610.8578675773667,-7.660958568675647,17.991412658594008,-5.847669083363359,20.410204539673412,5
2026-03-22T07:23:10.416Z,32.1025639771168,35.19300772769561,608.7569046723568,-7.164632889760477,18.147439397157566,-6.103205274060362,20.4428627089227,5
2026-03-22T07:23:11.416Z,32.102489054186,35.193172189254206,607.5896316714989,-6.532623396586356,18.148463197986956,-6.4865946420824425,20.34988439625658,5
2026-03-22T07:23:12.416Z,32.10230202335413,35.193504703305614,602.9741509425551,-5.201407459883552,18.04263275877846,-5.833875521160767,19.662790748728337,6
2026-03-22T07:23:13.416Z,32.1023757560441,35.19357268550109,603.7375252444643,-5.446426642305321,17.75065067664319,-7.19972622332082,19.914447526984024,5
2026-03-22T07:23:14.416Z,32.10228487291951,35.193697818629026,607.8820405699927,-4.595596413861536,17.287579451188837,-7.317170810620009,19.32668875808924,6
2026-03-22T07:23:15.416Z,32.10210829241316,35.19395914319086,607.7952837503758,-4.335617245893643,17.413141186343633,-7.40319247097069,19.41191184918849,5
2026-03-22T07:23:16.416Z,32.102119689562144,35.19410881502064,602.5303530071008,-2.977585391143339,17.658386737180187,-7.139598768246861,19.278446708511645,5
2026-03-22T07:23:17.416Z,,,,,,,,0
2026-03-22T07:23:18.416Z,,,,,,,,0
2026-03-22T07:23:19.416Z,32.10179363039795,35.19487445556041,597.747767887214,-3.716954139611783,16.092333484895814,-6.669281193936556,17.81174490915677,5
2026-03-22T07:23:20.416Z,,,,,,,,0
2026-03-22T07:23:21.416Z,,,,,,,,0
2026-03-22T07:23:22.416Z,,,,,,,,0
2026-03-22T07:23:23.416Z,,,,,,,,0
2026-03-22T07:23:24.416Z,,,,,,,,0
2026-03-22T07:23:25.416Z,,,,,,,,0
2026-03-22T07:23:26.416Z,,,,,,,,0
2026-03-22T07:23:27.416Z,,,,,,,,0
2026-03-22T07:23:28.416Z,,,,,,,,0
2026-03-22T07:23:29.416Z,32.10126105869282,35.195698434738325,610.211422235148,-1.7707797382044823,6.935392033759145,-2.6419356335401867,7.629885152145786,5
2026-03-22T07:23:30.416Z,,,,,,,,0
2026-03-22T07:23:31.416Z,,,,,,,,0
2026-03-22T07:23:32.416Z,,,,,,,,0
2026-03-22T07:23:33.416Z,,,,,,,,0
2026-03-22T07:23:34.416Z,,,,,,,,0
2026-03-22T07:23:35.416Z,,,,,,,,0
2026-03-22T07:23:36.416Z,,,,,,,,0
2026-03-22T07:23:37.416Z,,,,,,,,0
2026-03-22T07:23:38.416Z,,,,,,,,0
2026-03-22T07:23:39.416Z,,,,,,,,0
2026-03-22T07:23:40.416Z,,,,,,,,0
2026-03-22T07:23:41.416Z,,,,,,,,0
2026-03-22T07:23:42.416Z,32.1012587980258,35.197427250404836,620.794088724052,-10.79027931485216,11.939014735156858,3.351898627296592,16.437926418696847,5
2026-03-22T07:23:43.416Z,,,,,,,,0
2026-03-22T07:23:44.416Z,,,,,,,,0
2026-03-22T07:23:45.416Z,32.101359152634494,35.19811468399725,611.0394387755422,-12.15401378157975,11.075540208210349,5.462990479297712,17.327201357501796,5
2026-03-22T07:23:46.416Z,,,,,,,,0
2026-03-22T07:23:47.416Z,,,,,,,,0
2026-03-22T07:23:48.416Z,,,,,,,,0
2026-03-22T07:23:49.416Z,,,,,,,,0
2026-03-22T07:23:50.416Z,,,,,,,,0
2026-03-22T07:23:51.416Z,,,,,,,,0
2026-03-22T07:23:52.416Z,,,,,,,,0
2026-03-22T07:23:53.416Z,,,,,,,,0
2026-03-22T07:23:54.416Z,,,,,,,,0
2026-03-22T07:23:55.416Z,32.102045252347466,35.19969894892199,623.3340150597978,-10.71469668042219,11.444758607595432,6.712782987997746,17.054286264266,5
2026-03-22T07:23:56.416Z,32.10210028566119,35.19983539300895,624.7391740362025,-10.641860497552322,11.79443331072074,7.2570116931062305,17.46488106699511,5
2026-03-22T07:23:57.416Z,32.10221290136565,35.20002988748984,632.9175628592445,-9.885593866963841,11.493882427167833,7.159821093356576,16.765957695311783,5
2026-03-22T07:23:58.416Z,32.10220276634064,35.20007435172782,636.7710434391013,-11.652336432517695,11.23330250947351,6.391357989056436,17.401536901957787,5
2026-03-22T07:23:59.416Z,32.10229144199527,35.20021968520697,636.6104274252231,-11.75793596528799,11.282113331344481,6.536700321529292,17.557436899462143,5
2026-03-22T07:24:00.416Z,,,,,,,,0
2026-03-22T07:24:01.416Z,,,,,,,,0
2026-03-22T07:24:02.416Z,,,,,,,,0
2026-03-22T07:24:03.416Z,,,,,,,,0
2026-03-22T07:24:04.416Z,,,,,,,,0
2026-03-22T07:24:05.416Z,32.102664558658425,35.20153598796671,630.9106736771623,-12.48919012943281,12.853468868204518,5.049965754864032,18.619712300686178,5
2026-03-22T07:24:06.416Z,32.102695835902246,35.20160300136846,638.2702393849655,-11.83412890934315,13.413084756453546,4.827190392713327,18.527256051943084,5
2026-03-22T07:24:07.416Z,32.10273231709478,35.20172914415413,642.9262888067315,-12.089874397861998,13.553923000308174,4.210651672939698,18.64412720309513,5
2026-03-22T07:24:08.416Z,32.1027752167309,35.202016507998934,645.9860086660119,-11.677577002856358,13.624132312202203,3.894610223838627,18.36166590246267,5
2026-03-22T07:24:09.416Z,32.102854934365986,35.2021551600689,648.5804679670058,-11.421863215295248,13.426613895087357,3.3234040100547824,17.938169756436018,5
2026-03-22T07:24:10.416Z,32.10289134836842,35.20237665337334,645.5459372685909,-10.737098765570403,13.155669549833092,3.2294452226089962,17.28543455201087,5
2026-03-22T07:24:11.416Z,32.10289963844022,35.202510554063934,649.3425109602478,-9.613532795771848,12.603317515505765,3.2901112723179406,16.18914628373803,5
2026-03-22T07:24:12.416Z,,,,,,,,0
2026-03-22T07:24:13.416Z,,,,,,,,0
2026-03-22T07:24:14.416Z,32.10289817367459,35.202846425730854,650.7384372150874,-0.4764186339036093,8.681350238840391,4.25165272163408,9.678293627986454,5
2026-03-22T07:24:15.416Z,32.10294834207044,35.2029682162848,650.5071146781241,-4.175173809509215,7.066334169808958,0.41216076971301896,8.217970031529184,5
2026-03-22T07:24:16.416Z,32.102890061637275,35.203058307618484,654.153316575127,-4.70008109598955,6.38134809786041,-2.240593105077974,8.23605629639987,6
2026-03-22T07:24:17.416Z,32.10288353088488,35.203167651130755,653.796724120172,-3.296773586654196,7.393521609553329,-1.7336864876541411,8.278801043029564,6
2026-03-22T07:24:18.416Z,32.102849369868686,35.20323671579739,653.0598947007328,-4.175903164106251,5.83093104176251,-0.39509444579303105,7.182897999476168,6
2026-03-22T07:24:19.416Z,32.10288343894697,35.203325963875734,651.6690710877524,-4.382070521387604,5.020883605282672,1.5050097918708996,6.832047182641367,5
2026-03-22T07:24:20.416Z,32.10291378187184,35.20331353600424,664.122306916401,1.446086109065401,6.745385707667575,7.280930920715167,10.030122055701222,5
2026-03-22T07:24:21.416Z,32.103008515709035,35.20348031872487,666.4060845767641,-4.684846937134575,7.3744233418362155,3.663871124199815,9.47385149048386,5
2026-03-22T07:24:22.416Z,32.103016672521846,35.203571949330744,672.2360967470398,-4.688788749195015,9.224250754285148,2.131614424834111,10.5648152832252,5
2026-03-22T07:24:23.416Z,32.10299697823222,35.203610744406284,676.4810931010776,-5.897726664102816,10.522572704370415,1.0072159538175272,12.10463547988353,5
2026-03-22T07:24:24.416Z,32.10302034626121,35.203742386099414,672.4955521361952,-5.809462467224529,11.520170999175846,0.9284951092296313,12.935466639290834,6
2026-03-22T07:24:25.416Z,32.102980233380784,35.20384943614989,671.2786467350309,-8.010549862459548,12.745341697244747,-0.170060025980444,15.054619373830505,6
2026-03-22T07:24:26.416Z,32.1030132650764,35.20396778972865,676.0849393902967,-7.240632404381901,13.915115934330856,0.2390763143256338,15.688032590650915,6
2026-03-22T07:24:27.416Z,32.10295756955172,35.20417393501115,675.2906146779717,-8.471828582494906,14.680427563649365,-0.5744361797337666,16.95926914425621,6
2026-03-22T07:24:28.416Z,32.102973398355864,35.20437086700137,676.7753091977766,-7.451823502506841,15.028881134975736,-0.2929209551926629,16.77744749262336,6
2026-03-22T07:24:29.416Z,32.10286282708373,35.20451035655002,678.2529850958186,-7.593259933909364,15.317837801576271,-0.7832652080479166,17.114533465024707,6
2026-03-22T07:24:30.416Z,32.10277666234525,35.20475687059865,680.0898172944414,-7.658561510697594,15.679796276026062,-1.4771691475104864,17.5126127222975,6
2026-03-22T07:24:31.416Z,32.10277938358001,35.20493119074278,680.9573704338559,-7.1379819091002075,16.266082877150062,-1.4163118471387617,17.819713161252118,6
2026-03-22T07:24:32.416Z,32.10280616659584,35.20516744079196,681.889644620404,-7.0224195799758045,16.10396532413263,-1.901182847764165,17.671065959322497,6
2026-03-22T07:24:33.416Z,32.10285691573872,35.20526667900809,684.0490684167455,-7.104309906877537,16.60203670470978,-2.47858100463305,18.227512331473452,5
2026-03-22T07:24:34.416Z,,,,,,,,0
2026-03-22T07:24:35.416Z,,,,,,,,0
2026-03-22T07:24:36.416Z,32.102607825884355,35.20592899355313,693.6036405234672,-6.429923819497039,15.340640567201376,-2.738523925155361,16.857600262945144,5
2026-03-22T07:24:37.416Z,32.10257172131332,35.20613483017426,687.5687190942425,-6.675234818362925,14.890181154771774,-3.1246209204560755,16.61443681256626,6
2026-03-22T07:24:38.416Z,,,,,,,,0
2026-03-22T07:24:39.416Z,,,,,,,,0
2026-03-22T07:24:40.416Z,,,,,,,,0
2026-03-22T07:24:41.416Z,,,,,,,,0
2026-03-22T07:24:42.416Z,,,,,,,,0
2026-03-22T07:24:43.416Z,,,,,,,,0
2026-03-22T07:24:44.416Z,,,,,,,,0
2026-03-22T07:24:45.416Z,,,,,,,,0
2026-03-22T07:24:46.416Z,32.10228965637085,35.20743141589919,686.1200649336138,-1.9916422704837753,6.107147343493643,-2.813984797993658,7.013016330514184,5
2026-03-22T07:24:47.416Z,32.10216732378822,35.20752123860854,656.2269775338208,0.8307194574719027,7.417969834280412,0.49868224570462244,7.480979565638285,5
2026-03-22T07:24:48.416Z,,,,,,,,0
2026-03-22T07:24:49.416Z,32.10228541653968,35.207690451769,655.7423546874152,-2.067123433521097,7.707950547927991,1.1121147283267954,8.057437564615492,6
2026-03-22T07:24:50.416Z,32.10239433242178,35.20795912864201,650.9023712739199,-5.071784295501592,7.792616286103931,-1.5167900355709687,9.42064310620863,5
2026-03-22T07:24:51.416Z,,,,,,,,0
2026-03-22T07:24:52.416Z,,,,,,,,0
2026-03-22T07:24:53.416Z,,,,,,,,0
2026-03-22T07:24:54.416Z,,,,,,,,0
2026-03-22T07:24:55.416Z,32.10208179547178,35.208388283451555,650.3927066984668,-4.133857190706754,11.783070725851559,-3.3652852367148647,12.932697929203673,5
2026-03-22T07:24:56.416Z,32.10207037834212,35.2085104737995,649.5911896186844,-4.241840373477636,11.592107094366918,-4.109965052577858,13.01007184356597,6
2026-03-22T07:24:57.416Z,32.102067942678694,35.20851326907536,659.1286407647162,-3.882826246433402,11.763634638338578,-4.6901341218742445,13.246010631336532,7
2026-03-22T07:24:58.416Z,32.10206651176334,35.20865834013676,666.1240150841353,-2.8385004552269644,11.79025082305355,-5.172474108922166,13.184141523523962,7
2026-03-22T07:24:59.416Z,32.1019546689051,35.20880829256275,670.3714645745698,-2.797191897043622,11.69648467136815,-5.935330465956019,13.411196214974348,6
2026-03-22T07:25:00.416Z,32.10188524471293,35.208931623708445,669.5804172296962,-2.5904533185231333,11.127936432086932,-6.943993430743172,13.370133222904679,6
2026-03-22T07:25:01.416Z,32.1018270007879,35.20911635147353,666.0208234844976,-1.4144029013886932,11.111894263855342,-7.31518701580517,13.3785907619137,5
2026-03-22T07:25:02.416Z,32.101723969935975,35.20914138347281,666.7919962520324,-1.5003025138823702,10.680653232889675,-8.386136164601487,13.662157255925411,6
2026-03-22T07:25:03.416Z,32.10166134211865,35.20925397914254,670.2092001248903,-0.4454661482314399,10.595378837721864,-8.636546004142778,13.67663773322007,6
2026-03-22T07:25:04.416Z,32.101579366594635,35.20929321230495,670.4763199374793,-0.25816856382497266,10.445088251466231,-8.977478176241412,13.77539959468168,6
2026-03-22T07:25:05.416Z,32.10139372948388,35.2094006501578,674.1677644348084,-0.19637697118947173,9.829226124764505,-8.998714474303773,13.327757212547459,6
2026-03-22T07:25:06.416Z,32.101389132188544,35.20949304384174,677.3078278477894,0.3470500402547565,10.276761140244844,-7.850296911151866,12.936747074026293,5
2026-03-22T07:25:07.416Z,32.10129330590014,35.20958878635543,686.8303921257466,-1.734664469502055,8.079062704156645,-8.991671330976375,12.211898637138706,5
2026-03-22T07:25:08.416Z,32.101178209458276,35.209657060491296,686.1419307331685,-0.4239593676649438,7.428074913494896,-6.690467829983151,10.005918161266488,6
2026-03-22T07:25:09.416Z,32.10113798059152,35.20978263177542,684.9118283471277,-0.205718160281058,6.022301927244711,-5.075221652300769,7.878344704590383,6
2026-03-22T07:25:10.416Z,32.10108551702793,35.20975900215508,680.2979669431539,-0.18889023875525418,4.8199011512198595,-4.180914626710768,6.383351294239695,6
2026-03-22T07:25:11.416Z,32.101137817856326,35.20951746297899,743.9579008449089,3.395437858911156,6.4923695622703175,-0.3221267150286768,7.333732092690352,6
2026-03-22T07:25:12.416Z,32.101013316111455,35.20981426289314,723.8399615215105,-1.661233915022349,4.4886181045795555,-1.7050688968585828,5.08081199733019,6
2026-03-22T07:25:13.416Z,32.1009321897885,35.209950250430474,710.1468521163217,-1.655102958759856,3.6413045636393955,-0.14446021349174543,4.002415955714598,5
2026-03-22T07:25:14.416Z,32.10097859017153,35.20999341546102,694.743849791555,2.0610129960711623,4.733054347094806,3.2086088405630666,6.078219205842015,5
2026-03-22T07:25:15.416Z,32.101096805856464,35.20984125179386,728.5660721766542,-0.3564523634501501,3.784155638837505,2.563769099247445,4.584735999009205,6
2026-03-22T07:25:16.416Z,,,,,,,,0
2026-03-22T07:25:17.416Z,32.10101093295804,35.210025433795934,723.399215323416,-1.0295361543297663,2.2672967330719525,2.1042174919741856,3.2601089586700938,5
2026-03-22T07:25:18.416Z,32.10112583778949,35.21000692535222,714.7631374214527,-1.7523990911013068,2.2947606341598363,2.647996833349408,3.917743760381839,6
2026-03-22T07:25:19.416Z,32.10106001413231,35.21012617818827,713.1275675833331,-2.925438422016903,3.06544487227185,2.4048861174497995,4.872229414123815,6
2026-03-22T07:25:20.416Z,32.10111026115541,35.21025119266004,710.6877333790324,-3.351636617941234,3.9511681579531652,2.936100348731849,5.955323928131101,6
2026-03-22T07:25:21.416Z,32.10101793072802,35.21018490957683,707.5737213091734,-4.350015768238943,4.4492532524788855,3.671289910988803,7.224739531578253,6
2026-03-22T07:25:22.416Z,32.101279932416766,35.21026434529681,712.7059036423318,-5.9095166486461626,3.9914820111110445,4.156873129640824,8.25432673702581,7
2026-03-22T07:25:23.416Z,32.10129899097432,35.21038993723678,720.5340941439754,-6.656615438093642,3.783738082942753,4.947535993564948,9.116211679124097,7
2026-03-22T07:25:24.416Z,32.10140495600796,35.21054118239571,726.7678007809798,-5.7158510924652886,3.203599210396225,6.403701932878749,9.161953943195904,7
2026-03-22T07:25:25.416Z,32.10143538853802,35.210542031313196,719.0003167901434,-5.61629144780258,1.4511572340211656,6.865808667320935,8.988209810678189,7
2026-03-22T07:25:26.416Z,32.10143629013192,35.210554299951326,724.6337470899135,-5.92542859476914,1.0913376451011112,7.697371386242963,9.775031874376397,6
2026-03-22T07:25:27.416Z,32.10165919619895,35.210528132341516,722.7884500923518,-5.746368638276546,0.4016254009493201,8.595701589033768,10.347373642493713,5
2026-03-22T07:25:28.416Z,32.10170777244446,35.210591126736375,721.0797753138527,-6.025432447818915,0.22112516545619945,8.819899519903835,10.683883192136976,5
2026-03-22T07:25:29.416Z,32.101666748073235,35.21073698235233,710.3104856655043,-5.982263569685582,-0.20887440825073314,9.452516825597028,11.188439581720246,5
2026-03-22T07:25:30.416Z,32.101887340737534,35.21074406948819,716.0988903929135,-6.712005654557404,-0.2754664324371377,9.09726325419186,11.308717892771032,7
2026-03-22T07:25:31.416Z,32.10195638305084,35.21080040513198,716.2550672113002,-5.683763539456796,-0.03900191921525671,10.425444514306761,11.874198181058368,7
2026-03-22T07:25:32.416Z,32.10209173409417,35.21079191936997,717.6997245778263,-5.780645740293641,-0.06573599266065865,10.412252752316148,11.909458164569086,7
2026-03-22T07:25:33.416Z,32.102194471032945,35.21084341360338,722.5795471565285,-5.538120962872982,-0.34967433112609886,10.498816240338497,11.875108352585968,7
2026-03-22T07:25:34.416Z,32.102220882314285,35.21096180493592,722.9770199645883,-5.328452960155863,-0.32028645682458556,10.084919255436867,11.410547346718314,7
2026-03-22T07:25:35.416Z,32.10240152541048,35.21086067123951,722.9357864322169,-5.636560858271215,-1.0549990226366783,9.65331816254584,11.228107266770161,6
2026-03-22T07:25:36.416Z,32.10249072457818,35.210937472406286,725.4444304894862,-5.726436583149329,-0.9447801565014804,8.87312616491887,10.602690857679374,7
2026-03-22T07:25:37.416Z,32.102601699717944,35.210963577835166,730.518340474363,-5.808277805345556,-1.1733057996073069,8.007500603182322,9.961566316269103,7
2026-03-22T07:25:38.416Z,32.10256235962409,35.211076032954225,721.2171964978584,-6.216818753272449,-0.5246468129014572,7.8049985903762344,9.99210151495183,5
2026-03-22T07:25:39.416Z,32.10262587167466,35.21110929594475,715.2467670272513,-6.579523840088626,2.98313248710216,7.301499518213423,10.271373258351083,6
2026-03-22T07:25:40.416Z,32.1027368182262,35.211166164663986,710.195237299577,-7.468088229200371,4.5149311561939465,6.736746382061491,11.024549739581682,6
2026-03-22T07:25:41.416Z,32.10276182236908,35.21123212648194,703.4838291466351,-7.554628935227977,5.171633996621666,7.532868210114039,11.855898110853662,7
2026-03-22T07:25:42.416Z,32.10283281544036,35.211332011120625,700.3397323281398,-8.398396531797761,4.928058166708127,7.196088975627705,12.107952681808841,7
2026-03-22T07:25:43.416Z,32.102948015179756,35.21142174976779,704.1937763463538,-8.726674273660707,5.151282712688764,7.321132558637899,12.50158147618795,7
2026-03-22T07:25:44.416Z,32.103011051860264,35.21158018206186,708.0453449083561,-9.424684762275467,4.816697540142794,7.041305467000538,12.712404994378392,7
2026-03-22T07:25:45.416Z,32.10322863339348,35.21153631266728,715.1827202883784,-9.617357370272359,4.717085118186525,6.638437482191186,12.60211517979064,7
2026-03-22T07:25:46.416Z,32.10319910498792,35.211746018218044,715.672051865894,-8.910157340339135,5.167098524410805,7.486114849862002,12.733095716906083,5
2026-03-22T07:25:47.416Z,32.103280451657085,35.2118646586387,722.0480575986348,-9.38419512025007,4.6851585102532365,6.222941964098331,12.195853189082737,5
2026-03-22T07:25:48.416Z,32.10334188288547,35.211914247943476,723.1080914786371,-8.626689686511076,4.614500032762164,6.552920762651733,11.775149936256046,6
2026-03-22T07:25:49.416Z,32.10339792724392,35.211981844902205,726.1908193741938,-8.671051666491524,4.271207481905089,5.8985486174882675,11.323569496820346,7
2026-03-22T07:25:50.416Z,32.10352007216965,35.21206940796389,723.9156646594693,-8.355488209227337,3.726624265481749,6.100845120013851,10.996464104838939,6
2026-03-22T07:25:51.416Z,32.10358553607924,35.21216686269149,720.5203300406612,-8.125841049602425,3.848877617626658,6.665269762523841,11.192362247804791,6
2026-03-22T07:25:52.416Z,32.103607663820135,35.21230647705049,712.6578815629324,-8.637661663910993,3.0012803989439316,6.357990986353819,11.137366494635934,6
2026-03-22T07:25:53.416Z,32.10362795075133,35.212304477883535,700.482682876616,-8.31338867867521,3.565406204221372,6.736693225139358,11.278634151946942,6
2026-03-22T07:25:54.416Z,32.103674517690685,35.212485900458105,695.7179410647096,-8.149241410830797,3.4501466154644205,6.899785391287208,11.22143866382651,5
2026-03-22T07:25:55.416Z,32.103770065216175,35.21251617042085,694.574211633524,-8.53876530613159,3.340623350546298,6.326307463039539,11.13967878532956,5
2026-03-22T07:25:56.416Z,32.10385844798974,35.21259073197101,695.6438827807265,-8.65477689136305,3.3716309373472244,5.939727497771003,11.025126800392172,5
2026-03-22T07:25:57.416Z,32.10390412391681,35.21271318951138,682.6235964261867,-7.312653437125666,4.369804345423595,7.275283744161423,11.20267128263827,5
2026-03-22T07:25:58.416Z,32.1039903487006,35.21276836787279,683.3781704444117,-8.412076305427735,3.6097109708008532,6.312327992832369,11.119286206863906,5
2026-03-22T07:25:59.416Z,32.10398486820339,35.21308157422183,632.3894525833762,-1.215939706972975,7.042940013460207,10.951703567019855,13.077512164936717,6
2026-03-22T07:26:00.416Z,32.10423481233939,35.21285740826005,652.2246954639116,-7.243910581349794,4.0539048523879115,5.7514103084270545,10.098866550196945,5
2026-03-22T07:26:01.416Z,,,,,,,,0
2026-03-22T07:26:02.416Z,,,,,,,,0
2026-03-22T07:26:03.416Z,32.104432351062876,35.213270246153144,673.8933132014103,-5.391109072607167,3.4550958376138454,2.788881908081659,6.984239871100435,5
2026-03-22T07:26:04.416Z,32.104411036909205,35.21318930220118,691.8781187443061,-4.746885282717762,3.599012691486661,2.1745793938045668,6.341498859159716,5
2026-03-22T07:26:05.416Z,,,,,,,,0
2026-03-22T07:26:06.416Z,,,,,,,,0
2026-03-22T07:26:07.416Z,,,,,,,,0
2026-03-22T07:26:08.416Z,,,,,,,,0
2026-03-22T07:26:09.416Z,,,,,,,,0
2026-03-22T07:26:10.416Z,,,,,,,,0
2026-03-22T07:26:11.416Z,,,,,,,,0
2026-03-22T07:26:12.416Z,,,,,,,,0
2026-03-22T07:26:13.416Z,,,,,,,,0
2026-03-22T07:26:14.416Z,,,,,,,,0
2026-03-22T07:26:15.416Z,,,,,,,,0
2026-03-22T07:26:16.416Z,,,,,,,,0
2026-03-22T07:26:17.416Z,,,,,,,,0
2026-03-22T07:26:18.416Z,,,,,,,,0
2026-03-22T07:26:19.416Z,,,,,,,,0
2026-03-22T07:26:20.416Z,,,,,,,,0
2026-03-22T07:26:21.416Z,,,,,,,,0
2026-03-22T07:26:22.416Z,,,,,,,,0
2026-03-22T07:26:23.416Z,,,,,,,,0
2026-03-22T07:26:24.416Z,,,,,,,,0
2026-03-22T07:26:25.416Z,32.10474485372943,35.21213977276516,697.0038248443416,-2.9560950990037145,-1.7122114724741768,6.094432612049364,6.986578219961243,5
2026-03-22T07:26:26.416Z,32.10486616081716,35.212112112224595,699.1509128851237,-4.026641760964413,-1.556395659491046,5.708697959286651,7.157195240482736,6
2026-03-22T07:26:27.416Z,32.104894503722555,35.21211258587097,696.821372566164,-4.016959829943858,-2.2135497472350316,5.622123444582198,7.255621323152667,5
2026-03-22T07:26:28.416Z,32.1050099294211,35.21222607850331,693.5879733967255,-3.255634516969873,-4.271820313633605,4.769882537202718,7.183271143341995,5
2026-03-22T07:26:29.416Z,,,,,,,,0
2026-03-22T07:26:30.416Z,,,,,,,,0
2026-03-22T07:26:31.416Z,32.10092278517422,35.214746838020694,789.9800377835747,-11.910787460139504,-29.255758525617633,13.44721556271549,34.33065497802224,5
2026-03-22T07:26:32.416Z,32.10510111001395,35.212049966987244,769.3523622568017,1.0963822888437647,-5.289762959067994,1.5836652387095191,5.629533006805712,5
2026-03-22T07:26:33.416Z,32.105125136279895,35.21200680137856,749.1301882437699,1.285296387187966,-4.5792529608625125,1.843833999501035,5.101104615688891,5
2026-03-22T07:26:34.416Z,32.10522559313028,35.21185091251582,734.397955810493,1.546391944432663,-3.4664912912143087,1.2066192249460772,3.982941108261626,5
2026-03-22T07:26:35.416Z,32.10521989096687,35.21189972195099,722.3850051917891,3.1415544815792185,-1.4081519010529113,0.19681272760455834,3.448331710685117,6
2026-03-22T07:26:36.416Z,32.10515029904294,35.211879373062374,709.9703850578672,2.376668957347206,-1.1540355485140676,-1.8989383543909697,3.2536625906551997,5
2026-03-22T07:26:37.416Z,32.10515207008604,35.21187921121363,704.2180411364992,2.970060452850323,0.25078944567594363,-3.17245220404814,4.352999819276106,5
2026-03-22T07:26:38.416Z,32.105123129879026,35.21193128862974,704.7880654615612,3.182188839288906,0.8665780112292205,-4.120525745948261,5.277879847198432,5
2026-03-22T07:26:39.416Z,32.10509903637145,35.21186062229547,702.5827235844822,3.6917138527124203,1.4884122575988876,-3.904772960730954,5.5759639609429845,5
2026-03-22T07:26:40.416Z,32.104980259536134,35.211826835801304,694.2550430315945,4.033496997119769,0.8233630744922227,-3.5213757850458207,5.417297499465813,5
2026-03-22T07:26:41.416Z,32.104991143781454,35.21180906239133,696.482048538383,4.006796889181738,-1.070320301216301,-3.4098759532374023,5.3691024272981505,5
2026-03-22T07:26:42.416Z,,,,,,,,0
2026-03-22T07:26:43.416Z,,,,,,,,0
2026-03-22T07:26:44.416Z,,,,,,,,0
2026-03-22T07:26:45.416Z,,,,,,,,0
2026-03-22T07:26:46.416Z,,,,,,,,0
2026-03-22T07:26:47.416Z,,,,,,,,0
2026-03-22T07:26:48.416Z,,,,,,,,0
2026-03-22T07:26:49.416Z,,,,,,,,0
2026-03-22T07:26:50.416Z,,,,,,,,0
2026-03-22T07:26:51.416Z,,,,,,,,0
2026-03-22T07:26:52.416Z,,,,,,,,0
2026-03-22T07:26:53.416Z,,,,,,,,0
2026-03-22T07:26:54.416Z,,,,,,,,0
2026-03-22T07:26:55.416Z,,,,,,,,0
2026-03-22T07:26:56.416Z,,,,,,,,0
2026-03-22T07:26:57.416Z,,,,,,,,0
2026-03-22T07:26:58.416Z,,,,,,,,0
2026-03-22T07:26:59.416Z,,,,,,,,0
2026-03-22T07:27:00.416Z,,,,,,,,0
2026-03-22T07:27:01.416Z,,,,,,,,0
2026-03-22T07:27:02.416Z,,,,,,,,0
2026-03-22T07:27:03.416Z,,,,,,,,0
2026-03-22T07:27:04.416Z,,,,,,,,0
2026-03-22T07:27:05.416Z,,,,,,,,0
2026-03-22T07:27:06.416Z,,,,,,,,0
2026-03-22T07:27:07.416Z,,,,,,,,0
2026-03-22T07:27:08.416Z,,,,,,,,0
2026-03-22T07:27:09.416Z,,,,,,,,0
2026-03-22T07:27:10.416Z,,,,,,,,0
2026-03-22T07:27:11.416Z,,,,,,,,0
2026-03-22T07:27:12.416Z,,,,,,,,0
2026-03-22T07:27:13.416Z,,,,,,,,0
2026-03-22T07:27:14.416Z,,,,,,,,0
2026-03-22T07:27:15.416Z,,,,,,,,0
2026-03-22T07:27:16.416Z,,,,,,,,0
2026-03-22T07:27:17.416Z,,,,,,,,0
2026-03-22T07:27:18.416Z,,,,,,,,0
2026-03-22T07:27:19.416Z,,,,,,,,0
2026-03-22T07:27:20.416Z,,,,,,,,0
2026-03-22T07:27:21.416Z,,,,,,,,0
2026-03-22T07:27:22.416Z,,,,,,,,0
2026-03-22T07:27:23.416Z,,,,,,,,0
2026-03-22T07:27:24.416Z,,,,,,,,0
2026-03-22T07:27:25.416Z,,,,,,,,0
2026-03-22T07:27:26.416Z,,,,,,,,0
2026-03-22T07:27:27.416Z,,,,,,,,0
2026-03-22T07:27:28.416Z,,,,,,,,0
2026-03-22T07:27:29.416Z,,,,,,,,0
2026-03-22T07:27:30.416Z,,,,,,,,0
2026-03-22T07:27:31.416Z,,,,,,,,0
2026-03-22T07:27:32.416Z,,,,,,,,0
2026-03-22T07:27:33.416Z,,,,,,,,0
2026-03-22T07:27:34.416Z,,,,,,,,0
2026-03-22T07:27:35.416Z,,,,,,,,0
2026-03-22T07:27:36.416Z,,,,,,,,0
2026-03-22T07:27:37.416Z,,,,,,,,0
2026-03-22T07:27:38.416Z,,,,,,,,0
2026-03-22T07:27:39.416Z,,,,,,,,0
2026-03-22T07:27:40.416Z,,,,,,,,0
2026-03-22T07:27:41.416Z,,,,,,,,0
2026-03-22T07:27:42.416Z,,,,,,,,0
2026-03-22T07:27:43.416Z,,,,,,,,0
2026-03-22T07:27:44.416Z,32.10273184772936,35.209829444635,704.7245691759529,0.2341714970767463,0.5870060800291855,0.3010927916822063,0.7000494962767845,5
