<?xml version="1.0" encoding="UTF-8"?>
<kml xmlns="http://www.opengis.net/kml/2.2" xmlns:gx="http://www.google.com/kml/ext/2.2">
    <Document id="174">
        <Style id="177">
            <LineStyle id="178">
                <color>ff0000ff</color>
                <colorMode>normal</colorMode>
                <width>3</width>
            </LineStyle>
        </Style>
        <Placemark id="176">
            <name>GPS Trajectory</name>
            <styleUrl>#177</styleUrl>
            <LineString id="175">
                <altitudeMode>absolute</altitudeMode>
                <coordinates>34.813309836275415,32.16885238140358,31.05580996349454 34.81325301231087,32.16880972211764,36.63227420086041 34.81333738612875,32.16887595041873,34.76784821039997 34.81338587328292,32.16887202388386,32.30610120044369 34.81334498718794,32.1688031197014,37.06595339738307 34.813338777665024,32.16890735665131,34.708695250138234 34.8133842886693,32.16883766292719,38.969564620201005 34.81330020489649,32.168784403064755,36.61663898271168 34.81340511012555,32.16885963542572,33.51668531459983 34.81327938691169,32.16882938167841,33.20017981668255 34.81334398226414,32.16884319747662,33.242685633846456 34.81329465525772,32.168809197590726,30.74025845937563 34.81330785443909,32.16882656093595,33.76899037582892 34.81333922512668,32.16881182355696,33.64467993178097 34.81328538038293,32.168785308869126,35.568702276230496 34.81334094644748,32.168814727367156,36.85141928566143 34.81332008308847,32.16879060638972,37.30339150954263 34.81329904385822,32.16878543614237,40.48904603383475 34.81329620331329,32.16880459105561,42.0134038929574 34.813313652162485,32.16879130721999,41.49844084943732 34.813267129327855,32.168756644757984,45.87659162104284 34.81331054908504,32.16876202323287,46.35227984474707 34.8133545014463,32.16883284975997,46.05786108471454 34.81324142128744,32.16879344791805,48.71749421325326 34.81326220244219,32.16879424333141,46.04788583849892 34.81335083504557,32.16888588206714,40.707642814052775 34.813353966165145,32.16884328119947,38.46936456340464 34.81333103521985,32.168843424468754,41.37010456388978 34.813337479917394,32.16885354999324,35.356521282020225 34.813335734505415,32.16877823217148,43.00167120504737 34.81330955848542,32.16883572414707,40.625127435037015 34.813300949248834,32.16882756161592,40.75477230467867 34.81330979359601,32.16885200962283,39.3415539650165 34.8132922834934,32.16885082137537,38.00436100948031 34.81333140394035,32.16886646151259,44.08481809607866 34.81320860458853,32.16878470451622,36.71307708233054 34.81329338950708,32.16878837844399,38.937863778624624 34.81335112579428,32.16862625336254,45.39293255929533 34.813421106511086,32.168685043613706,50.12442394015261 34.8132547451004,32.168809340932384,46.567563649932026 34.81329225522873,32.16879915384341,51.80011498574156 34.813310050319735,32.16877625341508,55.593094346150664 34.81340006105021,32.168669109642515,61.2950034740641 34.81327252521744,32.16882112870713,53.703527946983975 34.81329369832285,32.16881037754015,53.33378565499623 34.813249107543946,32.16880404186871,48.92791285544119 34.813370693970164,32.1686684566251,49.36263054184627 34.81327990024113,32.1687870112053,44.47224671236061 34.813229554348375,32.16877841210191,38.299521297137865 34.813299495235626,32.1687322704694,40.26421683508992 34.813413989534894,32.16882027545596,52.35380702690097 34.8134428001853,32.16887544638235,50.864750251812914 34.81336900064465,32.16880832393985,44.78991246379934 34.81344433736883,32.16868393179872,43.348042060133224 34.81339277824193,32.168752038224206,43.35171165078256 34.81327973484739,32.16877644952882,46.92071205908742 34.81328085290808,32.16881723599631,45.75095890834213 34.81342713063616,32.16872633491076,41.51453405422589 34.81322817807526,32.16871123508936,43.57041882102027 34.813351268730045,32.16890703889712,54.413745483316816 34.8133160098006,32.168863301588445,50.69399456544765 34.8133706176339,32.168888990767776,58.06045087621072 34.81303707506377,32.168881508475515,56.89547811277157 34.81324049744749,32.168825098647396,54.6928607288856 34.81318915572628,32.168810037722956,51.02496939810749 34.81324250424064,32.16874816234547,48.87980123101518 34.81313543938234,32.16873511428843,44.002551332193775 34.813187892201164,32.168802117939585,48.295064663661975 34.813197098945295,32.1687558323351,44.82306329040867 34.81322633997058,32.16879703839677,37.78638913072421 34.81322453454646,32.16880514014782,42.80652636105037 34.813183600195124,32.16886213041474,37.902630776923914 34.81326623411608,32.168692669810355,42.007076982472995 34.81324039029985,32.1687978756267,40.66263446393262 34.81327141011186,32.16877324125545,38.81014364805425 34.81319554747596,32.16872302382905,37.72138978061699 34.81318908789761,32.168805112264266,37.68145433151931 34.81316512074783,32.16886177369339,34.849745191567365 34.813146257579966,32.16874511589633,38.461504978547005 34.813104039886056,32.168729179704755,37.16133839796772 34.8131027722944,32.16881653721259,33.36555527309009 34.81300147187289,32.168786458798266,29.821366602639106 34.8130307269752,32.168823309838615,32.31172468779914 34.81293054913655,32.16878406755575,33.835705858752405 34.812852457394996,32.16878140761653,37.343611435753296 34.8127391852881,32.16879505111676,41.284636392389515 34.81282591976502,32.16882088680719,37.67658825321008 34.812722104507436,32.16879827324055,37.434906957456036 34.81271332467424,32.16880394590508,38.17002401895671 34.8126506280051,32.16884272828106,37.91652611947327 34.812577627798206,32.168829486748024,34.547674219670526 34.81253210248052,32.16879829711134,35.694863090022245 34.8124704677055,32.16883568991766,33.09524791603678 34.81230830800547,32.16887511709396,39.647544074308385 34.81231617037092,32.16877010688966,34.456147656429366 34.81231057106524,32.168763225550016,33.40820912191593 34.81217997804896,32.16879823220793,33.426943529581294 34.812051894124004,32.16872845095611,33.37212769578987 34.81200036243912,32.16882881478974,38.33366204033311 34.81211472432406,32.168872998732546,30.00257064146063 34.811934065759125,32.16883423739152,33.01421075013983 34.81187482965555,32.16878639396803,34.82698170705036 34.811849301161054,32.16878811853284,35.54327988334002 34.81179199295564,32.16883937713052,33.808624754022816 34.811767476641116,32.16882500321433,31.161971806940816 34.811699282006884,32.168793997869216,30.783451398829783 34.81172683270583,32.16878746939534,28.47658903933725 34.81153571478766,32.16872966821281,31.79200265591728 34.8115074004044,32.16872931058559,31.980848559517625 34.811367058884706,32.16871030342635,42.645301261316014 34.811157125396676,32.168745614290856,50.822689059235586 34.811228760722,32.16872149219568,50.09897737999812 34.8112346793311,32.16866915938453,41.26318051728769 34.81116341393514,32.16874134117413,36.58912188342923 34.811104849879385,32.168748648290155,32.55949127000768 34.81101686210255,32.16873206808993,28.02451271027242 34.81093955718373,32.16872115486689,29.07592604744002 34.81093266799748,32.16874122002571,27.2177884884804 34.810849723844626,32.1687014018689,25.400512448984202 34.8107014529674,32.168698228286935,29.713359964503816 34.810661567890655,32.168692317597774,34.91723426712531 34.81058922960669,32.16866887876857,35.54573708419959 34.8105645621703,32.16875375589253,36.038219922733525 34.81044332758708,32.16876817599772,35.086641343016474 34.810368221946675,32.168647131941114,40.1585983949518 34.81035014205085,32.168652413148266,45.46952340203832 34.81052291298852,32.16868788687419,37.43349576227433 34.81056895020192,32.16860185148287,34.63039058003248 34.81046806739458,32.1686080083391,32.01323102001617 34.81046195997135,32.168500914115484,35.41134418239433 34.81040007886077,32.16841479429889,41.20878515689365 34.81036847823622,32.16840640693989,42.077692633709844 34.810387084069475,32.16838809526065,38.033314496801864 34.81047038092977,32.168303946265105,37.40219639585649 34.81039666184685,32.16819931916623,38.317067720261605 34.81032662242728,32.1682515783319,36.517040034196945 34.81035825522981,32.168199745487016,37.38700158752478 34.81039614789629,32.16803207477462,37.42058372240125 34.81022686256176,32.168089335557895,35.741948884693045 34.81014987640755,32.16804061596431,34.36604208390745 34.81015819890673,32.16784310199834,39.37069867047005 34.81017751138428,32.167907075682166,36.58212240003927 34.81009804892036,32.16788267333074,33.46232567823175 34.81019970019124,32.167675579009,40.261870473081814 34.810044391750516,32.1677364798238,35.39079313547632 34.80988899319201,32.16775643847027,33.178790902313885 34.80984943999612,32.16775663165338,32.77349515491685 34.80973768439778,32.16759581762217,33.44663769206675 34.80973671873874,32.16749063707104,31.09430431053306 34.8097322424856,32.167523732296566,30.68538429167306 34.80971232358301,32.167507193346005,30.326687383220886 34.80957103161469,32.16748423487462,27.041669746037726 34.80963776189916,32.16726332023666,31.02682344883803 34.80943462853211,32.16733547188738,32.70499167490464 34.80944449011516,32.167268836090315,32.56128336837687 34.80925896615221,32.167230504070645,36.889263406972674 34.80924118225131,32.16722477165033,36.13197808455071 34.80919466656479,32.1671917171436,32.94407614289173 34.80915961258418,32.167079413051425,31.83858606812024 34.80902147275366,32.16702672516177,35.88867562306587 34.80904702444588,32.16703432911904,37.66872116943687 34.809002802686095,32.16698281257789,34.30874049659165 34.80895053410385,32.16696184729333,30.669560601717876 34.80894877195881,32.16693069647154,31.13101575266287 34.8089769924106,32.166821442606334,30.666979420618965 34.80897684618229,32.166771340012716,33.417427119487996 34.80883288731803,32.16683440799887,29.70851220317769 34.80879406971595,32.166899607584504,28.977956412691988 34.80874361689098,32.166964723254466,36.15004540202159 34.80875066255413,32.16688899136502,30.800799848655824 34.808677259917005,32.166902867532976,27.350449611906186 34.80852549886726,32.16696918181214,31.043556304886717 34.80848270802906,32.16688509285268,29.455033627877974 34.80837857396612,32.16700158672812,32.587325857584666 34.80836691312976,32.16699303893884,31.31354622675453 34.80829999899308,32.167011313339835,33.54710958273765 34.808265507241686,32.16704890906229,27.71114907768333 34.80814692956578,32.16703948104407,29.470642521479476 34.80809275787163,32.16712082009887,28.851848268253477 34.80795781039183,32.1671756923275,35.14620893879608 34.80794934594151,32.16714387466601,33.52363494601064 34.8078737632573,32.167164803508854,34.387502557717 34.80771247410427,32.167233420741816,35.36938680698108 34.807661538697054,32.167279176389904,32.62733737427982 34.80762595654088,32.16731293356061,28.491668319763434 34.8075841235268,32.16726927343129,30.43604037512658 34.80742973327007,32.167367930209785,30.39657761008315 34.80768012741692,32.16577352326736,191.50848556019903 34.807535154451124,32.16571569054873,310.79046595769006 34.80749871704369,32.16571590741599,399.00525238947387 34.80701744536136,32.16755763520848,291.25823020513894 34.80696200659026,32.167531606569916,214.06462075918395 34.80678890318848,32.1676005007021,160.75869944159322 34.80672718061084,32.16756838273597,119.90740556921702 34.80663208508785,32.16766391697856,88.76266660969628 34.80635270864962,32.16767172244196,75.53617764415166 34.806348602564825,32.16767748124941,66.40919356023296 34.806277239446715,32.167715526675515,58.59811592531718 34.80621754161126,32.167728126256435,52.12002558152141 34.80606936691486,32.167767917719175,50.182852987461374 34.80612565223489,32.16783140322501,45.3674639964443 34.806107648401756,32.16783465495049,38.883837961831595 34.80598601942003,32.167861043103606,35.51407479995885 34.80595983448085,32.16793320270096,35.536025063010094 34.80592091030979,32.16794991638614,37.1849860023766 34.805822563615756,32.16794714840436,40.081914876331034 34.805822400813774,32.167908085226145,37.12699302016486 34.805763696837865,32.167916514204826,40.150584131362805 34.805888092984155,32.16777551514049,32.50521581239296 34.805843018815985,32.16778878742677,31.15957226188734 34.8058267360255,32.167853385095924,35.63493371240525 34.80594909722366,32.16763984003905,26.710037640606956 34.80610583678019,32.167718603490485,30.417996984192893 34.80610538585209,32.16773814128234,29.950137396216057 34.80614770652417,32.16767715040369,31.561701770224186 34.80648147504218,32.16771056642743,39.12737094695976 34.80652127964494,32.16762539874767,40.90295213119986 34.80659748913538,32.167450560160574,46.29620275528865 34.80667821800669,32.167513038586804,48.177289598729665 34.806690252105014,32.167588650251815,47.532128105295214 34.8068919242155,32.16755527421919,45.41993947910792 34.80718640760531,32.16755909195295,59.552975075400305 34.807275711692405,32.16751934942116,59.08351543020531 34.807250451803554,32.167269132032416,46.095565971687954 34.808775273489445,32.1660484851491,141.1207954439584 34.809882473363004,32.165326096438875,174.2388177297346 34.80948191847487,32.169193938404945,346.14527969547555 34.810789699143086,32.16882344773413,448.80015526921215 34.81077511578185,32.16872407249575,517.8099572536283 34.81077775191424,32.16861274023391,555.7284797891145 34.810872501581414,32.16862207186823,584.6972466670513 34.810006444456505,32.16538157574952,471.9166542918797 34.81069149854908,32.168368375464134,507.9462817845291 34.81074588688404,32.16832563554262,528.0812620642006 34.81073477720174,32.16825864476453,533.2893053537474 34.80849326661997,32.16712692078691,393.472842345627 34.80820919732587,32.1669272618511,275.9704065011447 34.80850544248981,32.16694808509707,200.4638167218234 34.808485916045846,32.16689078292177,144.24828661468314 34.80866215111979,32.1669183975754,112.82997339262371 34.808579537007326,32.16680215939326,89.27623059360968 34.81022592192984,32.165487307013834,68.99883777452534 34.811131627124155,32.16779576153333,200.12283985775827 34.811117072093055,32.16784097908863,286.4648821416781 34.81112702788371,32.16786314647733,348.64848057518276 34.81117805534186,32.16784015986388,388.4610120576226 34.81111259921511,32.167889313863895,420.0528711749672 34.811143465776894,32.16787413744575,443.4926345718954 34.81110349393742,32.16779811741679,457.35169176967315 34.8110993860773,32.16790624086243,467.6534472672066 34.81111618105243,32.16780933037936,474.98342477763515 34.810589429000345,32.16586950769596,355.87616881816956 34.809882433195185,32.16545947367472,291.5662506681562 34.809910018466994,32.165438544967955,246.0566678697123 34.80881919429256,32.16663073802527,183.97256763265554 34.80881869674329,32.16631717254722,148.30427350382845 34.808838754926356,32.16626447187823,122.22183657828433 34.808846343127726,32.16634878073597,98.75425105107747 34.80876013984868,32.16629287523997,81.2031020974149 34.80846229339296,32.16627109659215,72.8261801896389 34.808475940148426,32.16623463398395,62.81804408369854 34.80853075691592,32.16610174895801,51.17308000789956 34.808404453582476,32.16627129442424,51.35838425817527 34.80836097333367,32.16612434202129,41.68831395660173 34.808347490943056,32.16600160945369,35.572526206981706 34.80822006424763,32.16587460178037,36.61924449693471 34.80823286859888,32.16587686104114,31.824144218162118 34.8082188049324,32.16580452861931,35.44409425047591 34.80806170505957,32.16573833284139,35.71358261096639 34.80805245216706,32.16572062016885,29.08179153910988 34.80796826713497,32.165587894772585,31.001860080728424 34.80781019177063,32.165462270940864,38.1895337390079 34.80774341481893,32.16548395248229,26.438329597601964 34.80733960890295,32.16547438033709,19.20230619874748 34.80703054945452,32.16475049114601,22.852127745090737 34.806789207896415,32.16449039627538,32.73942023274145 34.806766736985104,32.16445617077146,31.908839261424184 34.806735668829496,32.164448028301045,33.961014382447196 34.8067117886827,32.16430178633633,33.79792970635869 34.806674317439374,32.16431355619627,31.206955993017697 34.80656144838347,32.16419489877809,33.68051858507226 34.80645192581956,32.164119686802174,32.16765391329393 34.806651072960584,32.164125999215905,38.888863236329215 34.806604902055845,32.163897395586396,32.514157218545556 34.80677154718909,32.16369169880193,31.7348634399145 34.80674824181784,32.16369986777399,34.86276656152242 34.806638299458804,32.163579613364426,43.78194146530582 34.80628780839545,32.16389140621929,38.823925676339385 34.80641768076452,32.16373116710247,38.23116701635267 34.80634518986765,32.16362196189055,42.27134789456707 34.80631177877014,32.16344730549351,57.03795023334743 34.806428254918245,32.16351109489213,58.68009979207346 34.80641046939854,32.16350663791845,55.18779880243361 34.806430521154404,32.163266784434626,55.00081204517656 34.8064619240629,32.16321659690409,54.87279682001875 34.80641247235749,32.16313862945577,56.10523626260071 34.80617793944607,32.16337603678942,45.344379758359004 34.80614798403121,32.1633956877492,45.27989337818916 34.8062042857826,32.16328382604526,51.084349735822194 34.80629402473396,32.163464694113316,48.82749483262835 34.806209889363444,32.163433782488084,51.31607451462732 34.80626326778036,32.16344065699735,53.35503607895141 34.80617109095444,32.163451942891506,55.817669073957354 34.80624335413327,32.163402361336495,56.620776295596315 34.80640185967043,32.163418123185444,58.460271414044016 34.80634399687261,32.16335673088927,50.5346912047411 34.80633324079699,32.16337828379693,48.418382409046245 34.80644271090765,32.163407846835916,45.84976689807435 34.80632199963782,32.16335377517204,43.67540709216075 34.806387230306484,32.16334839284999,50.16036779010244 34.8063242134161,32.163285922981444,55.47589724270516 34.80633508979498,32.16337864424708,53.6083534324478 34.80620293809658,32.16327987183084,55.44416672413723 34.806492946068246,32.163161343262324,51.61941531391316 34.80627566024755,32.16321486522883,62.80921925667883 34.80642577449812,32.16333504734828,61.594820253809516 34.806436485848316,32.16334276781456,68.92255605002333 34.80625160294369,32.163198603323224,62.65906842353381 34.80627873435721,32.163362872897345,55.159649243259985 34.8061555571072,32.163379316076096,53.435299625676805 34.80624018846803,32.16321337684009,58.73996207000921 34.80625250502231,32.16340735703498,51.981742475759006 34.8063052924122,32.16341087108605,50.17835271519965 34.80627050562998,32.16346938337298,42.886711864465546 34.806183400998364,32.16336893517825,45.45571417212446 34.80614045501068,32.16338178775969,46.41276267625363 34.806148806485545,32.16335478575595,41.00529990523661 34.80617155332645,32.16334883597247,36.553557113503146 34.80626853989743,32.16322680359131,43.89504873614639 34.80618025689796,32.16339445018185,36.58962217128193 34.80638909257462,32.16321304313035,34.61586215278522 34.806393425154155,32.16318923631931,37.20558222968589 34.80646228269796,32.16319753500845,38.158768716360846 34.80637044608978,32.163235951580425,34.53202236757576 34.806391983012404,32.16320388302086,39.103185039161446 34.806435815482885,32.16328130383455,42.83955322924173 34.80628990092525,32.163184433574266,39.13126624906228 34.806298192873854,32.16329936250531,37.878674027592346 34.80633886054456,32.16331483047496,38.05906049326239 34.806240472197246,32.16325140924788,35.55312793937822 34.806237343633605,32.163285876219504,36.382007053562745 34.80614356027427,32.163377491800475,40.73678054449272 34.8062770444568,32.16334199000692,41.9013779305964 34.80616554733055,32.163433829101656,45.26515076152826 34.80622456320821,32.16339011223742,47.18880087614323 34.80641907290439,32.163418052653284,45.458198170071455 34.80613431394889,32.16324229885225,42.64007490102219 34.80628043051484,32.16330160358271,44.913769443057596 34.80610309710928,32.16340259138974,43.16737405951403 34.806605605569914,32.162952100915994,51.305458442184154 34.805829753369345,32.16319029709292,28.365456706291912 34.80630547446231,32.16337454233895,38.195188227654285 34.80597896540788,32.16333795646436,38.29279807154963 34.80608422454947,32.16316639719552,38.248751287615455 34.80603309048204,32.16307871238699,37.504862891883214 34.80591750061387,32.16299406581201,39.69007645117158 34.8059472249049,32.16298416262298,36.66564858506088 34.80592309175102,32.16280690447642,42.12758269925266 34.80587785832008,32.16266969249843,43.79811343256801 34.8058433021068,32.1625909499477,39.94899977733486 34.805704587672,32.162533536309574,37.6385457296146 34.80563824318512,32.16241759773294,37.51178233539374 34.805679371934296,32.1621773119518,36.40746419383926 34.80557089069436,32.16212554662584,34.02299085398704 34.80565638251545,32.16163001110386,49.439152945062844 34.80572461954095,32.1614760819183,58.092676752314645 34.80535967567342,32.16174891736389,51.53690317287194 34.805396312940736,32.161577438530564,48.093192803771814 34.805352213223436,32.16151554465693,43.83682309759216 34.80532962133359,32.16138021336286,40.208989579623335 34.80523116070061,32.16115201471238,38.35694472752067 34.80519287540939,32.161086003230665,33.790491684672105 34.80517694318611,32.16093938799209,36.31647578547677 34.805100620662074,32.16071436088723,39.97591375373747 34.805072274320786,32.160627592062994,36.57188683133882 34.80486521712083,32.16046950050959,36.84726806486242 34.80536774281186,32.160057272291795,54.66976408359373 34.80497816109273,32.160130735198265,58.10229800989603 34.80477804994671,32.16010555962574,49.14349587011722 34.8046788937797,32.159968416519355,46.8259492248495 34.80452910209389,32.15990683078398,45.264078829022964 34.80446815522663,32.15973725345542,45.007347027201604 34.804411248229215,32.1596076497732,44.1089591324999 34.80431337954214,32.159413204869914,43.12152190010094 34.804128027565035,32.15935954640396,47.408363213175186 34.80411092862489,32.158980009213565,38.95721847103765 34.80400386755632,32.15891121130956,39.507437480558565 34.80400635601701,32.15880801245844,40.37654595408462 34.80390869552543,32.15868153354323,37.608776208470616 34.803636487118496,32.15816756656202,36.09375130519618 34.803505516444474,32.158079369174615,40.404726287080535 34.803568256523654,32.1579197950016,42.97814931552617 34.803296099597034,32.15772521097055,44.19469100389461 34.803148532681355,32.15747947957985,42.83793162046627 34.803045606515944,32.157375519521345,41.15389617605387 34.80307700304069,32.15717847658936,41.85469662095224 34.80285420434877,32.157036604794015,47.50442300375879 34.80293122529596,32.156946614437395,46.75214754947132 34.80276916299371,32.15674081520156,49.9067996200924 34.803937400569616,32.155313148681536,123.86171191544864 34.80255120872211,32.156199117248136,110.45883194208093 34.802579218081874,32.156232775459046,85.31338832646571 34.80241234201492,32.156113361484685,70.39113300544741 34.802365902671475,32.15602706409892,57.38273452444653 34.80225490889201,32.155926181749635,51.50673902115868 34.80226067472566,32.15574889276766,44.61238358841243 34.80215213859985,32.155670538492124,41.41820068997027 34.802174565329665,32.15565169918246,44.80209529386155 34.80206364059745,32.15552192790012,41.276073806450604 34.80201208556971,32.155486848355004,37.61198183907925 34.80194393522843,32.15547508217388,42.031783578268694 34.80388295799476,32.151133664902055,-100.20923046626854 34.80196119072259,32.155453163919546,-64.37877047224089 34.80201905782042,32.155511163263796,-36.34315590944038 34.801995651159224,32.15546544556118,-17.285567261728666 34.80201194663992,32.15550983578582,3.3998711689950376 34.801983514378605,32.15551028532524,9.416206047826652 34.80196313556462,32.155479139272785,17.295453586212595 34.80199692863736,32.15549667390527,21.650396200173603 34.80201953634581,32.15552680962564,25.889750727739138 34.80204471131431,32.15552416641639,30.01293053758849 34.80202566869068,32.15552757664598,33.386486043698056 34.80201144708017,32.15543000915605,35.6735471975595 34.80203929800861,32.155555737316924,43.74838514097066 34.80206018414882,32.15551027339966,42.567452847421386 34.80208207130914,32.15552343291228,42.58182536959365 34.80195383401589,32.155421176570464,33.18048172361951 34.8020583499141,32.15553924133306,31.670407637658073 34.80213906545902,32.155548178757144,30.936097938267288 34.80203718153521,32.155389361474526,30.382253139907892 34.802061523645975,32.15546602379079,30.309343633029698 34.80195952537695,32.155528182233084,34.13389067672236 34.80199580278591,32.155649438275326,37.701467793722 34.80209836437672,32.155553586511246,37.50237281109749 34.80191269657258,32.155609672843084,39.695074915756535 34.80189941766674,32.15564998162398,46.723871617394266 34.801972528114646,32.1551739485528,25.93434976205409 34.80178625380868,32.155352458864044,5.420927235887708 34.80214228238909,32.15546087881085,15.231256495531035 34.801968012306055,32.15519193229988,24.23330982478926 34.80206204221853,32.15520754165053,29.439862575920706 34.8021113106683,32.15524237427733,38.48150151679749 34.80225185658183,32.15520864775515,40.8269298333986 34.80227157998895,32.155125986989695,44.03880399329904 34.80246380312827,32.15500969107326,39.19248393408989 34.80253939019447,32.15505345736231,42.56710949618021 34.804097475061816,32.155267486885556,-39.83732932984327 34.802893533157096,32.154330694587124,35.04738205816575 34.80248210307198,32.15101962709138,148.16811264417305 34.80436636312301,32.15439186325132,115.28257108166281 34.804846866393525,32.15423124123446,90.4998868609257 34.80497681117557,32.15415802640452,75.62090571186579 34.80509007582384,32.15416683540468,64.79763004976655 34.80528377506267,32.15418217543485,54.33548643892583 34.80538783531789,32.15416858129012,57.42521752314794 34.80547075767502,32.15397530914188,55.74610036316434 34.80559976969201,32.153896966687064,52.39660279646683 34.8057419811613,32.153819177186605,51.14299460636197 34.80587734951538,32.1536889851264,48.310727153271515 34.80597178618624,32.15368544536573,47.78729512730991 34.80604017256796,32.153608956824314,46.6629786212154 34.80617204526441,32.153475565752615,46.248859853029046 34.806209338198784,32.15336403758316,48.10432739440188 34.80624454882294,32.15331147171973,42.35711520335708 34.80624365194108,32.15319592669973,40.81430647222468 34.80626321294217,32.15309909173694,37.388194790712625 34.806072819764644,32.15289018783638,36.2706527540022 34.806004268487314,32.152802311483406,40.00440398215042 34.80598714092752,32.15266453531636,39.086468705701584 34.805999113907596,32.15253245017735,38.296301933978924 34.80580568148888,32.15245730982802,45.07422623572096 34.80575879074097,32.152277851183776,42.28311826504038 34.80565030044109,32.15210023420252,42.67934192495282 34.80563314843828,32.15196204224336,40.88915541175097 34.8055697215102,32.151791029321615,44.92111359549972 34.80498486451696,32.15093957537203,47.50803760448484 34.80416594545332,32.14891450563108,159.58368267227905 34.8046428363313,32.150494445218825,125.79231884593058 34.80456635007104,32.15027855088467,106.34967211901521 34.80450750126881,32.15012530454624,88.01947512851221 34.804357089879424,32.14998117439824,74.36830673283704 34.804397824586076,32.149923961016064,68.69642487333672 34.80421698553851,32.149669729601385,57.07917711934343 34.80389255346914,32.14895344228178,54.806319837439816 34.80375385371329,32.148720198822446,48.38910884129442 34.80372195410722,32.148587658521976,46.14506204164606 34.80375188150847,32.148551298648776,42.08085030208634 34.80361500020024,32.14838068023763,40.87953604961112 34.80358119306317,32.14833495781337,40.55777124271564 34.803736052713965,32.14829167457716,33.800916980923866 34.80364316326491,32.148214640833146,36.71347318429391 34.80356615242117,32.14811197165517,38.966907190992664 34.80354824392955,32.14805215236656,38.38399163673317 34.80351344441727,32.14782295414944,35.91746033131949 34.80325657219333,32.14739075232415,36.66717412939206 34.803213900184176,32.147261407595366,38.17748785068591 34.80318359342937,32.147133467708,37.89010698792834 34.8065116284032,32.14683174963584,-70.73007543790962 34.80326139195086,32.146940705528635,-43.61243364061328 34.80296967932269,32.146498399036446,-20.21049969293712 34.8028716703452,32.146334315758985,-1.7514384705312729 34.80291517300114,32.14620516324724,7.647683246172578 34.802793530278315,32.1460695925992,17.569466385043885 34.80279163374958,32.14592682546273,22.38896307404022 34.80271923814948,32.14578453297968,25.49588013208659 34.80270575372034,32.145642739190265,27.75363511150555 34.80260393169661,32.14542624576617,33.2806671935887 34.80265127204599,32.145331434351306,32.36305678530282 34.802409983072565,32.145090882648525,39.144440896722145 34.8023992862873,32.14493834325094,43.6195570806364 34.80243784832098,32.144900680793306,32.53572970245429 34.80234038908764,32.14468101202177,39.28562116913402 34.80238758149642,32.144484084151856,39.47312530808456 34.80235181558462,32.14412890906667,33.67756807608371 34.802199774724734,32.14400405279168,30.945076188937577 34.802060530799764,32.14380881992131,37.02589053274147 34.802054715737405,32.143670774585246,36.653253453034075 34.80179029244231,32.143534589005135,38.548982980229496 34.801855303669015,32.143496349534765,38.00961110068076 34.80316663000854,32.14009004226986,37.620423111638914 34.804360650271725,32.14026583170115,48.28244822451849 34.80500714935057,32.14029210198427,51.6911089385357 34.81579733612366,32.13851243662509,49.584224522646714 34.81613903034213,32.13851489267454,49.99596184529415 34.81635130145812,32.13849406091834,51.69292055832257 34.81660523619608,32.13849346590701,52.32142932035612 34.81689430636763,32.13855555996599,47.89689078834688 34.8191323001391,32.13850503721831,54.18114136690819 34.819463040056114,32.13853885753883,54.584834661981176 34.81979342540583,32.138516949866336,51.91957510233472 34.82005684211262,32.13840297375586,43.95822840806107 34.82043601904586,32.13845215049044,29.204754208099168 34.820385650043455,32.138245257830924,60.65980673182127 34.82069669014975,32.1382596470767,67.17415537033162 34.83094056369648,32.13588894814986,65.5884113292205 34.83120358493556,32.13576329546568,70.1378795654789 34.8314260969436,32.135637062669396,72.43395492489519 34.831674388051866,32.13551905550001,76.88384130207218 34.83195097663146,32.13533560032725,75.48967804756897 34.8321821918392,32.13526836596898,74.05312296373641 34.8323960744042,32.135090744108474,73.49613978963814 34.83271065358627,32.13490074844495,71.70540492728307 34.832885176565135,32.1348069986504,72.0744890841615 34.83323113833434,32.13456224602002,71.08255553642935 34.833367684846415,32.134510020138464,73.80605193487077 34.83361578877304,32.134337722158044,73.65136154512949 34.833889739522576,32.134130645948936,71.86133853158499 34.83410080075531,32.13394455397018,62.63458657859814 34.83430030782755,32.13392909067043,65.06844662360187 34.83450349480427,32.133797647725046,68.61175250358045 34.83472462374367,32.13359830056852,70.86785221707237 34.834964675615154,32.133362316959314,69.19574081196004 34.83517458323566,32.133304477892814,76.33319348713908 34.835429997125715,32.133198810641325,78.0128200747426 34.835658543967384,32.13298763463621,78.1606179907979 34.83588151427628,32.13297739638945,81.33100414013917 34.83607487194694,32.132840465131885,84.27707204476856 34.83633502656469,32.132702693633334,90.58691403755027 34.8365764662041,32.132536716415615,93.45422283461997 34.836813764489946,32.132411135008724,92.50875224402463 34.837120452936894,32.13231761782063,91.25025514813528 34.83738326048221,32.13217358985377,87.00845812461982 34.83758080868171,32.13213284080697,86.7087473871278 34.83795360530984,32.13200411831618,85.68473198762806 34.83808774316374,32.13191238513203,85.5727890837405 34.8383111880054,32.13180481782821,85.52776897445318 34.83857311546927,32.131730533429014,83.67858810610694 34.838849844270335,32.13158105976407,82.11110485862677 34.839065876028634,32.131530059913416,79.58782640126536 34.83937355095538,32.13137389411674,77.84091752982047 34.83963574705485,32.13129763747246,76.13298771643275 34.83992681986145,32.13116513668043,72.66802980447976 34.84006496196881,32.13109473620334,74.75529552104317 34.840303851556826,32.13104523979331,71.48507717670569 34.840567562085916,32.130915692211666,73.89482231079387 34.84084621772677,32.130855368568476,70.16143756350817 34.841058176241624,32.1306881169999,74.74556006149609 34.84151085532259,32.13002134297628,124.01143196796315 34.84151136254053,32.1304453559281,117.06974077885305 34.84177427222757,32.13043417793298,102.5975375117408 34.84195351074104,32.13030672877413,95.60508153181101 34.8422187785945,32.13018400406804,86.84829186531232 34.84242699790906,32.130088041924346,90.67552806550763 34.842659163337245,32.130047868899695,82.31299317689141 34.84297514315889,32.1298991689984,77.55632635211428 34.843043677989485,32.12975581422216,79.3724002512553 34.84311117799987,32.12967787017681,90.03121385483877 34.842422284129384,32.12875180573325,209.8646811008454 34.84538395127812,32.12880447191138,175.31971093293282 34.845632440129556,32.12859698961286,156.18557071163877 34.84585751971528,32.1285397354807,138.38859067557118 34.84622564709744,32.128549035630414,119.12119101494926 34.846480906781565,32.128428208953736,101.57511681608 34.84689049180948,32.128211687894144,91.72303434682783 34.84709209297781,32.12817265628089,81.78840094391656 34.84734847111709,32.12804680290464,72.05588338206988 34.8475913310816,32.127940873980066,64.63360400713654 34.84631859094705,32.13057080844137,-100.9406411096253 34.84896309220127,32.12736942178,-51.029772791308275 34.84917450635548,32.12727724816852,-13.163160421207028 34.849991363131515,32.1268789686952,0.054121686900026944 34.85022162148479,32.126799935207245,12.024395317926066 34.8504382685088,32.12672905520269,20.14264441562527 34.85072981151841,32.12654349022502,33.68941848130135 34.85096813555009,32.12647549364203,38.907525596887126 34.85127731643266,32.12637164908634,36.694399313730926 34.85147425016174,32.126275234436726,37.626941405513186 34.85158483253546,32.12607329965509,46.86388659310322 34.85192014373071,32.12604463927491,47.889673708607866 34.852187198164714,32.12594618333064,49.715549835983495 34.85221172664119,32.125884947794496,56.93699476005162 34.85273522037359,32.12567649850408,60.034470953341 34.854227912739866,32.12502958004564,68.5586498730078 34.854569081027755,32.12494195107178,68.34093170960855 34.8548022720952,32.124803589620235,73.81573348745161 34.85511221035006,32.124830499611775,67.7653950144536 34.858937131772116,32.123100874088315,67.12018551680254 34.859740198844975,32.122768465941824,64.37237780766651 34.86002521520872,32.122669907030684,59.051964764385175 34.860261184642766,32.12255357671642,57.78572853200721 34.860556491510586,32.12237813473253,56.48882675393334 34.86073856342946,32.12232038336846,53.01060907037171 34.86099162755966,32.12217438801282,46.26966807413874 34.86117766537725,32.12212687560068,49.98348740251754 34.861431488387495,32.121959993017974,45.41911087401411 34.861669141083695,32.12186346066732,44.01733065426862 34.86216071415647,32.121769126635655,35.026171811882264 34.862708991549084,32.12165012905567,17.206765909324858 34.86244883539613,32.121588155221055,26.049988998224627 34.862833336705975,32.121451565363905,26.547303735179405 34.86298768288174,32.1213878247843,28.42181066444654 34.86377288357666,32.121264110589166,25.058526108002134 34.864321691110895,32.12102893966097,40.27989247866951 34.86476381136893,32.12103692209594,36.50120616564465 34.86499417074541,32.12095772861273,41.55397245776796 34.86526961855384,32.120966388904186,44.064139313040926 34.8656973269039,32.120938460688365,31.292339075899 34.86589188481802,32.120845358829655,26.043046754791945 34.86591350401269,32.12068336285805,44.68918639142561 34.86642655534411,32.12081364596269,41.120843030608924 34.867149737649825,32.120567962932,43.79987980469372 34.86740268261525,32.12053584215923,43.78060172147194 34.867744161491686,32.120490221451476,37.99380743146089 34.871740888524315,32.11910802996147,26.86573195700822 34.87160514081155,32.11901563347519,34.42397760919217 34.8718315396885,32.1189339596458,38.30017664209046 34.87206437952191,32.11889095656956,39.79021310195353 34.87219692125657,32.11877012742897,46.35703131641094 34.87247954371736,32.11870724054898,48.337819800279796 34.87278574566102,32.118614807578716,43.267989496956595 34.87296662270997,32.11851476871646,44.314446969602734 34.873230145662674,32.118414847823914,44.52249416484009 34.87344581211329,32.11834781547148,44.98013016004984 34.87374688395727,32.11823311434698,45.38329943135989 34.87379548019363,32.118122955611945,55.03516876585462 34.874243656638846,32.11804925327149,50.26562833130136 34.87438427808425,32.11799106458103,51.454937581504055 34.874654126085844,32.117913568876666,51.349737695696966 34.87490983518209,32.11780888413842,53.83837956041978 34.87513376897928,32.117716366441655,60.869956924753836 34.87531925525916,32.117637384783414,68.41450674061721 34.87571778968739,32.1176248447837,67.12961591362155 34.87602407237302,32.11765552141487,59.84586291746981 34.87624899306645,32.11757378605191,54.29012588784154 34.876521988112984,32.117528691474504,48.44121031640136 34.87682603180846,32.11746294844793,41.80492340105612 34.87707902790726,32.11750372040481,40.644619317242125 34.87728002202494,32.11741126440348,42.96711348456967 34.87762541270888,32.11744454090785,44.62770566097999 34.8779487727529,32.11739737275129,39.48893776056268 34.87822127467841,32.11752303791925,36.66566188530468 34.87832460922235,32.11751514117647,43.59571206544156 34.87927269824516,32.11760946530468,56.43956401376819 34.87932076675897,32.11758105424476,49.26683630685858 34.879579348889806,32.117672241023236,40.79834178302905 34.879834330278875,32.11766714447912,38.04587884023741 34.88062927862324,32.11786719355276,34.59046422896875 34.880844450580135,32.117893066126015,39.598871961286065 34.881146152032706,32.117965694301866,39.57217441363039 34.88437601847757,32.11949866140636,38.36415894839571 34.88463208211796,32.11965268438481,33.608377499909544 34.8848736203074,32.11970691812452,37.713041096928904 34.88511901786432,32.11984537520913,42.15933341728745 34.88529741747167,32.119988909108116,43.53595689206539 34.885560627659295,32.120128824719366,47.03940918688677 34.88576502851066,32.1202647402711,44.44674191395483 34.8860648148785,32.12043844981282,37.30294458790028 34.88628591996141,32.12051158182331,39.56320159255348 34.886675313596506,32.120822394201,42.270067841361886 34.88699627835634,32.120875757336485,37.77719974304676 34.88715033638341,32.12094840253331,41.35109400143656 34.887474776707954,32.12102705083127,37.2784923703862 34.88773512008798,32.1210982947294,35.64779692611098 34.887962104509846,32.121170670215434,38.87152126330584 34.88823031085142,32.12137426129202,35.075628652276244 34.88846178348179,32.121385611428394,35.019044283339035 34.888717034019336,32.12151179824275,36.644035623940134 34.88903092859752,32.121589037560035,34.81465771002631 34.894493864170165,32.12227636982653,35.601193149806484 34.895073798052536,32.122238371637,38.695189760694895 34.89546175245605,32.122281150931784,36.46003686391959 34.89577105899173,32.12229890557238,45.567627459634636 34.896057605713764,32.12216717857447,44.96029318906591 34.89643401450645,32.12213664688471,41.714396968280596 34.89671394855961,32.12212845288036,40.91544764651653 34.896911419082635,32.12200777892472,49.138758473585376 34.897344452984726,32.12207670188698,40.633445897294315 34.897556854152384,32.12207900355919,37.01383403112765 34.89780782648938,32.12201535585749,42.28971282473895 34.89807385328496,32.12206189579837,45.39129801607688 34.89843635762913,32.121980945974826,37.91236426546888 34.898972749623276,32.121903609718174,41.036344236964254 34.90156545989069,32.121623238791415,34.415917053821424 34.90190127782167,32.12149737377593,34.94165715603348 34.90350434641806,32.12126936087414,43.08198210011369 34.903791161542,32.12121069517327,50.096852904742576 34.90684071538638,32.12096051493059,53.88117227993774 34.91051427342354,32.12037360604968,46.645813520330016 34.91074447563964,32.120387106098825,35.62463401462707 34.910906602795556,32.12029533795338,42.20105704529088 34.911248274056796,32.12031831980605,41.035404245347785 34.91159302322756,32.12013519383953,44.703435835320455 34.91165561683933,32.120097305076065,52.7188775329094 34.912104137928914,32.12004897762459,53.216505554312036 34.91237983159719,32.119947605659355,52.27753333733901 34.91256799215778,32.11992290530522,53.016802858466875 34.91291999877965,32.1198428861145,50.939263299600256 34.91305326048069,32.11974889481073,56.19123604043416 34.91337678661258,32.11968496066598,54.7122004970994 34.913712899821384,32.119618551965786,48.364892391363576 34.913878458140786,32.119510064100766,49.42901636986669 34.91415644048062,32.119425361937324,49.29316935907543 34.91443651412439,32.11937526370054,55.352994847808205 34.91481582071887,32.119257710969876,49.249570629022756 34.91510520703978,32.11920398579825,45.99269051085841 34.915344087506945,32.11910086824423,42.18476252235251 34.91560526383134,32.11904071666347,41.228253536140855 34.915823956145445,32.11895276576385,44.46176048997904 34.91608510151598,32.11883006396874,47.01868461401468 34.91635427165841,32.11876532677223,49.251473137618035 34.91656720239831,32.11869195370959,50.46717329205115 34.91687194280427,32.1186250888067,47.344979947723225 34.91710668732963,32.11849440644704,48.68851935492663 34.917277845945264,32.11846241718197,52.99638203681703 34.91755799461269,32.11834911664894,52.594482309118774 34.91782085276334,32.118298340033085,54.831324495328815 34.91803642561855,32.118199187215716,57.857976758075104 34.91832548980007,32.11815550302781,54.921376061826585 34.91889636449972,32.118044100507774,42.536280722963554 34.91884495643641,32.11794227004211,47.04913447299566 34.91912130396091,32.11790282279149,47.13816421270272 34.91932434616195,32.117802339473535,52.02189780243789 34.91959795782344,32.11771442235988,56.27299554229889 34.91986096652793,32.11769064000238,52.32254801352723 34.92012096761489,32.117563396839174,55.22175813481269 34.92041767429496,32.11749719594366,56.175407946307615 34.92062242522206,32.117444503223936,61.60851184814116 34.920924857452526,32.11733495036537,60.592583402548065 34.920938577919564,32.117213157281526,76.15455482086804 34.92154940933028,32.11719997063079,70.53517277658618 34.92180764513418,32.11714587277707,66.19251145822997 34.92199278607789,32.117009549447424,69.90598342978444 34.92233995631423,32.11701093782244,62.585539019375446 34.922648243818664,32.116899901365095,59.885281857923744 34.92324091487324,32.11685972194146,67.32972878163382 34.923649920246916,32.11684470451678,63.44872093917034 34.923967070814896,32.1168802464221,66.6911738282854 34.92421793568233,32.116617060882966,59.90091093672342 34.9245787860462,32.11661745107326,54.54170662967606 34.92479172344349,32.116566536929035,51.933529357551485 34.92503148430397,32.11657480888008,53.67764292340206 34.92542721700045,32.116574896249574,48.517196062967265 34.925668029483646,32.11654144566479,48.96119797584718 34.92598626409399,32.11645754637844,44.65748629548389 34.92638290534394,32.11648190994663,39.9551461073733 34.92655290144172,32.11646926638443,39.77546225121455 34.926959092472586,32.1164390080481,37.89845202885901 34.92721127565638,32.116353122227686,35.610256756628395 34.92798643182841,32.11627361839592,38.90159452015473 34.929856444156826,32.11626042776303,47.31451525586242 34.93023888821628,32.11619250509794,45.60072442819725 34.931051973538295,32.11609989215075,51.24579753193791 34.94158536258587,32.113488579556474,193.60543965780585 34.942546150874556,32.11532953631896,178.94986382550192 34.942895212603375,32.11539110581369,157.58350255813656 34.94338270822797,32.11520288496717,148.07837510505462 34.94360269716493,32.11515212907588,138.11936599284434 34.94380933831799,32.11503890756001,137.3231973573716 34.94424132826262,32.115018711518836,134.49554653289852 34.944520812437695,32.11495538985269,124.56902001265243 34.944778439074256,32.11488819635586,113.33104103328152 34.94496392691092,32.11479017196063,109.13947190411965 34.94525465521216,32.1147052601602,104.98862358136878 34.94547105418472,32.11459995379061,104.31395282853006 34.94576177110254,32.1145757460966,96.50148128786037 34.94603441097398,32.11446229249596,91.71240565787102 34.946324712477725,32.11442635807498,78.54744949299585 34.94652195891602,32.1143293885749,68.30094815568073 34.94692838310737,32.11423361756186,64.95993973810882 34.94716429694113,32.11418655977709,60.41699320499685 34.947425795399745,32.11409676838895,55.643913799124064 34.947538525111476,32.11402877703794,47.48245488546711 34.9477408279031,32.113960561847634,55.94091068199222 34.94796847457377,32.11387286883759,61.463423736237345 34.94814728334025,32.113895277361564,60.90736213734621 34.94847357447853,32.113744210494744,57.778668317913876 34.94862560937701,32.11371762111187,58.55109845900675 34.948910022213575,32.113630856494865,58.75695355106541 34.948826093023186,32.113623237407914,67.09460619773992 34.949108295470005,32.11356409336378,68.0314748374988 34.949455077940996,32.11352753504372,64.5325768125227 34.94942724476705,32.11337432216721,75.9867422837473 34.94974838885037,32.11331473878525,78.9676700293069 34.949915483247786,32.11325354043126,85.31865825486247 34.950188194016114,32.11321034790281,82.40342395386293 34.950420369746105,32.1131606388871,75.74257659702212 34.950783007647495,32.11311535882623,66.37106560759467 34.95094966593006,32.11299499017826,60.85302034348776 34.95115979820298,32.11295033594414,62.43427197576311 34.95137914714948,32.11289145401082,68.31545488001552 34.951671031469346,32.11281876479896,67.08216877782745 34.95194013503979,32.11278960381858,57.38361312334072 34.95202935033652,32.11266676978105,58.08728140372442 34.952285691839684,32.112615768628906,55.74733089902013 34.95241614803521,32.112545121070625,62.68574029957112 34.95272712714999,32.11243989941871,62.45724593944499 34.95298876210155,32.11238425116291,63.396706335549595 34.953127146454285,32.1122826729635,64.88327387350404 34.953342951104176,32.112227655078165,70.2695291753108 34.95358580756547,32.11217007329827,71.43489135180003 34.95377056866061,32.11207434769903,73.87202816691855 34.95387167125786,32.1119873314785,87.14638883291609 34.95413397669874,32.11190240314113,92.76330237521601 34.95428527287015,32.111806055467135,97.117761012483 34.95471309045804,32.11179291494362,82.49840063567991 34.95493149223213,32.11168292155394,70.20061155832038 34.95513082903916,32.11158363540582,68.21345134543486 34.95535367335391,32.11146997722487,66.62103613334497 34.955550138471885,32.1113377394837,69.6461174009474 34.95576377772136,32.11124379007019,73.10648304897173 34.95596317596875,32.11108034175126,74.96356933010703 34.95622605216614,32.11097786552765,72.90939708728502 34.95648568971931,32.110832705606086,70.53977036789915 34.95667264917224,32.11070074793077,71.6394758781031 34.95692230928923,32.110534386273976,69.55217836688357 34.95714137094877,32.11040218749244,69.18756173502805 34.957355162465554,32.11024594750836,68.39267274023697 34.95756245488123,32.110141928291924,67.9669983371496 34.95778996426107,32.109994827674484,68.80734177514462 34.95799300612358,32.10986924118169,71.91341307802557 34.95826725849468,32.10968641708405,71.68521721719321 34.95844423057703,32.109585993065544,72.11797425275451 34.95868163461229,32.109461544509436,72.033763739128 34.95886962204617,32.109319534535324,72.62909546586262 34.9590930850489,32.10919170154592,74.10132949826291 34.95926414950332,32.1091040350414,82.02255353024498 34.95956888535811,32.10891174702743,83.04094819286094 34.95975814232334,32.10881241835574,86.46444766875766 34.95999155857094,32.10861355493269,85.28702581273677 34.96019620486126,32.10849504146428,88.74851413591963 34.96051232241467,32.10833291199861,85.63503253051498 34.96065115576401,32.108166919528216,86.62334200211814 34.96086668821121,32.10804677934373,85.23279839133015 34.96110475362275,32.10785157124831,84.36436923298218 34.96120011679419,32.10777796111988,90.72486941198096 34.96155054830277,32.10763527986227,95.03374593379681 34.961737499995934,32.10745434449733,90.72088113087723 34.96201596487524,32.10729477079999,89.91282478370583 34.9622228220854,32.10721278039514,90.8718530037199 34.96245303231504,32.106991202090285,86.27868862620728 34.96263895078555,32.10695635393552,94.1646368700846 34.962822520098015,32.106892846614784,100.99401715065129 34.963070069143065,32.10674311561289,102.8300996754312 34.96328659637754,32.106495808959636,100.42719238392962 34.96353457118287,32.10629434251231,93.93857357181949 34.96366103553785,32.106196185090866,96.53542185646907 34.96394979105803,32.10602564870032,89.8386964946447 34.9641480207291,32.10593365502368,89.87869520537512 34.96439019481784,32.105800109399546,91.332039557669 34.964631189767644,32.105647252636594,90.20199569426865 34.96479673939198,32.1055353127287,97.05194059092821 34.96503108619914,32.10539863003244,98.01190932122061 34.9652304423971,32.10520641768581,96.39885180779082 34.965506230464605,32.105104395520186,93.40966979025127 34.96565944965444,32.10496416426105,98.04208655708977 34.96591956039687,32.10482554389244,101.00128248837106 34.96616231006035,32.10465004226701,101.98648146454427 34.96638904483554,32.10454611432433,103.22124819127598 34.96659433770157,32.104426369201114,103.60165166549399 34.96680610503832,32.104260524507076,104.45896884985649 34.96710041663775,32.10421046074978,106.19798863288281 34.96730152060318,32.10400697522038,107.3010885427352 34.96750578479425,32.103879077201285,107.22164603289534 34.96776901613714,32.103727466590236,103.31948545496013 34.96799095527566,32.103654164060615,104.14877916863676 34.968169689216104,32.10352909091775,108.57474679875529 34.96843594320117,32.103435499351704,109.22327029278833 34.968603192464,32.10331266079809,110.29814778882684 34.968857916887885,32.10319248546299,116.08670155323813 34.96917617068008,32.10311791157464,110.38794470461296 34.96930179078869,32.10297958760811,115.86577656475788 34.969500966176014,32.102900663386045,125.74567293103198 34.96966332401529,32.102765576881275,139.4371933348957 34.97030262732415,32.10266968948001,133.67702176039674 34.97057985306906,32.10262144513306,130.6549407482401 34.97079056441942,32.10251452598707,128.34009500745597 34.97096728557127,32.10244534591765,131.96006315736784 34.97126505689636,32.10233956360253,129.94371500147798 34.97158102328067,32.10236743136047,130.85606219919043 34.971840093301715,32.10230035344779,126.81240016180215 34.97212160033719,32.10219175591374,125.00201685669452 34.97236741618437,32.102147129441505,125.16188061206614 34.97256345722036,32.10207354077013,132.5406514095786 34.97279071632187,32.10207788046336,140.27866027398812 34.97321260157127,32.10197137182727,128.1536638278587 34.973408960503924,32.10200807506709,129.69245199259882 34.973741092500276,32.101949710448565,125.4373998211658 34.97393705078154,32.10189436597156,125.95721069980141 34.974218685774986,32.10180033080764,110.93574058816763 34.97448456025723,32.10182507701533,106.71203575716443 34.97485259631835,32.101844299508514,106.94530490595443 34.97520371967042,32.10191002769056,103.03850079073473 34.975547472959846,32.10184177526286,94.16152358948091 34.97583470531217,32.101875839797316,93.51017024127 34.9760679956989,32.10189249172052,90.80198787226178 34.976354319409445,32.101862992370414,92.37015079134308 34.976596664065724,32.101814733334855,91.14093793322913 34.976835391339286,32.101856513191706,96.28116579497919 34.977268413172276,32.10185502803317,90.25294875761787 34.977274457350276,32.101789655352285,89.87420842765663 34.977945961154944,32.10185540164303,94.46367584771266 34.97822659368748,32.101809182164146,85.98529200146666 34.978347212248224,32.1018992943935,83.11139827201067 34.97861531725162,32.10176650259571,86.25720197618513 34.97908649543501,32.10184177489544,80.92885443096216 34.979265117904056,32.101843570707274,82.26717450539792 34.979515276871105,32.101702868438736,82.96370666085424 34.97972855863239,32.10171456975548,89.18128799598534 34.9800688515212,32.10179892365025,91.26469799106476 34.98045978177076,32.10176558702877,87.02037901702757 34.98063163287449,32.101797467617075,87.67205749604865 34.980903193910784,32.101769501509864,88.03087699035937 34.981144241430904,32.10167700971262,95.10972349398179 34.9814557570393,32.10172980907241,92.81012905602768 34.9817250946619,32.101695725686064,93.55108234743233 34.98194620738109,32.10175567474246,93.95929774095708 34.982169419570766,32.10173265265516,96.5908464059178 34.987122986619575,32.10191065912664,107.6925558057761 34.98737081189966,32.102014505274624,112.47629676012421 34.987615891133444,32.10207124477864,119.06886322068678 34.98797947967092,32.102150377866934,112.86932766067861 34.98813356297441,32.10226684690379,113.0812046205825 34.98843034879392,32.10243256821855,109.81774477324917 34.98864536693894,32.10249618269907,109.48284314524058 34.98893972219444,32.102568984079326,106.1252084194995 34.9891707923284,32.102727184809545,99.29101892701674 34.98939696464441,32.102874381898,98.46056069327464 34.989607697987964,32.10298075867208,101.77286226414293 34.989872284492364,32.103177456934624,100.8185325405012 34.99008762211633,32.10330954285017,102.11911039131579 34.99033505959525,32.103427238038456,98.74306705983368 34.99059445418787,32.10357704885808,97.35861228371607 34.990767882774875,32.103794712186854,94.11819878056484 34.99104722002935,32.10387539447005,93.90158417724705 34.99133059320931,32.10401323401381,92.75942207432979 34.9916159214574,32.10414029190826,90.17694573103796 34.99181098592889,32.10429726777872,90.73761169015951 34.9920503609042,32.10448578339123,96.73361490240032 34.99231360108115,32.10459574986192,100.33884138799442 34.99254513072922,32.10476613013196,107.48111403146224 34.99275548356194,32.104870076206204,102.96788079737311 34.99295706600986,32.10506403592722,106.34618136012013 34.99329173885511,32.1051420370021,105.90131532692828 34.993551935204195,32.10524108412074,103.42635307758542 34.99380539568566,32.10537673718182,105.17646053706873 34.99393754788538,32.10552193709929,103.12753421650766 34.994269198465126,32.10567672451779,100.02982047226162 34.99450418161626,32.10571870838868,98.87167361527226 34.99473493665485,32.10583950168603,102.03729026188753 34.99495627678321,32.1059936103074,103.43618123789466 34.995323216579585,32.10597329777195,101.21120510444055 34.99549732992401,32.106084668217726,102.29208874689049 34.99571263653114,32.10622906446699,104.88186065033008 34.99599640394884,32.106243797631095,109.54232017243231 34.99650514532031,32.10637189835682,115.02059605400788 34.9971010010092,32.106444927598396,117.09706424653376 34.99747349206942,32.106482665102504,110.18145051159229 34.99770209894979,32.10652030490766,112.28052304107507 34.99800431672844,32.10652291391954,113.20411189567164 34.99825397912523,32.10657209045095,115.12457280877138 34.9984775786339,32.10662513763978,116.9994937015117 34.99886295613201,32.10662425106984,115.82246758835052 34.999118324028395,32.106617330335816,116.90518137649394 34.999328368958054,32.10673404407757,119.36912492976822 34.999678223909626,32.10676083510967,121.75025087414423 34.99998284132257,32.10672671160219,118.04754158802595 35.000182286638655,32.10678461751353,123.20971308370119 35.00046131615064,32.10686695183393,121.90290580634678 35.00080628195743,32.106809996377436,120.86193800539232 35.000976826406344,32.106826822650504,125.29687851589117 35.001243552730905,32.106919295531085,126.8694326055344 35.001643895591414,32.10692301682596,125.18860773872407 35.00177154210622,32.106953140312584,130.9686904771986 35.00209528233945,32.1069987651931,133.00095547979237 35.00236128361203,32.10700167102719,134.09819972424816 35.00264689724305,32.10704939506215,135.03703164553394 35.002910721496896,32.1070902740222,134.50883227152278 35.003092493417725,32.10716206942336,141.23446510856454 35.00342068829903,32.107114989757164,146.40892324050338 35.00369274592343,32.10719526704988,146.2708451499174 35.003852595777886,32.1071874709979,156.57745628674112 35.004246009128636,32.10725656182181,152.11557662172612 35.004729525637096,32.10717663300222,160.93280904855277 35.00526805438095,32.10726148199454,162.4614247027465 35.00562390545529,32.107287327421105,158.35605499537286 35.00576234622087,32.10737134103821,158.74959057674107 35.00605789464836,32.107405678757615,157.45934145654198 35.006376479197435,32.107365016935645,150.9300662527516 35.00649919305746,32.10749693013956,155.7142158755746 35.006794943771084,32.10747672372039,156.61175698309995 35.00702615673843,32.10757401729218,156.2851523047452 35.007307514161276,32.107554692511215,156.84641152971466 35.007557362506745,32.10759732874395,156.21147732365813 35.007818496899446,32.10763632019548,155.7081593096885 35.00810299960849,32.10761402209975,156.13575797305188 35.00833681694466,32.10765923168099,158.74691900762272 35.00862120364071,32.10769443130867,155.84728671641793 35.00910400129138,32.10775015544295,158.2456062064844 35.00967181772168,32.10783155222174,154.77680083838794 35.00989667169535,32.1078460571539,157.42528128192458 35.01042323719737,32.10791671934911,162.07637020699374 35.01071173748222,32.107950879772524,164.84857853329711 35.01125773019107,32.108003090395286,163.13464229563695 35.01176728523496,32.108085575650286,166.1687710843732 35.01263059921525,32.10820512823812,164.5172168833961 35.015668186705085,32.1080585662237,166.34683642345192 35.015916337818794,32.10808594566266,166.55961363163107 35.01619607715273,32.10803096904171,170.21838620798098 35.01638733618963,32.10797899267846,178.3820118923725 35.01669742441963,32.10796179081156,181.29585809043982 35.01705857449695,32.107938854890264,174.0591805130912 35.017320196925745,32.10782387657924,172.85443231300474 35.0175832618881,32.107802453852024,174.13906925132048 35.01793178269223,32.107794166690994,158.33694341713806 35.018160665070006,32.10775949041086,160.66065469524992 35.018245692365376,32.1076345893759,185.34048873452306 35.01857827269379,32.10766361526179,189.47005107821968 35.01882263395299,32.107612751947094,195.63676682186363 35.01917159027774,32.10752005133132,201.4215187457757 35.019360729934576,32.10749731617493,207.00931503014414 35.0196545540897,32.10741812014428,212.67233896881368 35.02007369966713,32.107433530382245,206.95341429813223 35.02026540647765,32.10737744047428,211.6410493768313 35.02036580682958,32.10732844490143,225.96541295620335 35.020815018370946,32.10725995824142,222.0030717926611 35.02107612840191,32.107242176513374,222.67154045605884 35.02130226809024,32.107203263034116,229.08503334301048 35.02158233735871,32.107168236857945,231.3429640838666 35.02201551965981,32.10713796029578,212.89630729591863 35.02235515317356,32.10713959049441,197.2040981742078 35.0224361917289,32.107010896766226,207.44356376379193 35.02291019073619,32.10696252022792,196.94407268534968 35.02315813349718,32.10690024690945,194.43943346795547 35.023381479952185,32.10679643237817,195.71083523247987 35.02365759646329,32.1066695615956,198.87136157291053 35.02390314473055,32.10660638231581,195.99465458957695 35.02419210684083,32.10649765867853,194.61820586927573 35.02447857402033,32.10633556870213,196.23774939214672 35.02467858791417,32.106206126786724,199.45264204375906 35.024975709341255,32.10609635472889,196.79775950208256 35.025131385089516,32.10597013060879,202.59402532336824 35.025392032274375,32.10581577089064,205.04650980415838 35.02574231752882,32.10573224254108,198.9838213718176 35.02598143705509,32.105570096889664,195.18501949402125 35.02617489979591,32.105450855000576,195.69968626703147 35.02643940745856,32.105283664178415,196.99018962552125 35.02663412084868,32.10519110754109,205.05402661378417 35.026951919823794,32.10507404808958,202.80978707650712 35.02718584908075,32.104944833112434,201.76078445213497 35.02744648296229,32.10479918899673,196.42774937778188 35.0276742800374,32.10468497331774,195.07281741702934 35.027881870521924,32.10454695771891,194.96654450048322 35.028182131510256,32.104423308024316,199.01426312695088 35.0284090804719,32.104284306779945,202.74201036231938 35.02868204213641,32.104133355309905,206.1939288939392 35.02894499365553,32.10403063667665,209.6121219070751 35.029191874316275,32.10387994943731,209.85276260488592 35.02942492964458,32.10370765801468,212.90314197304326 35.02969658283643,32.10359889258011,214.23142394574964 35.02998506447461,32.10341098838429,210.16961234979195 35.03022801598343,32.103299339010476,212.74090178710122 35.03052393417782,32.10318322288923,210.37503302749323 35.03078784252366,32.10304632788785,210.53474165909046 35.031058362547746,32.10289246579184,209.8919463226389 35.031308002396564,32.10277414159684,207.8344616613968 35.03156549992418,32.102647018251176,207.3258932601254 35.031812735821156,32.10248737283761,205.51679830438405 35.03206846231266,32.10238055887946,208.17642435151396 35.03231896047439,32.10224823488333,207.59321439098082 35.0325719763213,32.10212836907968,208.93778705581684 35.0327620857636,32.10198854791178,212.07941020725804 35.03306102654754,32.1018307904928,214.30617538145725 35.033291430462725,32.10173196652216,214.19589052636627 35.033500762894455,32.10163941105564,213.28524101465882 35.03374320919838,32.10148659703757,216.32847053124715 35.0339398363215,32.10139076040048,220.8730374014434 35.03419236729823,32.101282218407256,220.8812752029786 35.03443887445258,32.10117921595765,222.55377323527313 35.03470690158289,32.10103018366051,227.84780291170551 35.03491217313347,32.10095468287232,228.42633410707583 35.0351675638408,32.10085482400512,226.39656918629584 35.03531723962174,32.100748439537135,236.53167892173383 35.03551366460354,32.100660553205465,248.83489027856228 35.03579889460146,32.1005623012056,251.00206856967912 35.03604044673906,32.1005069823203,253.09681208044867 35.036275134834746,32.10040885077996,255.27242726049604 35.036694218484236,32.10038208445932,248.39843520532793 35.03683776785839,32.10032717598156,249.5820319632815 35.03711752492718,32.100294434514964,250.5472768895478 35.03735118240336,32.10022928012166,244.35956405944307 35.03759312701194,32.100176639592455,241.13767605863683 35.03789679381831,32.10022200407969,237.52917727308838 35.03813908028828,32.100247457214515,235.7499749847666 35.03836312581224,32.1002872185511,246.6874222035225 35.03862658007248,32.100262355180924,250.66377668759583 35.03907720286239,32.10020226104058,238.55395988504165 35.03926241525531,32.10026605015972,234.007759167134 35.03951430751721,32.10035278669674,232.64087752345 35.03974399653638,32.100383102349326,230.1616129798748 35.039887900922956,32.10033842065774,246.3039931984199 35.04014854727347,32.100429619786276,253.84735089861647 35.04039420476809,32.10047850084475,256.5073778509292 35.040673567857894,32.10055690374842,258.78636505033796 35.04089228724038,32.10060960062646,265.8871789954005 35.04110770955403,32.10066636591548,270.95402984024497 35.04148188308309,32.10075498860401,265.0773922282928 35.041735674961124,32.10084486919947,257.1069661115849 35.04196644220823,32.10097890026029,253.7348307717885 35.042212809722805,32.10102944513861,250.1958041714151 35.042425818763306,32.101117533526434,248.42056257577 35.04266961403343,32.10123059024861,249.92216316745558 35.04293644591146,32.10131202772821,247.91201592377809 35.043234050181226,32.10139504494125,240.14693368222578 35.04339588991825,32.10148258852902,243.1399075228461 35.04363661454471,32.10155623619504,243.62435258155733 35.04388155449265,32.101626872116576,243.0336545741356 35.044137223355904,32.101735462779736,246.6774392936125 35.044406869030624,32.10183302069178,248.96388261647982 35.04468607386679,32.10188506532607,247.3674029081302 35.04489333158444,32.101986899446985,252.20767004825456 35.045194627897025,32.10208441661547,249.38633914318132 35.045424106231955,32.10215298641103,251.05415186304361 35.04568126063606,32.10225101037935,254.8016283647513 35.046371382872266,32.1020819785351,280.9639762589491 35.04625150174149,32.10237718777399,273.9627118873444 35.04652289762875,32.10239232075974,269.94340742401084 35.04670789628004,32.10241192697833,279.8398989104319 35.04698646853726,32.102452994690736,288.4554984450749 35.047277270002894,32.10247418853803,295.3884100763786 35.04760464758971,32.10248790256133,292.12016265262804 35.04792913530949,32.10241852590655,297.818698001715 35.049161029622624,32.10237277193176,292.84075452365596 35.049674151891224,32.10233511523694,289.60172018104845 35.04982090044245,32.10228030272276,297.14605930001994 35.05001397767016,32.102212945228416,309.04950050464913 35.050300974249936,32.102139318552325,317.38318357794134 35.05057311647292,32.10206344287139,321.99754399082985 35.05088937028723,32.10202780760822,323.84001687836246 35.05114550036828,32.10198487588677,327.5661885477738 35.051417622412835,32.10188671278498,329.431977543058 35.051723273039165,32.10186147678582,329.01122397268847 35.05197302605701,32.10174466907079,327.8234979165112 35.05229786586629,32.10170256498007,327.59516279665235 35.05240760355537,32.10162945101801,333.70396268209265 35.052697214879856,32.10156989016076,344.67647140483245 35.05311298272457,32.101549990219574,335.4695507212319 35.0534038983944,32.10145679385002,334.11934376844505 35.05365471657535,32.101413694818206,329.40357731108486 35.05397442553703,32.10138491757963,327.20167127418375 35.05418263366465,32.10130544344631,333.1643530447532 35.05455378124258,32.10125738571109,331.09441793536513 35.05477605519358,32.10121647380705,326.7441742278599 35.05512853907707,32.101152867535575,320.5560481634524 35.0554958041843,32.10110143025602,311.9188889153115 35.055751270486084,32.10101808993887,306.0716991260517 35.05595791082453,32.1009757528002,315.74173661486265 35.056276213807024,32.10092391708496,320.75201134974054 35.05669237550959,32.10085757931161,317.1459424795931 35.05689129667461,32.10079081185334,317.4860443493967 35.05720687124271,32.100721394904184,317.8420710392168 35.057521298965355,32.10068830271668,314.8682871863342 35.057926174688504,32.100689767372806,301.63246448528696 35.058204433941455,32.10057031253843,289.6628380626748 35.058504985379045,32.10052971774153,281.55471498249386 35.05873854573786,32.1004857603308,282.66534908299536 35.0590898780582,32.10038417325432,278.2532927489658 35.05936407129904,32.10037142293277,275.3925138016197 35.059684730798274,32.10027777922644,273.71566210846174 35.06000753709609,32.10019774995509,271.14678664374645 35.06029656150631,32.10015092464773,271.21106479327807 35.06060973412785,32.100060876311375,269.93100714700444 35.06095444118485,32.1000100458202,269.764261619865 35.06128988630165,32.09996334086699,267.8035670773209 35.06153753477256,32.099870888057985,263.21412958038616 35.06181160109414,32.09980845277931,264.7408144156926 35.061902449726176,32.099699872120716,285.7055872715692 35.06224640762234,32.09960408825977,296.4181958844663 35.06256833851651,32.09956679171635,304.6471588777781 35.062721635138146,32.09952252030701,318.1305809697977 35.063140274018586,32.09945339231342,318.0131618005067 35.06359146868016,32.099417958202594,304.6384940271994 35.06378706420541,32.09935781658044,296.06103843410006 35.06408403291652,32.09929519845153,290.0023467436389 35.06439894777491,32.099228876452294,286.0448655435412 35.064704087484344,32.099186310411916,282.0154455095433 35.06496697957544,32.099138971197135,277.6580261560276 35.06519286289475,32.09907952339395,279.13779473817806 35.06516552250097,32.09893052522479,301.1972272624785 35.06567565595421,32.09889320987989,303.8735871049476 35.06579112179649,32.098824419989626,315.0001958799944 35.06596682028278,32.09874528031895,330.8492949142863 35.06630740129949,32.09872203536794,338.5547776342051 35.06674761158696,32.098664421391405,329.92202098360843 35.06679332904812,32.098560871833676,339.59702479969167 35.06711546112421,32.09848893659811,341.61897460965054 35.06722490413352,32.0983971597146,350.6469558003946 35.067686079509976,32.09834068447658,343.34656916168905 35.06793849088681,32.09830216992768,341.2675068488064 35.06829014664114,32.09821223945273,334.8496513639939 35.06857447956566,32.098163885998105,325.53750008618204 35.068480983510575,32.09807156409553,339.6085288696513 35.06879294339349,32.09801673833633,344.93213565863596 35.06900939650148,32.09795096430348,347.7246072593363 35.0690729392515,32.09790747050322,358.18611333484426 35.06962038360661,32.09785581756183,344.2334983971328 35.069694503214286,32.09776936594097,352.21702475760776 35.069927251706375,32.09770983732529,354.6335377396651 35.07026324263589,32.09769649686953,354.0828606395168 35.07058529062276,32.0976003447133,342.1238500877738 35.070870345842046,32.097572749892436,327.21885242145896 35.071116842256465,32.097528205879634,321.7727232252647 35.07125507302835,32.09748377911704,318.2369717537798 35.07130550721816,32.097345352142575,335.4491444172319 35.07221873154807,32.097215830032425,323.31608706913755 35.07203827627736,32.097131397509095,340.98722265559337 35.0724829088143,32.09706250284229,341.2449756223128 35.07286950997813,32.09698041848459,334.5202708606388 35.07302485463665,32.09693615366842,339.20614459543805 35.07294124805078,32.09681929129742,359.8522596245998 35.073502459961865,32.09673042608607,356.1658372436534 35.07377646020912,32.0966837018196,353.0285278092523 35.07402003394468,32.09663076342121,351.4408910765861 35.0743714463883,32.09654722634188,343.3166589093685 35.07453496836473,32.09651169009552,346.11377569497733 35.07458296903249,32.09639202446575,358.69776308953413 35.07504467958844,32.09631278625578,358.7177276590218 35.0751824552021,32.09625717623006,367.4204939570402 35.07559565222533,32.09619683150957,359.7524623044667 35.07562222398912,32.09608873843273,369.4600713909627 35.076053700137614,32.09606074299335,367.73698636344795 35.07611895070137,32.09600251906021,375.1239731746783 35.07656589691322,32.09592577259278,371.0144626736588 35.07701689574489,32.09580358199624,373.66373933527245 35.077209634566856,32.09572754961103,378.0614579387579 35.07750672398228,32.09562152367928,378.0577823763553 35.07755808464748,32.09555060586897,391.2314455514103 35.07817161982299,32.095477140971035,376.76242467013145 35.07822391159083,32.0954009171966,380.20682216610635 35.07881377585659,32.095352644580906,362.4367589389114 35.07888573387903,32.09520813618591,380.2979852119465 35.078982241650834,32.09509426688317,400.6944404159675 35.079646136748856,32.095044340386096,386.7250830820111 35.079808702905986,32.09493403926562,390.11216995205825 35.080092686601624,32.09490203534464,389.57542756343696 35.08039980915436,32.094806518151415,386.64311910893883 35.080606229690645,32.094751396451244,386.32093371130236 35.080849047015434,32.09467480437037,389.5618311460966 35.08117091073055,32.094586833176535,389.088672227145 35.08132474527737,32.09452689200371,393.77537787085305 35.08153638393744,32.09447164907177,407.07141187567004 35.08184500945793,32.094386930902616,407.4606725742538 35.0822037251982,32.094304816589215,404.6405166584087 35.082594154879374,32.09423965532673,397.49557018752347 35.082711471208846,32.09416030080585,402.32149325511415 35.083040573569114,32.094062427191986,399.67235762635704 35.08340996826865,32.0940214843629,391.81006423781946 35.083680983569614,32.09394756637549,382.19648541546553 35.083663927932456,32.093846006363506,401.7254333109352 35.0842729474786,32.093801240062696,392.3797954808285 35.08425671262587,32.093718045106975,406.9096854359211 35.08470507677442,32.093620645506356,407.54349464696134 35.085076803744734,32.093552992624765,399.7040376702265 35.08502464185297,32.09348593041519,417.2012067141343 35.08559331516679,32.09334495495957,428.90425240990226 35.08608687536212,32.093229222226704,419.6448531787613 35.08625740170692,32.09314726771336,420.54636535194027 35.08657149211948,32.09310768042854,420.40821886266946 35.08682975664422,32.09302608787975,416.4905743736175 35.08709309098777,32.09295547009445,415.3418852567812 35.08764051821342,32.09285879218201,416.5929040983789 35.08783530910995,32.092783369375994,425.1221941861652 35.08819082849688,32.09274603028462,423.7351271504858 35.08846278499151,32.092646701405336,432.3240005201699 35.088758212312044,32.09262742484555,435.0888326816753 35.088980979254124,32.09255860134895,437.0553242397094 35.08947166934711,32.092520559930904,423.6106671967915 35.08969401782813,32.09252329370374,418.4122036713342 35.08990134528062,32.09239902696873,415.6636618913547 35.09052684027583,32.092402681990784,401.1182453359661 35.090653111856916,32.09239527064959,395.5862614397926 35.09094287728585,32.092387408410666,391.40961751862676 35.091193611696255,32.09235517271606,384.2159677743119 35.0915684539932,32.09235780787825,384.83473927866703 35.09169727568112,32.092345222823,391.44437346984466 35.09215102622156,32.09229007977566,390.29994589745417 35.09248708528805,32.09218438465952,387.34022102292965 35.092646064229186,32.092369225208614,390.93389161127294 35.09306020934523,32.09229498076028,384.25747079679235 35.093373434777824,32.09228741238627,381.64621141327746 35.095490199056464,32.092390446693855,379.0349350526067 35.09587881099868,32.09233988590357,373.6800239905484 35.09618123469292,32.092434810754206,371.253009293771 35.096393804138366,32.09242912352313,375.6599107664151 35.09677863854089,32.09242622213306,375.032360629463 35.097025806372855,32.09234815098635,381.25405307925655 35.09743982931497,32.09237979358389,377.70294299693745 35.09766960230633,32.09239266145139,380.59554063499877 35.09800027900438,32.09249938805631,375.9731613920841 35.09836729464928,32.09254597042601,363.99498347856843 35.098633615855164,32.09251250860885,363.0983299019649 35.09888100636225,32.09252132463789,370.35896663824343 35.099311055788036,32.09255183364696,365.5849011594726 35.09964020947469,32.0926037620404,354.28889608456035 35.099758863242556,32.09252704852247,369.091703185856 35.100344644424524,32.092594671132886,355.3176230012749 35.10055662706563,32.09253981926869,354.36052347925795 35.100890831573935,32.09259521180788,351.4828445783344 35.10113049973365,32.092599646513825,351.82865213898424 35.10156450066928,32.09257275488773,349.15723909914686 35.10180225045764,32.09263009756625,347.9954942317544 35.101984540438124,32.092540436179625,362.89869902788644 35.10238695755603,32.09263085118549,360.78842576323154 35.10277995340836,32.09257885100393,358.67187007839846 35.10286903019147,32.092629812353,371.12026866760976 35.103277902578384,32.09267555599818,366.0542103481204 35.103558895972306,32.092715648514314,361.9834950334852 35.1038341583414,32.09275204043913,360.77932444289746 35.10411783162652,32.09277565413165,359.2570909368462 35.10440238695272,32.092796478179665,359.3856381174402 35.10457688620423,32.092916010425256,358.10724423214504 35.105093546159786,32.09285137418455,359.31354978522825 35.10518104442647,32.09285060428694,366.61861958057995 35.105566276896056,32.0928713040895,366.23461892257427 35.10590440075194,32.09301255304433,355.76506412700644 35.106125911556695,32.09303250373734,359.1834168430848 35.1063222467571,32.09308040455101,370.38819665019616 35.106703632011225,32.09314875251356,365.41199213441143 35.106983463988975,32.09330824686688,364.05670239861456 35.107325665335026,32.09335268079482,358.7111767351995 35.10751485827019,32.09335016898375,359.3060891002301 35.10781718526291,32.093456841593415,356.86999731366643 35.108060235100105,32.09355398529486,356.96063506874805 35.108235769039474,32.09361098673984,370.1056242471012 35.10872338585705,32.09379594245851,354.4440025941643 35.10892888899982,32.093793709270734,356.67086147286284 35.10908850191071,32.09393333190055,359.7281202551593 35.10941267721909,32.09405045428385,351.5538600352651 35.109661456696905,32.09412614761636,353.8098103873007 35.10997248536669,32.094225555522655,352.907260768719 35.11018913624481,32.09434368769263,355.1534707733929 35.11048840561733,32.09446651287128,355.75924371807605 35.11067133393143,32.09462762602283,358.10418787700615 35.11087279000998,32.09471839733214,367.19995759294056 35.111183678335344,32.09484763128146,367.3621655880442 35.11137358775884,32.09493149827787,372.9137469203841 35.11171198272844,32.09511168055903,367.6344781725456 35.1118485334951,32.095237324973795,367.87387632773635 35.11205089996481,32.095380834377686,370.7896269042658 35.11234400841474,32.09549134057244,371.28439320197896 35.112583673089496,32.09559943910801,375.36616407716485 35.11277003350251,32.09570530611169,381.12080828274486 35.113021693844985,32.09581447892698,381.45698543657375 35.113366899154705,32.09597748673678,377.62179668419594 35.1136060710655,32.09613296486345,375.65763787756856 35.113840511271654,32.09624983173582,373.1437954374909 35.1140878652941,32.09634102971397,373.58024465426246 35.114384084697605,32.09652933561822,374.04011800438514 35.11463483787372,32.096607572134744,370.99757635355235 35.11486576040267,32.09675292701451,371.62164727357197 35.11511351319938,32.09686164333403,371.62042326721064 35.11528818259916,32.09698112361622,375.78878622922184 35.115604021019706,32.097166480001164,369.5757482389524 35.115825152562245,32.097259931351275,369.75489516023566 35.116007328380036,32.09741267876293,373.25730165438364 35.11625558656229,32.097478323497285,375.09341448022724 35.11650363615118,32.09766782391995,373.968378198213 35.11686770331319,32.09772640076454,369.6327326312752 35.11699555697391,32.09793354465199,369.1346214900974 35.11726620679963,32.09804541885069,369.0783371918171 35.1175232007734,32.09813129512061,370.31802693741406 35.11772066088714,32.098234269655755,372.10384688908425 35.117865318087325,32.09838637964703,380.87408635446 35.11816094823677,32.098493963664716,382.1489887526259 35.118455006686894,32.098599461148915,379.3795894305222 35.11864038728844,32.09874101340869,380.8340581760276 35.1187613129436,32.0989177396587,382.70529368107674 35.1191471464356,32.09899640930678,380.45503320517247 35.11932925291893,32.09911423912317,379.4595751988624 35.11959590806931,32.099192891896564,378.46748754950625 35.119756941543585,32.09932656086789,377.0506212628194 35.119973094663564,32.09956133331023,381.5176643213732 35.120277211544966,32.09956954309194,379.51786792004077 35.12047919550619,32.0997162314265,383.51123767889936 35.1207816249089,32.099837634748376,376.303635390836 35.120995005661115,32.099929554030616,374.6268448106675 35.121161399434044,32.10006238795086,381.0505437948366 35.12142113091366,32.10018642033828,384.87938047565683 35.12162569985863,32.10036603126933,386.651350388718 35.12190453200981,32.100466556585204,386.1622991548028 35.12212696802615,32.1006003090843,389.5809258416836 35.12241255263642,32.10071644351283,387.2404168764135 35.12266514561328,32.100869564220744,385.1151786984693 35.122823177596025,32.10095110554563,387.0155806369579 35.123061593958866,32.101077335237036,387.10734956728515 35.12333562739804,32.10117560451879,389.1672313970771 35.123593975814906,32.10132971362334,388.37689186830943 35.12379339740421,32.1014933116248,389.6125384495505 35.1240355009754,32.1016393774623,390.9677551493638 35.12428989895468,32.10177541527359,389.2790849752578 35.12453600407704,32.10192331070927,388.5201510476591 35.12469995537015,32.10209150092317,392.6074836463372 35.124924464280994,32.1022568845317,394.04723215161613 35.12516308512156,32.102337548686016,392.1484890120471 35.12535137826478,32.10253247733412,394.92987875346796 35.1255744407482,32.10265465515625,395.87618230357134 35.12582249265224,32.10278250457755,398.84520678320456 35.126049919952166,32.10292218072338,399.73784370006865 35.126266827945464,32.10304028840826,396.15831528085937 35.12640705941045,32.10324586361119,398.3817300966995 35.126635719182474,32.103353697311086,397.4136409592946 35.126845860629366,32.10344688554572,396.26278622986734 35.127048384349195,32.10366453104415,403.1817680127415 35.12727101877879,32.10373215322566,401.48975921895556 35.127487870739685,32.103869156478346,400.7815864719986 35.12762933570526,32.10400340470157,402.10392382670216 35.127872962115994,32.10419431184577,404.0539563984313 35.128142493400446,32.10426785483126,404.85992260795797 35.12832459996641,32.104428153979924,405.1242490035457 35.128527581129966,32.10455048818433,400.013046696771 35.12877350141065,32.10470457330444,398.78285232837464 35.128983137022594,32.10488722525795,400.6314546751735 35.12924227499017,32.10496571852726,399.4049502919296 35.12944490475256,32.1050590656943,404.56497523510836 35.129722899231936,32.1052542023959,400.6948701816816 35.129961452816424,32.105325982934296,404.126353997854 35.13020741208408,32.10545190577868,401.9716982852554 35.13041371527572,32.105553987123386,404.4380323598454 35.13067769609489,32.10567889616256,401.88389598533695 35.13093971883478,32.10576313933241,403.9311422952128 35.13114766373455,32.105921074363096,407.3723538961501 35.13141261768377,32.105996286459565,408.8204259623196 35.13166530315258,32.106137491166564,412.12799076146126 35.131896291478576,32.10626482643826,411.05874030857024 35.13215206877727,32.10633272530052,409.3229160679938 35.13243130344547,32.106439183869625,407.50903042479655 35.13268956753732,32.10653407028029,407.94412822579477 35.13287540555086,32.10671252740934,408.76476691223525 35.13318028809383,32.106793738667854,407.6791175117668 35.13343286213256,32.10694834441891,407.89820725280447 35.13363238380662,32.107087428473356,410.78908629135174 35.13394166532086,32.10712652178785,410.4772926178189 35.13415855674578,32.10723840002202,409.6493761734357 35.13443542519988,32.10736778368665,410.94887625598244 35.13466252211873,32.10749657500294,414.8846157624332 35.134906441239565,32.10762076245254,416.7071232250947 35.135181628710484,32.10769980601671,417.2719667793756 35.135366810403525,32.10781789178788,416.33017994084196 35.13563560629699,32.10790055264169,416.91406416180496 35.13585397488281,32.10800077453223,416.6701163524246 35.13609896044305,32.10815142764585,416.7476484659884 35.13630917166194,32.10825636967351,416.4492720474552 35.13653030885371,32.108329351117256,416.74500990146277 35.136739212427344,32.10844740845424,418.6846091974957 35.136938790563924,32.10858017332018,421.82716108375445 35.137205205736116,32.10861636640723,421.1161578315949 35.13739819358343,32.10875570387829,422.4330581659246 35.13760895385755,32.1087742664744,421.6429816502002 35.13778890127885,32.10885087943594,429.91405685331586 35.138075035989765,32.10892206098718,422.4847288607092 35.13817503725514,32.10898207681352,423.32707003599995 35.138433825168335,32.10907918760908,424.89452948702615 35.138478545034246,32.10912821901424,437.5742169892553 35.138665478542066,32.10917834422281,444.02438366328397 35.138887689813814,32.10919700268442,446.1556403568603 35.13907783530891,32.10920153660801,449.7817882867197 35.13924126045879,32.109269968687514,458.3006699559977 35.13938082961252,32.109330354489536,459.4040291091264 35.13948070734685,32.109354129379135,463.97029074021395 35.139639170907174,32.10936800789603,467.22370458473017 35.13983499176488,32.109419819237615,453.1279056393464 35.139947127201005,32.109395531645134,446.8160210269915 35.13995412569237,32.10947396279692,442.9073359719114 35.1400348059972,32.10943243919991,440.9732285209211 35.14011710069248,32.109430273876555,433.8857025604284 35.140068125785625,32.10945288852413,435.8640932271528 35.140008179507326,32.109486350300706,441.5720539763387 35.140102908090135,32.10940685589159,442.4074592617212 35.14013183489526,32.10942360776291,437.9930883372392 35.140028708138146,32.10946128522971,441.4365513083843 35.14013315353411,32.10939340633781,435.85816425736425 35.140122144547504,32.10948031159409,435.7846646065784 35.140170588206885,32.10945032402539,431.65409352437314 35.140179245625255,32.109453908578125,435.5602153323115 35.14024969046269,32.10944598490645,436.22535672115555 35.14030271435426,32.10948169901032,440.2413081344002 35.14040976112195,32.10952156930537,436.1785888099706 35.14051662497377,32.10949280599009,435.9909124956417 35.14061080014262,32.109521926360465,434.8381011044106 35.14068112298285,32.10953050468697,437.93762869004377 35.14074537454385,32.1095101187086,449.49672432264083 35.1409904519735,32.10953111820252,443.1537511387395 35.14120554922971,32.10948491434009,435.2271281492957 35.14121762804735,32.10952006540283,441.5191318035261 35.141538753435086,32.10954630726869,443.3546431602259 35.14199182884492,32.10958126159437,435.0331830000608 35.142156688579725,32.10952724559527,435.0762951069583 35.142267956572056,32.10957552022753,438.39978347468684 35.14239948713544,32.10959307185369,443.17802279472414 35.142632930762375,32.109604240818285,438.1285189436045 35.14294996206611,32.10958109287,432.8929914558745 35.143135846787224,32.10950741241689,434.79870170620546 35.143149832991035,32.109615074182884,439.47602310748493 35.14346873101404,32.109543790171166,440.56041040512537 35.14369254767179,32.10949314493637,443.2274035079512 35.1439434079834,32.10947260822985,443.27982108489425 35.14401179943096,32.10951192994323,451.66055546874327 35.14432778510231,32.10946944093487,449.12593707135227 35.14457103513201,32.10948570367276,443.31517874905103 35.14485586597311,32.109392720653084,450.43564313279876 35.14494614740526,32.10945900548072,452.3832017973224 35.14536442598458,32.109335998531414,451.0991657143197 35.145576029189726,32.109312264945515,450.1433072523031 35.14585435686204,32.10930682255442,453.1810006816278 35.14606485024139,32.10931865777698,453.8903382152555 35.146260081497395,32.109302398948905,460.6152692651914 35.146608919750285,32.10932634150092,452.0816729486364 35.14680015295872,32.109280832675864,451.55999409704305 35.147060820528665,32.10926695511526,453.6236137686593 35.14735679638698,32.10921114537651,453.6723732595352 35.147543658243656,32.10914117570467,459.83613422948076 35.14787123081373,32.10924555627691,456.2879871032853 35.14807481773312,32.10922084796161,461.0469130213363 35.14846898693871,32.10915438618632,459.8753601230395 35.14874096961867,32.1091295106866,458.4581787360073 35.14893622901214,32.10915167284899,460.4336291906451 35.14905967459393,32.10914856771359,471.7827144589014 35.149458436210544,32.10910612967722,473.5913989731486 35.14981962494046,32.109149058495106,465.69220279631963 35.14990163695545,32.10921159379,469.7032725091732 35.15023654117091,32.109126925023034,474.43686750776885 35.15051834419337,32.10913908376874,475.32917529982194 35.15089025330738,32.10913704891117,467.7507595678722 35.15105888485936,32.109179368569315,473.3955773972485 35.151361895104344,32.109158419210615,474.4662467426977 35.15167267634737,32.109079583537834,476.2983875929907 35.151855336079066,32.10918897376106,481.12559343897715 35.15221469378541,32.10922514677142,483.8728356682461 35.15244839680019,32.10919943378617,486.0754220268991 35.15266060132242,32.10923856925724,490.69733580864283 35.152914431756095,32.1091822188825,489.7718494068634 35.15323923528532,32.10922433093255,489.30680407563705 35.153508432144136,32.10922583404186,491.5599711794868 35.1537084000518,32.10926488172595,492.62739999243496 35.15407198841705,32.10919818358597,494.1421832362919 35.15421081060713,32.1092969489914,493.0314893617618 35.15464404345942,32.109211762313656,493.52770593121113 35.154898432319634,32.10924541428159,493.5507953187264 35.15511997057216,32.10928732338366,495.29094747586726 35.15538280565526,32.1092097727129,498.59313388960265 35.155598805833904,32.109326392397534,497.58208527327395 35.15596425587614,32.10925699410368,503.1242731936593 35.156122072146694,32.10935476238207,503.57347344871965 35.15651858709195,32.109283595959376,505.9259175443003 35.15672048443164,32.109323867354924,511.1499112690086 35.15706922059207,32.10930057907124,506.99985061585573 35.15735561856352,32.109283975851994,505.249517514368 35.15758664035741,32.10932509392454,505.3220003749227 35.15791011660232,32.10930081069353,507.3982249367318 35.15985476315279,32.10936564532408,511.4330784135964 35.16020201871369,32.109268624959526,514.1279464079299 35.160233525051645,32.109426632280574,521.8270962490676 35.16139220340046,32.10950829539907,502.3346273306461 35.16144339900394,32.109438986726616,510.46891746759195 35.16183066289081,32.109398550729985,511.3298653439342 35.162049286107134,32.10950183835075,513.8475911903653 35.16242586856183,32.10942325517232,516.6193777428235 35.16263397892882,32.109387215799124,519.6230809955177 35.1628092287628,32.10954732616113,520.3028000185627 35.16292327665868,32.10947206946456,526.4045399025707 35.163435298517655,32.109485216914926,525.26151872697 35.163470703261154,32.10954301801881,524.3261383186419 35.163745730524454,32.10956754883805,532.8654121714592 35.16397709473839,32.109444612199226,532.3907938729469 35.16415700208333,32.109516285785986,526.5103348230591 35.16444381435806,32.109424410567854,518.2557863791785 35.16447516302582,32.10948177413948,513.9026803545033 35.16452330475046,32.10950731383462,519.728210726132 35.16467273672597,32.1095175997067,526.9732883649257 35.164783582077334,32.109509744954565,526.7190928245552 35.16482172248173,32.109492732846746,527.0973520018572 35.164880742914,32.10944653047323,529.5450785710764 35.16490305095345,32.10940105721366,527.9615345381121 35.164901076895056,32.109325593699666,530.4933276212346 35.164928342604746,32.10925200397576,528.155983796993 35.1649585326031,32.109191724243274,526.0402953347083 35.16502640023741,32.109117951872676,516.7156586231961 35.16502090544983,32.10909468277388,526.4682540752015 35.165076916406534,32.10900278095081,532.0216098492607 35.165140485652365,32.10893077549524,526.4509011982689 35.16527853339603,32.108878673355996,519.3714117632724 35.16531679888599,32.10887047756264,518.6444575335884 35.16537476164603,32.10879043735714,519.7085930372812 35.16538121529441,32.108784314295335,521.741913303199 35.165370211612576,32.10872405779548,526.7682238440949 35.16543968255103,32.10863757025227,528.2916817859925 35.16550345537328,32.1085875039058,518.4020564299481 35.16550872945539,32.108521244831465,523.7270893930554 35.16543586134666,32.10841586781586,521.0636525734116 35.16541531338459,32.108322153075704,518.0027940660659 35.16524180839644,32.10821861917955,529.5978743565415 35.16536563912869,32.10811306077973,522.3728337823236 35.165260726578495,32.10799414643664,523.2291085848926 35.16529505319382,32.10783907888623,520.1954899039918 35.16530831909942,32.107786217482015,520.8054662155546 35.16509930604938,32.10768570814285,514.4183145960066 35.165239806001566,32.10749138935085,522.2451136481252 35.16507458876133,32.10733456998269,519.0152827084415 35.16497072701682,32.107191624640734,521.3417049524992 35.164915445485086,32.10703104283484,521.1680116689545 35.164946056672996,32.10686714794356,523.5689733320041 35.164787345635496,32.10674552318666,519.5839523070673 35.16476961158132,32.106600159257084,517.2234383916702 35.16480680994779,32.10644608284996,507.4302206897703 35.164677814127714,32.10626027632675,506.338636487545 35.16454711748618,32.106104168531395,520.9732969330313 35.16452174870851,32.10599078267897,526.7271832114241 35.16453597658081,32.10584618106758,529.8754183031353 35.164562126685226,32.10577799729056,527.0715464849026 35.16455515871589,32.10558771492976,523.7870508498885 35.16451872585679,32.10550676833402,524.509901841728 35.16446251388985,32.10532069174158,517.6077170783826 35.164339501739086,32.105146133203476,513.3348964407602 35.164352290684754,32.10504413293227,514.1520059450595 35.16420463680447,32.10494825975533,520.1448356307064 35.164159958858725,32.10481231897282,516.8614788755834 35.16413890986623,32.104631535808345,513.1717221837905 35.16417905165547,32.104527365889474,519.805129805944 35.16403429298951,32.10437003898899,515.2825086850429 35.16395343773899,32.104185263933,506.92082544485254 35.16398031608168,32.10408875455809,508.68881948321973 35.1639357308182,32.103952015142966,507.28484384242756 35.16378121169169,32.10378118615598,503.3111904521904 35.163896498960504,32.10367996553726,495.8295128262811 35.16371512812104,32.10362243457163,504.5040900660546 35.163821409584074,32.10352336520035,504.09976902184076 35.16367269891705,32.10341134963318,495.6711846900573 35.16362962188384,32.10334957974544,493.6405487686769 35.16382844235953,32.10321472997462,485.4636672973335 35.1637011637723,32.10317765155292,491.9667166154809 35.163753893203,32.10306305398914,488.08180427811874 35.16371515478614,32.10299966911059,490.0275049804326 35.16370598666899,32.10302114001349,495.33651543427357 35.16363343216298,32.1029880140714,508.4135962357192 35.16367069941534,32.10294429487331,512.0285997268543 35.16378626013928,32.102872450612516,513.1583592400093 35.163707659696186,32.10280464252454,520.4566999761856 35.16377213968854,32.10276470674748,512.906904814034 35.16384852127791,32.10276181142912,513.9482664684305 35.163905073260075,32.10269017864166,513.5717427000546 35.16389471249523,32.10261597465675,519.2508146411094 35.16391349087976,32.10254337242305,522.2731309511339 35.163875850141785,32.10240720868903,523.2518918287595 35.16397139897601,32.10231974130653,519.736030267518 35.163888034865145,32.10221328014209,528.1169863977234 35.163970928515226,32.102122396992996,530.4495935897829 35.16418017728963,32.10201528278785,511.7592200620161 35.16418594635913,32.10182217744347,504.79821214223705 35.164267135531716,32.10164701629773,497.4256749336432 35.16435254482104,32.10164254355073,504.9212580364913 35.164459285827284,32.10154717712126,502.5597332671599 35.16462112496441,32.1013949354577,502.5410083996724 35.16476641784326,32.10126870118284,496.497666984335 35.16475373562197,32.10117193289561,508.6579347868013 35.16485641537313,32.101061544352426,522.3387250380937 35.16520499731162,32.10093376736818,514.1165400093105 35.1652636569263,32.10086756651556,513.5626918044092 35.16545144226905,32.10076371913673,509.2926762167283 35.16572782044878,32.10066900598418,500.92163199610434 35.16578242198157,32.100580013629276,504.9834967226606 35.16600719234608,32.10049689319575,499.1158670724568 35.16623522787389,32.10040543500026,498.35341312345577 35.16641392331123,32.10031048827324,498.49059107365406 35.1666021902881,32.100205210242954,497.69772149229834 35.16677736590083,32.100202201247335,499.5407091520252 35.16701577914932,32.100122686117594,500.2867820068303 35.167221944573946,32.100017123897764,496.4446524812589 35.16742635244163,32.09998081147085,490.54997692470545 35.1676250599299,32.09998621785389,494.848418255992 35.16783829882481,32.09991260217006,498.0930696769548 35.16802080771341,32.09992102218435,499.4984443722151 35.16825760550275,32.099858138752225,504.4751774539885 35.168493206834775,32.09991479810493,509.43073688002164 35.1687573350887,32.09986199681992,507.45719837495403 35.1689934421412,32.0998472460959,511.65318453240866 35.16911736256806,32.09990056077794,523.2647774404528 35.169457894457395,32.09986506152798,518.1315514070038 35.169578916687485,32.099896042283454,527.9326866247637 35.16983238055089,32.099915573908405,531.7764190066474 35.170233347714564,32.09998249159412,513.7230205182639 35.17035161747111,32.10006019148121,517.0478000187771 35.17047616360237,32.10005328106538,530.6337142048816 35.17088501275457,32.10016268923293,520.1416719920662 35.17106042875689,32.10019940906249,521.0728818631914 35.171219599846694,32.10028467223112,527.3437869306688 35.17156424428464,32.10037783718345,512.7337144942046 35.17176083693909,32.10046178011034,511.3726913431768 35.17193469206353,32.100522190008576,515.330340510633 35.1720906758158,32.100643598892354,520.0323472826739 35.172241531225424,32.10067285488644,527.6835552296692 35.17243960076011,32.10085278113049,530.0896978383668 35.17273958603325,32.10090167543238,525.4150082383339 35.172839306184336,32.100957714186,527.3044745307068 35.17306662783197,32.10103124372101,522.869922216026 35.1732327128885,32.10113231471031,521.6594506745056 35.17333584555939,32.10121032372216,521.4107414608422 35.173461094902876,32.101261341573725,522.3020936263259 35.17351617380018,32.10128837450481,529.6757431020447 35.173648111094025,32.10132477760338,529.2427350861592 35.1737223986185,32.10132393584447,529.4566909563848 35.173716794955034,32.101287090793626,537.8587176727681 35.173968273009244,32.10131325187325,527.5306654198853 35.17402194630326,32.10140141776493,525.8509207361535 35.17418844178952,32.10148532926262,527.6520192858966 35.17415876371355,32.10152168200453,525.3255437654677 35.17415414137384,32.10158228792344,533.5050646632608 35.17431801879731,32.10163175373184,526.660711044201 35.17431737242523,32.101586227574906,532.8813632597365 35.17448593490178,32.10164004818643,528.1155750569712 35.17456599327313,32.10179005224086,526.8223917307675 35.1747729676299,32.10178575545538,526.6921540472897 35.17481012563006,32.101824690622166,531.5378986436483 35.17500888593759,32.101822302337176,516.992109341948 35.17500409776791,32.101994904384355,518.1115460108979 35.17521241735501,32.10190901523086,519.5063360076779 35.17557132658828,32.101892595847154,520.8951223759992 35.17567257667274,32.101999778246075,519.4418700873814 35.17559483251948,32.1021783077042,523.1474363383065 35.17567490555522,32.10230410933828,534.7097844921723 35.17593942592349,32.10233368465496,534.103569378788 35.175978070307764,32.1024156158492,542.6843358736329 35.17634240432668,32.10245088169479,540.9765024225491 35.17645667816143,32.10254713372703,540.1478113387989 35.1765037463037,32.10259227587631,546.4757334974322 35.176614220660625,32.10264772756309,555.7754738639942 35.176945238530564,32.102606432918186,547.5610031441157 35.17690052639459,32.102627078339985,555.9944817737329 35.177260347299324,32.102655735368415,557.5923313364051 35.1774039370463,32.10267259640757,558.5749187090385 35.177377340522284,32.10265405137891,567.4443550546712 35.177660276465446,32.10267317150605,573.0066465437732 35.1776776562771,32.10268338855928,587.9865368576943 35.177882857913424,32.10262888675426,582.8043369677073 35.17795929606003,32.10264231109348,580.8212255581949 35.17792874487406,32.10264386397922,596.8841719564424 35.178205058945316,32.10259675718054,597.6506123919673 35.17843321063956,32.102614738405826,601.1635716705839 35.178452000312696,32.10249918276319,588.8457622405599 35.17852953495976,32.102521689099035,583.8265149000049 35.178603784132775,32.10256034540859,582.7555489339923 35.1787000374189,32.10254593053676,578.6578321619464 35.17881222138024,32.10248367672509,576.1671901969406 35.178887965584934,32.102396871592425,572.2416559490491 35.178865547870245,32.10246211486648,572.2137711527372 35.17895818830304,32.102454399670165,578.6175382767999 35.17893143003122,32.10246661153322,588.0462864028333 35.179022794848585,32.10249338408952,587.3320518211677 35.1790681663788,32.102499702045094,587.3740837625099 35.179114077394864,32.10253631740593,589.4938026564571 35.179277282898894,32.10249301078084,590.830279749565 35.17952686637084,32.10237802052914,581.0887297848329 35.17957477189105,32.10240698691216,579.7279704576421 35.179623430187405,32.102441042573695,585.9595976314552 35.17964505186545,32.102378863199505,588.3446305251432 35.17975948844715,32.10238765141762,588.2821324495332 35.17990718514893,32.102457212874846,579.2487489868699 35.179748414487754,32.10254498050432,579.9551095529607 35.179963445902104,32.10243624291387,578.5668817932356 35.180122448360066,32.10237370411509,579.9043168603096 35.1802217651433,32.102516724612315,582.6381062697096 35.180345940430485,32.10244564209651,583.3434180157824 35.18029399001834,32.1024224837092,596.3830981996492 35.18041060957741,32.10245870479339,609.3836695196701 35.18057029648695,32.1024609462656,610.3805082568941 35.181376911371046,32.10249839266238,598.4016720028251 35.18148023789951,32.102547808647884,595.8526240395141 35.181505388105016,32.10252712740514,601.9101058735157 35.181643053190825,32.102571592657846,608.3587621651247 35.18179089820338,32.10266198090357,608.69667990114 35.1817609867846,32.10269782765536,620.88676525788 35.1822086198103,32.10270939392301,617.9684453442871 35.1825005998737,32.102782470552974,600.4160274836173 35.18251862391277,32.1028448401206,603.347800925528 35.182813725704335,32.10300201546815,609.7569494103227 35.183887129450916,32.10324794741604,603.9794339451574 35.184082146146146,32.10330141454105,599.9795245168102 35.18427472160686,32.10335872811031,595.6817204480365 35.18443144403511,32.10338315215012,598.5213770810822 35.18464194569497,32.10339798896221,590.0955329762986 35.18480183415439,32.10339721878876,591.8598135363833 35.18499152488457,32.103469840513654,591.0752617096521 35.18615900491704,32.103577164289504,595.9071176921757 35.18621051068262,32.103610722860886,608.3256907092086 35.186973821728515,32.103598144767005,613.2077762018105 35.187270371816396,32.10352502356358,610.8557936038272 35.18737681705957,32.10346425526175,606.9870811601157 35.187484553504696,32.10339277469762,613.4396999429065 35.187472481081635,32.103481411290986,614.4309462291154 35.18750919519696,32.10351457663953,619.4916312986682 35.18767907487371,32.10359689029721,613.1653419560354 35.18767183230492,32.10359109405118,624.6705766488053 35.18816465165417,32.10349524419078,638.800223094983 35.18879762297255,32.103410669315224,630.2202745338247 35.18925491440287,32.10334370818639,606.5917864465255 35.18917515888089,32.10335813532961,608.013084320405 35.18946929916715,32.10331214185891,597.6017009115221 35.18950954707222,32.1033294541139,603.6170820619614 35.189709345910536,32.10316368135001,606.6673706974253 35.18989766212211,32.10324381142428,611.608733585995 35.19005552069634,32.1032214412277,610.5260867054288 35.19029098681555,32.10312932724278,610.4316799630117 35.19144552322874,32.10292285635423,608.4440038575864 35.1919184450771,32.10277927487906,607.4187706397245 35.192074328637545,32.102753452268374,608.7798453721914 35.19212553958233,32.102827069130555,617.2232719386577 35.192319955009495,32.10270774020289,617.4549320079047 35.19254895571397,32.102722961186124,612.2417653926411 35.19277736810111,32.10264685051317,610.8578675773667 35.19300772769561,32.1025639771168,608.7569046723568 35.193172189254206,32.102489054186,607.5896316714989 35.193504703305614,32.10230202335413,602.9741509425551 35.19357268550109,32.1023757560441,603.7375252444643 35.193697818629026,32.10228487291951,607.8820405699927 35.19395914319086,32.10210829241316,607.7952837503758 35.19410881502064,32.102119689562144,602.5303530071008 35.19487445556041,32.10179363039795,597.747767887214 35.195698434738325,32.10126105869282,610.211422235148 35.197427250404836,32.1012587980258,620.794088724052 35.19811468399725,32.101359152634494,611.0394387755422 35.19969894892199,32.102045252347466,623.3340150597978 35.19983539300895,32.10210028566119,624.7391740362025 35.20002988748984,32.10221290136565,632.9175628592445 35.20007435172782,32.10220276634064,636.7710434391013 35.20021968520697,32.10229144199527,636.6104274252231 35.20153598796671,32.102664558658425,630.9106736771623 35.20160300136846,32.102695835902246,638.2702393849655 35.20172914415413,32.10273231709478,642.9262888067315 35.202016507998934,32.1027752167309,645.9860086660119 35.2021551600689,32.102854934365986,648.5804679670058 35.20237665337334,32.10289134836842,645.5459372685909 35.202510554063934,32.10289963844022,649.3425109602478 35.202846425730854,32.10289817367459,650.7384372150874 35.2029682162848,32.10294834207044,650.5071146781241 35.203058307618484,32.102890061637275,654.153316575127 35.203167651130755,32.10288353088488,653.796724120172 35.20323671579739,32.102849369868686,653.0598947007328 35.203325963875734,32.10288343894697,651.6690710877524 35.20331353600424,32.10291378187184,664.122306916401 35.20348031872487,32.103008515709035,666.4060845767641 35.203571949330744,32.103016672521846,672.2360967470398 35.203610744406284,32.10299697823222,676.4810931010776 35.203742386099414,32.10302034626121,672.4955521361952 35.20384943614989,32.102980233380784,671.2786467350309 35.20396778972865,32.1030132650764,676.0849393902967 35.20417393501115,32.10295756955172,675.2906146779717 35.20437086700137,32.102973398355864,676.7753091977766 35.20451035655002,32.10286282708373,678.2529850958186 35.20475687059865,32.10277666234525,680.0898172944414 35.20493119074278,32.10277938358001,680.9573704338559 35.20516744079196,32.10280616659584,681.889644620404 35.20526667900809,32.10285691573872,684.0490684167455 35.20592899355313,32.102607825884355,693.6036405234672 35.20613483017426,32.10257172131332,687.5687190942425 35.20743141589919,32.10228965637085,686.1200649336138 35.20752123860854,32.10216732378822,656.2269775338208 35.207690451769,32.10228541653968,655.7423546874152 35.20795912864201,32.10239433242178,650.9023712739199 35.208388283451555,32.10208179547178,650.3927066984668 35.2085104737995,32.10207037834212,649.5911896186844 35.20851326907536,32.102067942678694,659.1286407647162 35.20865834013676,32.10206651176334,666.1240150841353 35.20880829256275,32.1019546689051,670.3714645745698 35.208931623708445,32.10188524471293,669.5804172296962 35.20911635147353,32.1018270007879,666.0208234844976 35.20914138347281,32.101723969935975,666.7919962520324 35.20925397914254,32.10166134211865,670.2092001248903 35.20929321230495,32.101579366594635,670.4763199374793 35.2094006501578,32.10139372948388,674.1677644348084 35.20949304384174,32.101389132188544,677.3078278477894 35.20958878635543,32.10129330590014,686.8303921257466 35.209657060491296,32.101178209458276,686.1419307331685 35.20978263177542,32.10113798059152,684.9118283471277 35.20975900215508,32.10108551702793,680.2979669431539 35.20951746297899,32.101137817856326,743.9579008449089 35.20981426289314,32.101013316111455,723.8399615215105 35.209950250430474,32.1009321897885,710.1468521163217 35.20999341546102,32.10097859017153,694.743849791555 35.20984125179386,32.101096805856464,728.5660721766542 35.210025433795934,32.10101093295804,723.399215323416 35.21000692535222,32.10112583778949,714.7631374214527 35.21012617818827,32.10106001413231,713.1275675833331 35.21025119266004,32.10111026115541,710.6877333790324 35.21018490957683,32.10101793072802,707.5737213091734 35.21026434529681,32.101279932416766,712.7059036423318 35.21038993723678,32.10129899097432,720.5340941439754 35.21054118239571,32.10140495600796,726.7678007809798 35.210542031313196,32.10143538853802,719.0003167901434 35.210554299951326,32.10143629013192,724.6337470899135 35.210528132341516,32.10165919619895,722.7884500923518 35.210591126736375,32.10170777244446,721.0797753138527 35.21073698235233,32.101666748073235,710.3104856655043 35.21074406948819,32.101887340737534,716.0988903929135 35.21080040513198,32.10195638305084,716.2550672113002 35.21079191936997,32.10209173409417,717.6997245778263 35.21084341360338,32.102194471032945,722.5795471565285 35.21096180493592,32.102220882314285,722.9770199645883 35.21086067123951,32.10240152541048,722.9357864322169 35.210937472406286,32.10249072457818,725.4444304894862 35.210963577835166,32.102601699717944,730.518340474363 35.211076032954225,32.10256235962409,721.2171964978584 35.21110929594475,32.10262587167466,715.2467670272513 35.211166164663986,32.1027368182262,710.195237299577 35.21123212648194,32.10276182236908,703.4838291466351 35.211332011120625,32.10283281544036,700.3397323281398 35.21142174976779,32.102948015179756,704.1937763463538 35.21158018206186,32.103011051860264,708.0453449083561 35.21153631266728,32.10322863339348,715.1827202883784 35.211746018218044,32.10319910498792,715.672051865894 35.2118646586387,32.103280451657085,722.0480575986348 35.211914247943476,32.10334188288547,723.1080914786371 35.211981844902205,32.10339792724392,726.1908193741938 35.21206940796389,32.10352007216965,723.9156646594693 35.21216686269149,32.10358553607924,720.5203300406612 35.21230647705049,32.103607663820135,712.6578815629324 35.212304477883535,32.10362795075133,700.482682876616 35.212485900458105,32.103674517690685,695.7179410647096 35.21251617042085,32.103770065216175,694.574211633524 35.21259073197101,32.10385844798974,695.6438827807265 35.21271318951138,32.10390412391681,682.6235964261867 35.21276836787279,32.1039903487006,683.3781704444117 35.21308157422183,32.10398486820339,632.3894525833762 35.21285740826005,32.10423481233939,652.2246954639116 35.213270246153144,32.104432351062876,673.8933132014103 35.21318930220118,32.104411036909205,691.8781187443061 35.21213977276516,32.10474485372943,697.0038248443416 35.212112112224595,32.10486616081716,699.1509128851237 35.21211258587097,32.104894503722555,696.821372566164 35.21222607850331,32.1050099294211,693.5879733967255 35.214746838020694,32.10092278517422,789.9800377835747 35.212049966987244,32.10510111001395,769.3523622568017 35.21200680137856,32.105125136279895,749.1301882437699 35.21185091251582,32.10522559313028,734.397955810493 35.21189972195099,32.10521989096687,722.3850051917891 35.211879373062374,32.10515029904294,709.9703850578672 35.21187921121363,32.10515207008604,704.2180411364992 35.21193128862974,32.105123129879026,704.7880654615612 35.21186062229547,32.10509903637145,702.5827235844822 35.211826835801304,32.104980259536134,694.2550430315945 35.21180906239133,32.104991143781454,696.482048538383 35.209829444635,32.10273184772936,704.7245691759529</coordinates>
            </LineString>
        </Placemark>
        <Folder id="179">
            <name>Points (1 every 86s)</name>
            <Placemark id="181">
                <name>06:44:26 • 0.2 m/s</name>
                <description>UTC: 2026-03-22T06:44:26.416Z
Position: 32.168852°, 34.813310°, 31.1 m
Speed: 0.25 m/s (0.9 km/h)
  vx = +0.18 m/s
  vy = +0.15 m/s
  vz = -0.08 m/s
Satellites: 5</description>
                <TimeStamp id="182">
                    <when>2026-03-22T06:44:26.416Z</when>
                </TimeStamp>
                <Point id="180">
                    <coordinates>34.813309836275415,32.16885238140358,31.05580996349454</coordinates>
                    <altitudeMode>absolute</altitudeMode>
                </Point>
            </Placemark>
            <Placemark id="184">
                <name>06:45:52 • 4.3 m/s</name>
                <description>UTC: 2026-03-22T06:45:52.416Z
Position: 32.168781°, 34.812852°, 37.3 m
Speed: 4.25 m/s (15.3 km/h)
  vx = +2.18 m/s
  vy = -3.65 m/s
  vz = +0.13 m/s
Satellites: 7</description>
                <TimeStamp id="185">
                    <when>2026-03-22T06:45:52.416Z</when>
                </TimeStamp>
                <Point id="183">
                    <coordinates>34.812852457394996,32.16878140761653,37.343611435753296</coordinates>
                    <altitudeMode>absolute</altitudeMode>
                </Point>
            </Placemark>
            <Placemark id="187">
                <name>06:47:18 • 6.4 m/s</name>
                <description>UTC: 2026-03-22T06:47:18.416Z
Position: 32.166903°, 34.808677°, 27.4 m
Speed: 6.40 m/s (23.0 km/h)
  vx = +2.29 m/s
  vy = -5.50 m/s
  vz = +2.34 m/s
Satellites: 7</description>
                <TimeStamp id="188">
                    <when>2026-03-22T06:47:18.416Z</when>
                </TimeStamp>
                <Point id="186">
                    <coordinates>34.808677259917005,32.166902867532976,27.350449611906186</coordinates>
                    <altitudeMode>absolute</altitudeMode>
                </Point>
            </Placemark>
            <Placemark id="190">
                <name>06:48:44 • 1.3 m/s</name>
                <description>UTC: 2026-03-22T06:48:44.416Z
Position: 32.165870°, 34.810589°, 355.9 m
Speed: 1.27 m/s (4.6 km/h)
  vx = +0.50 m/s
  vy = +0.28 m/s
  vz = -1.13 m/s
Satellites: 7</description>
                <TimeStamp id="191">
                    <when>2026-03-22T06:48:44.416Z</when>
                </TimeStamp>
                <Point id="189">
                    <coordinates>34.810589429000345,32.16586950769596,355.87616881816956</coordinates>
                    <altitudeMode>absolute</altitudeMode>
                </Point>
            </Placemark>
            <Placemark id="193">
                <name>06:50:10 • 0.6 m/s</name>
                <description>UTC: 2026-03-22T06:50:10.416Z
Position: 32.163369°, 34.806183°, 45.5 m
Speed: 0.62 m/s (2.2 km/h)
  vx = +0.48 m/s
  vy = -0.06 m/s
  vz = +0.39 m/s
Satellites: 7</description>
                <TimeStamp id="194">
                    <when>2026-03-22T06:50:10.416Z</when>
                </TimeStamp>
                <Point id="192">
                    <coordinates>34.806183400998364,32.16336893517825,45.45571417212446</coordinates>
                    <altitudeMode>absolute</altitudeMode>
                </Point>
            </Placemark>
            <Placemark id="196">
                <name>06:51:36 • 13.4 m/s</name>
                <description>UTC: 2026-03-22T06:51:36.416Z
Position: 32.156113°, 34.802412°, 70.4 m
Speed: 13.43 m/s (48.3 km/h)
  vx = +8.87 m/s
  vy = -1.16 m/s
  vz = -10.01 m/s
Satellites: 7</description>
                <TimeStamp id="197">
                    <when>2026-03-22T06:51:36.416Z</when>
                </TimeStamp>
                <Point id="195">
                    <coordinates>34.80241234201492,32.156113361484685,70.39113300544741</coordinates>
                    <altitudeMode>absolute</altitudeMode>
                </Point>
            </Placemark>
            <Placemark id="199">
                <name>06:53:02 • 11.9 m/s</name>
                <description>UTC: 2026-03-22T06:53:02.416Z
Position: 32.153364°, 34.806209°, 48.1 m
Speed: 11.85 m/s (42.7 km/h)
  vx = +3.42 m/s
  vy = +6.29 m/s
  vz = -9.45 m/s
Satellites: 8</description>
                <TimeStamp id="200">
                    <when>2026-03-22T06:53:02.416Z</when>
                </TimeStamp>
                <Point id="198">
                    <coordinates>34.806209338198784,32.15336403758316,48.10432739440188</coordinates>
                    <altitudeMode>absolute</altitudeMode>
                </Point>
            </Placemark>
            <Placemark id="202">
                <name>06:55:54 • 27.0 m/s</name>
                <description>UTC: 2026-03-22T06:55:54.416Z
Position: 32.138452°, 34.820436°, 29.2 m
Speed: 27.04 m/s (97.3 km/h)
  vx = -12.53 m/s
  vy = +23.46 m/s
  vz = -4.87 m/s
Satellites: 5</description>
                <TimeStamp id="203">
                    <when>2026-03-22T06:55:54.416Z</when>
                </TimeStamp>
                <Point id="201">
                    <coordinates>34.82043601904586,32.13845215049044,29.204754208099168</coordinates>
                    <altitudeMode>absolute</altitudeMode>
                </Point>
            </Placemark>
            <Placemark id="205">
                <name>06:57:20 • 24.8 m/s</name>
                <description>UTC: 2026-03-22T06:57:20.416Z
Position: 32.130088°, 34.842427°, 90.7 m
Speed: 24.79 m/s (89.2 km/h)
  vx = -8.16 m/s
  vy = +21.45 m/s
  vz = -9.35 m/s
Satellites: 8</description>
                <TimeStamp id="206">
                    <when>2026-03-22T06:57:20.416Z</when>
                </TimeStamp>
                <Point id="204">
                    <coordinates>34.84242699790906,32.130088041924346,90.67552806550763</coordinates>
                    <altitudeMode>absolute</altitudeMode>
                </Point>
            </Placemark>
            <Placemark id="208">
                <name>06:58:46 • 26.0 m/s</name>
                <description>UTC: 2026-03-22T06:58:46.416Z
Position: 32.121388°, 34.862988°, 28.4 m
Speed: 25.96 m/s (93.5 km/h)
  vx = -12.23 m/s
  vy = +21.56 m/s
  vz = -7.72 m/s
Satellites: 5</description>
                <TimeStamp id="209">
                    <when>2026-03-22T06:58:46.416Z</when>
                </TimeStamp>
                <Point id="207">
                    <coordinates>34.86298768288174,32.1213878247843,28.42181066444654</coordinates>
                    <altitudeMode>absolute</altitudeMode>
                </Point>
            </Placemark>
            <Placemark id="211">
                <name>07:00:12 • 26.0 m/s</name>
                <description>UTC: 2026-03-22T07:00:12.416Z
Position: 32.119499°, 34.884376°, 38.4 m
Speed: 26.04 m/s (93.7 km/h)
  vx = -18.73 m/s
  vy = +13.47 m/s
  vz = +12.08 m/s
Satellites: 5</description>
                <TimeStamp id="212">
                    <when>2026-03-22T07:00:12.416Z</when>
                </TimeStamp>
                <Point id="210">
                    <coordinates>34.88437601847757,32.11949866140636,38.36415894839571</coordinates>
                    <altitudeMode>absolute</altitudeMode>
                </Point>
            </Placemark>
            <Placemark id="214">
                <name>07:04:30 • 23.1 m/s</name>
                <description>UTC: 2026-03-22T07:04:30.416Z
Position: 32.112616°, 34.952286°, 55.7 m
Speed: 23.06 m/s (83.0 km/h)
  vx = -8.83 m/s
  vy = +20.22 m/s
  vz = -6.71 m/s
Satellites: 6</description>
                <TimeStamp id="215">
                    <when>2026-03-22T07:04:30.416Z</when>
                </TimeStamp>
                <Point id="213">
                    <coordinates>34.952285691839684,32.112615768628906,55.74733089902013</coordinates>
                    <altitudeMode>absolute</altitudeMode>
                </Point>
            </Placemark>
            <Placemark id="217">
                <name>07:05:56 • 24.7 m/s</name>
                <description>UTC: 2026-03-22T07:05:56.416Z
Position: 32.102367°, 34.971581°, 130.9 m
Speed: 24.72 m/s (89.0 km/h)
  vx = -10.87 m/s
  vy = +21.49 m/s
  vz = -5.58 m/s
Satellites: 6</description>
                <TimeStamp id="218">
                    <when>2026-03-22T07:05:56.416Z</when>
                </TimeStamp>
                <Point id="216">
                    <coordinates>34.97158102328067,32.10236743136047,130.85606219919043</coordinates>
                    <altitudeMode>absolute</altitudeMode>
                </Point>
            </Placemark>
            <Placemark id="220">
                <name>07:07:22 • 26.3 m/s</name>
                <description>UTC: 2026-03-22T07:07:22.416Z
Position: 32.105677°, 34.994269°, 100.0 m
Speed: 26.34 m/s (94.8 km/h)
  vx = -18.32 m/s
  vy = +15.82 m/s
  vz = +10.39 m/s
Satellites: 7</description>
                <TimeStamp id="221">
                    <when>2026-03-22T07:07:22.416Z</when>
                </TimeStamp>
                <Point id="219">
                    <coordinates>34.994269198465126,32.10567672451779,100.02982047226162</coordinates>
                    <altitudeMode>absolute</altitudeMode>
                </Point>
            </Placemark>
            <Placemark id="223">
                <name>07:08:48 • 26.5 m/s</name>
                <description>UTC: 2026-03-22T07:08:48.416Z
Position: 32.107824°, 35.017320°, 172.9 m
Speed: 26.55 m/s (95.6 km/h)
  vx = -13.29 m/s
  vy = +22.65 m/s
  vz = -3.88 m/s
Satellites: 6</description>
                <TimeStamp id="224">
                    <when>2026-03-22T07:08:48.416Z</when>
                </TimeStamp>
                <Point id="222">
                    <coordinates>35.017320196925745,32.10782387657924,172.85443231300474</coordinates>
                    <altitudeMode>absolute</altitudeMode>
                </Point>
            </Placemark>
            <Placemark id="226">
                <name>07:10:14 • 24.5 m/s</name>
                <description>UTC: 2026-03-22T07:10:14.416Z
Position: 32.100353°, 35.039514°, 232.6 m
Speed: 24.48 m/s (88.1 km/h)
  vx = -14.68 m/s
  vy = +19.35 m/s
  vz = +3.03 m/s
Satellites: 6</description>
                <TimeStamp id="227">
                    <when>2026-03-22T07:10:14.416Z</when>
                </TimeStamp>
                <Point id="225">
                    <coordinates>35.03951430751721,32.10035278669674,232.64087752345</coordinates>
                    <altitudeMode>absolute</altitudeMode>
                </Point>
            </Placemark>
            <Placemark id="229">
                <name>07:11:40 • 27.8 m/s</name>
                <description>UTC: 2026-03-22T07:11:40.416Z
Position: 32.099453°, 35.063140°, 318.0 m
Speed: 27.78 m/s (100.0 km/h)
  vx = -11.58 m/s
  vy = +24.72 m/s
  vz = -5.16 m/s
Satellites: 5</description>
                <TimeStamp id="230">
                    <when>2026-03-22T07:11:40.416Z</when>
                </TimeStamp>
                <Point id="228">
                    <coordinates>35.063140274018586,32.09945339231342,318.0131618005067</coordinates>
                    <altitudeMode>absolute</altitudeMode>
                </Point>
            </Placemark>
            <Placemark id="232">
                <name>07:13:06 • 27.0 m/s</name>
                <description>UTC: 2026-03-22T07:13:06.416Z
Position: 32.093486°, 35.085025°, 417.2 m
Speed: 26.96 m/s (97.0 km/h)
  vx = -9.92 m/s
  vy = +24.27 m/s
  vz = -6.27 m/s
Satellites: 5</description>
                <TimeStamp id="233">
                    <when>2026-03-22T07:13:06.416Z</when>
                </TimeStamp>
                <Point id="231">
                    <coordinates>35.08502464185297,32.09348593041519,417.2012067141343</coordinates>
                    <altitudeMode>absolute</altitudeMode>
                </Point>
            </Placemark>
            <Placemark id="235">
                <name>07:14:32 • 27.2 m/s</name>
                <description>UTC: 2026-03-22T07:14:32.416Z
Position: 32.094467°, 35.110488°, 355.8 m
Speed: 27.24 m/s (98.1 km/h)
  vx = -19.68 m/s
  vy = +15.12 m/s
  vz = +11.24 m/s
Satellites: 7</description>
                <TimeStamp id="236">
                    <when>2026-03-22T07:14:32.416Z</when>
                </TimeStamp>
                <Point id="234">
                    <coordinates>35.11048840561733,32.09446651287128,355.75924371807605</coordinates>
                    <altitudeMode>absolute</altitudeMode>
                </Point>
            </Placemark>
            <Placemark id="238">
                <name>07:15:58 • 26.3 m/s</name>
                <description>UTC: 2026-03-22T07:15:58.416Z
Position: 32.105554°, 35.130414°, 404.4 m
Speed: 26.30 m/s (94.7 km/h)
  vx = -18.48 m/s
  vy = +15.28 m/s
  vz = +10.79 m/s
Satellites: 7</description>
                <TimeStamp id="239">
                    <when>2026-03-22T07:15:58.416Z</when>
                </TimeStamp>
                <Point id="237">
                    <coordinates>35.13041371527572,32.105553987123386,404.4380323598454</coordinates>
                    <altitudeMode>absolute</altitudeMode>
                </Point>
            </Placemark>
            <Placemark id="241">
                <name>07:17:24 • 23.5 m/s</name>
                <description>UTC: 2026-03-22T07:17:24.416Z
Position: 32.109336°, 35.145364°, 451.1 m
Speed: 23.47 m/s (84.5 km/h)
  vx = -11.90 m/s
  vy = +20.18 m/s
  vz = -1.45 m/s
Satellites: 6</description>
                <TimeStamp id="242">
                    <when>2026-03-22T07:17:24.416Z</when>
                </TimeStamp>
                <Point id="240">
                    <coordinates>35.14536442598458,32.109335998531414,451.0991657143197</coordinates>
                    <altitudeMode>absolute</altitudeMode>
                </Point>
            </Placemark>
            <Placemark id="244">
                <name>07:18:50 • 8.2 m/s</name>
                <description>UTC: 2026-03-22T07:18:50.416Z
Position: 32.109095°, 35.165021°, 526.5 m
Speed: 8.22 m/s (29.6 km/h)
  vx = +0.10 m/s
  vy = +6.03 m/s
  vz = -5.59 m/s
Satellites: 7</description>
                <TimeStamp id="245">
                    <when>2026-03-22T07:18:50.416Z</when>
                </TimeStamp>
                <Point id="243">
                    <coordinates>35.16502090544983,32.10909468277388,526.4682540752015</coordinates>
                    <altitudeMode>absolute</altitudeMode>
                </Point>
            </Placemark>
            <Placemark id="247">
                <name>07:20:16 • 20.0 m/s</name>
                <description>UTC: 2026-03-22T07:20:16.416Z
Position: 32.100205°, 35.166602°, 497.7 m
Speed: 19.98 m/s (71.9 km/h)
  vx = -7.17 m/s
  vy = +17.32 m/s
  vz = -6.92 m/s
Satellites: 6</description>
                <TimeStamp id="248">
                    <when>2026-03-22T07:20:16.416Z</when>
                </TimeStamp>
                <Point id="246">
                    <coordinates>35.1666021902881,32.100205210242954,497.69772149229834</coordinates>
                    <altitudeMode>absolute</altitudeMode>
                </Point>
            </Placemark>
            <Placemark id="250">
                <name>07:21:42 • 5.7 m/s</name>
                <description>UTC: 2026-03-22T07:21:42.416Z
Position: 32.102500°, 35.179068°, 587.4 m
Speed: 5.75 m/s (20.7 km/h)
  vx = -1.84 m/s
  vy = +5.08 m/s
  vz = +1.98 m/s
Satellites: 6</description>
                <TimeStamp id="251">
                    <when>2026-03-22T07:21:42.416Z</when>
                </TimeStamp>
                <Point id="249">
                    <coordinates>35.1790681663788,32.102499702045094,587.3740837625099</coordinates>
                    <altitudeMode>absolute</altitudeMode>
                </Point>
            </Placemark>
            <Placemark id="253">
                <name>07:23:08 • 20.3 m/s</name>
                <description>UTC: 2026-03-22T07:23:08.416Z
Position: 32.102723°, 35.192549°, 612.2 m
Speed: 20.29 m/s (73.0 km/h)
  vx = -8.06 m/s
  vy = +17.78 m/s
  vz = -5.52 m/s
Satellites: 5</description>
                <TimeStamp id="254">
                    <when>2026-03-22T07:23:08.416Z</when>
                </TimeStamp>
                <Point id="252">
                    <coordinates>35.19254895571397,32.102722961186124,612.2417653926411</coordinates>
                    <altitudeMode>absolute</altitudeMode>
                </Point>
            </Placemark>
            <Placemark id="256">
                <name>07:26:00 • 10.1 m/s</name>
                <description>UTC: 2026-03-22T07:26:00.416Z
Position: 32.104235°, 35.212857°, 652.2 m
Speed: 10.10 m/s (36.4 km/h)
  vx = -7.24 m/s
  vy = +4.05 m/s
  vz = +5.75 m/s
Satellites: 5</description>
                <TimeStamp id="257">
                    <when>2026-03-22T07:26:00.416Z</when>
                </TimeStamp>
                <Point id="255">
                    <coordinates>35.21285740826005,32.10423481233939,652.2246954639116</coordinates>
                    <altitudeMode>absolute</altitudeMode>
                </Point>
            </Placemark>
            <Placemark id="259">
                <name>07:27:44 • 0.7 m/s</name>
                <description>UTC: 2026-03-22T07:27:44.416Z
Position: 32.102732°, 35.209829°, 704.7 m
Speed: 0.70 m/s (2.5 km/h)
  vx = +0.23 m/s
  vy = +0.59 m/s
  vz = +0.30 m/s
Satellites: 5</description>
                <TimeStamp id="260">
                    <when>2026-03-22T07:27:44.416Z</when>
                </TimeStamp>
                <Point id="258">
                    <coordinates>35.209829444635,32.10273184772936,704.7245691759529</coordinates>
                    <altitudeMode>absolute</altitudeMode>
                </Point>
            </Placemark>
        </Folder>
    </Document>
</kml>
